project,bug_id,tool,detected,rank,mrr,map,duration_seconds,execution_timestamp,comparison_timestamp,cpu_avg_percent,cpu_max_percent,memory_avg_bytes,memory_max_bytes,memory_limit_bytes,network_rx_total_bytes,network_tx_total_bytes,disk_read_total_bytes,disk_write_total_bytes,top@1,top@5,top@10
Chart,1,FlexFL,Yes,5.0,0.2,0.2,N/A,N/A,N/A,N/A,N/A,N/A,N/A,N/A,N/A,N/A,N/A,N/A,0,1,1
Chart,1,boostnsift,Yes,1.0,1.0,1.0,43.391459941864014,2025-11-05T15:01:15.694810,2025-12-22T16:51:23.142561,,,,,,,,,,1,1,1
Chart,1,buglocator,Yes,14.0,0.071429,0.071429,0.0076777935028076,2025-11-15T23:43:32.013111,2025-12-22T16:51:23.142561,,,,,,,,,,0,0,0
Chart,1,locus,Yes,2.0,0.5,0.5,17.648810148239136,2025-11-05T14:02:09.328946,2025-12-22T16:51:23.142561,,,,,,,,,,0,1,1
Chart,2,FlexFL,Yes,1.0,1.0,1.0,N/A,N/A,N/A,N/A,N/A,N/A,N/A,N/A,N/A,N/A,N/A,N/A,1,1,1
Chart,2,boostnsift,Yes,5.0,0.2,0.2,39.549596071243286,2025-11-05T15:04:06.083735,2025-12-22T16:51:23.142561,,,,,,,,,,0,1,1
Chart,2,buglocator,Yes,3.0,0.333333,0.333333,0.0036532878875732,2025-11-15T23:43:32.019583,2025-12-22T16:51:23.142561,,,,,,,,,,0,1,1
Chart,2,locus,No,,0.0,0.0,129.43241262435913,2025-11-05T15:05:34.507780,2025-12-22T16:51:23.142561,,,,,,,,,,0,0,0
Chart,3,FlexFL,Yes,1.0,1.0,1.0,N/A,N/A,N/A,N/A,N/A,N/A,N/A,N/A,N/A,N/A,N/A,N/A,1,1,1
Chart,4,FlexFL,No,,0.0,0.0,N/A,N/A,N/A,N/A,N/A,N/A,N/A,N/A,N/A,N/A,N/A,N/A,0,0,0
Chart,5,FlexFL,Yes,1.0,1.0,1.0,N/A,N/A,N/A,N/A,N/A,N/A,N/A,N/A,N/A,N/A,N/A,N/A,1,1,1
Chart,5,boostnsift,Yes,1.0,1.0,1.0,37.52573871612549,2025-11-05T15:05:38.426055,2025-12-22T16:51:23.142561,,,,,,,,,,1,1,1
Chart,5,buglocator,Yes,1.0,1.0,1.0,0.0021164417266845,2025-11-15T23:43:32.019006,2025-12-22T16:51:23.142561,,,,,,,,,,1,1,1
Chart,5,locus,Yes,1.0,1.0,1.0,54.81646728515625,2025-11-05T15:05:00.900250,2025-12-22T16:51:23.142561,,,,,,,,,,1,1,1
Chart,6,FlexFL,Yes,1.0,1.0,1.0,N/A,N/A,N/A,N/A,N/A,N/A,N/A,N/A,N/A,N/A,N/A,N/A,1,1,1
Chart,7,FlexFL,Yes,1.0,1.0,1.0,N/A,N/A,N/A,N/A,N/A,N/A,N/A,N/A,N/A,N/A,N/A,N/A,1,1,1
Chart,8,FlexFL,Yes,1.0,1.0,1.0,N/A,N/A,N/A,N/A,N/A,N/A,N/A,N/A,N/A,N/A,N/A,N/A,1,1,1
Chart,9,FlexFL,Yes,1.0,1.0,1.0,N/A,N/A,N/A,N/A,N/A,N/A,N/A,N/A,N/A,N/A,N/A,N/A,1,1,1
Chart,9,boostnsift,Yes,1.0,1.0,1.0,36.4014790058136,2025-11-05T15:06:14.827586,2025-12-22T16:51:23.142561,,,,,,,,,,1,1,1
Chart,9,buglocator,Yes,1.0,1.0,1.0,0.0017635822296142,2025-11-15T23:43:32.020830,2025-12-22T16:51:23.142561,,,,,,,,,,1,1,1
Chart,9,locus,Yes,1.0,1.0,1.0,44.85454344749451,2025-11-05T15:06:19.362387,2025-12-22T16:51:23.142561,,,,,,,,,,1,1,1
Chart,10,FlexFL,Yes,1.0,1.0,1.0,N/A,N/A,N/A,N/A,N/A,N/A,N/A,N/A,N/A,N/A,N/A,N/A,1,1,1
Chart,11,FlexFL,Yes,1.0,1.0,1.0,N/A,N/A,N/A,N/A,N/A,N/A,N/A,N/A,N/A,N/A,N/A,N/A,1,1,1
Chart,11,boostnsift,Yes,1.0,1.0,1.0,36.716718912124634,2025-11-05T15:01:34.123623,2025-12-22T16:51:23.142561,,,,,,,,,,1,1,1
Chart,11,buglocator,Yes,1.0,1.0,1.0,0.0041604042053222,2025-11-15T23:43:32.011549,2025-12-22T16:51:23.142561,,,,,,,,,,1,1,1
Chart,11,locus,No,,0.0,0.0,6.656730890274048,2025-11-05T11:11:40.504625,2025-12-22T16:51:23.142561,,,,,,,,,,0,0,0
Chart,12,FlexFL,Yes,3.0,0.3333333333333333,0.3333333333333333,N/A,N/A,N/A,N/A,N/A,N/A,N/A,N/A,N/A,N/A,N/A,N/A,0,1,1
Chart,12,boostnsift,Yes,2.0,0.5,0.5,37.096739768981934,2025-11-05T15:02:11.220417,2025-12-22T16:51:23.142561,,,,,,,,,,0,1,1
Chart,12,buglocator,Yes,1.0,1.0,1.0,0.0029597282409667,2025-11-15T23:43:32.014547,2025-12-22T16:51:23.142561,,,,,,,,,,1,1,1
Chart,12,locus,No,,0.0,0.0,50.69382166862488,2025-11-05T15:02:06.388679,2025-12-22T16:51:23.142561,,,,,,,,,,0,0,0
Chart,13,FlexFL,Yes,1.0,1.0,1.0,N/A,N/A,N/A,N/A,N/A,N/A,N/A,N/A,N/A,N/A,N/A,N/A,1,1,1
Chart,14,FlexFL,Yes,1.0,1.0,1.0,N/A,N/A,N/A,N/A,N/A,N/A,N/A,N/A,N/A,N/A,N/A,N/A,1,1,1
Chart,15,FlexFL,Yes,1.0,1.0,1.0,N/A,N/A,N/A,N/A,N/A,N/A,N/A,N/A,N/A,N/A,N/A,N/A,1,1,1
Chart,16,FlexFL,Yes,1.0,1.0,1.0,N/A,N/A,N/A,N/A,N/A,N/A,N/A,N/A,N/A,N/A,N/A,N/A,1,1,1
Chart,16,boostnsift,Yes,1.0,1.0,1.0,35.96269369125366,2025-11-05T15:02:47.183168,2025-12-22T16:51:23.142561,,,,,,,,,,1,1,1
Chart,16,buglocator,Yes,1.0,1.0,1.0,0.0037224292755126,2025-11-15T23:43:32.016866,2025-12-22T16:51:23.142561,,,,,,,,,,1,1,1
Chart,16,locus,Yes,1.0,1.0,1.0,43.24803876876831,2025-11-05T15:02:49.636771,2025-12-22T16:51:23.142561,,,,,,,,,,1,1,1
Chart,17,FlexFL,Yes,2.0,0.5,0.5,N/A,N/A,N/A,N/A,N/A,N/A,N/A,N/A,N/A,N/A,N/A,N/A,1,1,1
Chart,17,boostnsift,Yes,1.0,1.0,1.0,36.897265911102295,2025-11-05T15:03:26.534088,2025-12-22T16:51:23.142561,,,,,,,,,,1,1,1
Chart,17,buglocator,Yes,1.0,1.0,1.0,0.0013225078582763,2025-11-15T23:43:32.015898,2025-12-22T16:51:23.142561,,,,,,,,,,1,1,1
Chart,17,locus,Yes,1.0,1.0,1.0,37.892099142074585,2025-11-05T15:03:25.075314,2025-12-22T16:51:23.142561,,,,,,,,,,1,1,1
Chart,18,FlexFL,Yes,1.0,1.0,1.0,N/A,N/A,N/A,N/A,N/A,N/A,N/A,N/A,N/A,N/A,N/A,N/A,1,1,1
Chart,19,FlexFL,Yes,5.0,0.2,0.1,N/A,N/A,N/A,N/A,N/A,N/A,N/A,N/A,N/A,N/A,N/A,N/A,1,1,1
Chart,20,FlexFL,Yes,1.0,1.0,1.0,N/A,N/A,N/A,N/A,N/A,N/A,N/A,N/A,N/A,N/A,N/A,N/A,1,1,1
Chart,21,FlexFL,Yes,1.0,1.0,0.5,N/A,N/A,N/A,N/A,N/A,N/A,N/A,N/A,N/A,N/A,N/A,N/A,1,1,1
Chart,22,FlexFL,Yes,1.0,1.0,0.4166666666666666,N/A,N/A,N/A,N/A,N/A,N/A,N/A,N/A,N/A,N/A,N/A,N/A,1,1,1
Chart,23,FlexFL,No,,0.0,0.0,N/A,N/A,N/A,N/A,N/A,N/A,N/A,N/A,N/A,N/A,N/A,N/A,0,0,0
Chart,24,FlexFL,Yes,1.0,1.0,1.0,N/A,N/A,N/A,N/A,N/A,N/A,N/A,N/A,N/A,N/A,N/A,N/A,1,1,1
Chart,25,FlexFL,Yes,1.0,1.0,1.0,N/A,N/A,N/A,N/A,N/A,N/A,N/A,N/A,N/A,N/A,N/A,N/A,1,1,1
Chart,26,FlexFL,No,,0.0,0.0,N/A,N/A,N/A,N/A,N/A,N/A,N/A,N/A,N/A,N/A,N/A,N/A,0,0,0
Cli,1,FlexFL,Yes,1.0,1.0,1.0,N/A,N/A,N/A,N/A,N/A,N/A,N/A,N/A,N/A,N/A,N/A,N/A,1,1,1
Cli,1,boostnsift,Yes,6.0,0.166667,0.166667,9.538583040237429,2025-11-07T09:25:19.021572,2025-12-22T16:51:24.118642,68.925,137.85,60240691.0,120481382.0,134861973094.0,536.0,0.0,0.0,0.0,0,0,1
Cli,1,buglocator,Yes,1.0,1.0,1.0,0.0054609775543212,2025-11-15T23:39:49.625355,2025-12-22T16:51:24.118642,,,,,,,,,,1,1,1
Cli,1,locus,Yes,1.0,1.0,1.0,19.666271448135376,2025-11-07T09:43:57.718085,2025-12-22T16:51:24.118642,,,,,,,,,,1,1,1
Cli,2,FlexFL,Yes,1.0,1.0,1.0,N/A,N/A,N/A,N/A,N/A,N/A,N/A,N/A,N/A,N/A,N/A,N/A,1,1,1
Cli,2,boostnsift,Yes,1.0,1.0,1.0,9.589686393737791,2025-11-07T09:26:07.786513,2025-12-22T16:51:24.118642,29.075,52.94,152185077.5,276824064.0,134861973094.0,516.0,0.0,0.0,0.0,1,1,1
Cli,2,buglocator,Yes,11.0,0.090909,0.090909,4.207401514053345,2025-11-16T00:45:54.859952,2025-12-22T16:51:24.118642,0.0,0.0,0.0,0.0,0.0,0.0,0.0,0.0,0.0,0,0,0
Cli,2,locus,Yes,5.0,0.2,0.2,7.583317518234253,2025-11-07T09:44:40.528787,2025-12-22T16:51:24.118642,,,,,,,,,,0,1,1
Cli,3,FlexFL,No,,0.0,0.0,N/A,N/A,N/A,N/A,N/A,N/A,N/A,N/A,N/A,N/A,N/A,N/A,0,0,0
Cli,3,boostnsift,Yes,9.0,0.111111,0.111111,9.341210126876833,2025-11-07T09:27:00.919103,2025-12-22T16:51:24.118642,6.755,13.51,15340666.5,30681333.0,134861973094.0,486.0,0.0,0.0,0.0,0,0,1
Cli,3,buglocator,Yes,9.0,0.111111,0.111111,4.210465431213379,2025-11-16T00:46:18.140148,2025-12-22T16:51:24.118642,0.0,0.0,0.0,0.0,0.0,0.0,0.0,0.0,0.0,0,0,1
Cli,3,locus,Yes,15.0,0.066667,0.066667,5.594307899475098,2025-11-07T09:45:35.862525,2025-12-22T16:51:24.118642,,,,,,,,,,0,0,0
Cli,4,FlexFL,Yes,3.0,0.3333333333333333,0.3333333333333333,N/A,N/A,N/A,N/A,N/A,N/A,N/A,N/A,N/A,N/A,N/A,N/A,0,1,1
Cli,4,boostnsift,Yes,2.0,0.5,0.5,8.781509637832642,2025-11-07T09:27:50.435487,2025-12-22T16:51:24.118642,5.72,11.44,15419310.0,30838620.0,134861973094.0,266.0,0.0,0.0,0.0,0,1,1
Cli,4,buglocator,Yes,4.0,0.25,0.25,4.242783784866333,2025-11-16T00:46:41.495363,2025-12-22T16:51:24.118642,0.0,0.0,0.0,0.0,0.0,0.0,0.0,0.0,0.0,0,1,1
Cli,4,locus,Yes,7.0,0.142857,0.142857,5.784815549850464,2025-11-07T09:46:13.928297,2025-12-22T16:51:24.118642,,,,,,,,,,0,0,1
Cli,5,FlexFL,Yes,1.0,1.0,1.0,N/A,N/A,N/A,N/A,N/A,N/A,N/A,N/A,N/A,N/A,N/A,N/A,1,1,1
Cli,5,boostnsift,Yes,8.0,0.125,0.125,9.140570878982544,2025-11-07T09:27:59.580376,2025-12-22T16:51:24.118642,6.58,13.16,15524167.5,31048335.0,134861973094.0,426.0,0.0,0.0,0.0,0,0,1
Cli,5,buglocator,Yes,9.0,0.111111,0.111111,4.2287397384643555,2025-11-16T00:46:45.724552,2025-12-22T16:51:24.118642,0.0,0.0,0.0,0.0,0.0,0.0,0.0,0.0,0.0,0,0,1
Cli,5,locus,Yes,3.0,0.333333,0.333333,10.3700053691864,2025-11-07T09:46:26.117101,2025-12-22T16:51:24.118642,,,,,,,,,,0,1,1
Cli,7,FlexFL,No,,0.0,0.0,N/A,N/A,N/A,N/A,N/A,N/A,N/A,N/A,N/A,N/A,N/A,N/A,0,0,0
Cli,7,boostnsift,Yes,29.0,0.034483,0.034483,9.707533597946169,2025-11-07T09:28:07.227409,2025-12-22T16:51:24.118642,41.709999999999994,72.13,149180907.5,267386880.0,134861973094.0,736.0,0.0,0.0,,0,0,0
Cli,7,buglocator,Yes,55.0,0.018182,0.018182,4.3172688484191895,2025-11-16T00:46:48.027864,2025-12-22T16:51:24.118642,0.0,0.0,0.0,0.0,0.0,0.0,0.0,0.0,0.0,0,0,0
Cli,7,locus,No,,0.0,0.0,8.871518611907959,2025-11-07T09:46:31.493610,2025-12-22T16:51:24.118642,,,,,,,,,,0,0,0
Cli,8,FlexFL,Yes,1.0,1.0,1.0,N/A,N/A,N/A,N/A,N/A,N/A,N/A,N/A,N/A,N/A,N/A,N/A,1,1,1
Cli,8,boostnsift,Yes,1.0,1.0,1.0,9.765016555786133,2025-11-07T09:28:09.367671,2025-12-22T16:51:24.118642,6.555,13.11,15377367.0,30754734.0,134861973094.0,266.0,0.0,0.0,0.0,1,1,1
Cli,8,buglocator,Yes,1.0,1.0,1.0,4.307786464691162,2025-11-16T00:46:50.033042,2025-12-22T16:51:24.118642,0.0,0.0,0.0,0.0,0.0,0.0,0.0,0.0,0.0,1,1,1
Cli,8,locus,Yes,1.0,1.0,1.0,11.260704040527344,2025-11-07T09:46:37.381106,2025-12-22T16:51:24.118642,,,,,,,,,,1,1,1
Cli,9,FlexFL,Yes,1.0,1.0,1.0,N/A,N/A,N/A,N/A,N/A,N/A,N/A,N/A,N/A,N/A,N/A,N/A,1,1,1
Cli,9,boostnsift,Yes,1.0,1.0,1.0,8.642167091369629,2025-11-07T09:28:15.872976,2025-12-22T16:51:24.118642,8.62,17.24,15587082.0,31174164.0,134861973094.0,486.0,0.0,0.0,0.0,1,1,1
Cli,9,buglocator,Yes,1.0,1.0,1.0,4.201379299163818,2025-11-16T00:46:52.229989,2025-12-22T16:51:24.118642,0.0,0.0,0.0,0.0,0.0,0.0,0.0,0.0,0.0,1,1,1
Cli,9,locus,Yes,1.0,1.0,1.0,11.215731382369995,2025-11-07T09:46:42.713803,2025-12-22T16:51:24.118642,,,,,,,,,,1,1,1
Cli,10,FlexFL,Yes,2.0,0.5,0.5,N/A,N/A,N/A,N/A,N/A,N/A,N/A,N/A,N/A,N/A,N/A,N/A,0,1,1
Cli,10,boostnsift,Yes,1.0,1.0,1.0,8.537782192230225,2025-11-07T09:25:18.032534,2025-12-22T16:51:24.118642,3.26,6.52,14129561.5,28259123.0,134861973094.0,486.0,0.0,0.0,0.0,1,1,1
Cli,10,buglocator,Yes,9.0,0.111111,0.111111,0.0058832168579101,2025-11-15T23:39:49.626732,2025-12-22T16:51:24.118642,,,,,,,,,,0,0,1
Cli,10,locus,Yes,3.0,0.333333,0.333333,12.10680365562439,2025-11-07T09:43:50.174508,2025-12-22T16:51:24.118642,,,,,,,,,,0,1,1
Cli,11,FlexFL,No,,0.0,0.0,N/A,N/A,N/A,N/A,N/A,N/A,N/A,N/A,N/A,N/A,N/A,N/A,0,0,0
Cli,11,boostnsift,Yes,4.0,0.25,0.25,8.810432434082031,2025-11-07T09:25:26.864946,2025-12-22T16:51:24.118642,4.795,9.59,14742978.5,29485957.0,134861973094.0,486.0,0.0,0.0,0.0,0,1,1
Cli,11,buglocator,Yes,3.0,0.333333,0.333333,0.0024249553680419,2025-11-15T23:39:49.627812,2025-12-22T16:51:24.118642,,,,,,,,,,0,1,1
Cli,11,locus,Yes,1.0,1.0,1.0,6.510647296905518,2025-11-07T09:43:56.689011,2025-12-22T16:51:24.118642,,,,,,,,,,1,1,1
Cli,12,FlexFL,No,,0.0,0.0,N/A,N/A,N/A,N/A,N/A,N/A,N/A,N/A,N/A,N/A,N/A,N/A,0,0,0
Cli,12,boostnsift,Yes,5.0,0.2,0.2,8.796995639801025,2025-11-07T09:25:27.821954,2025-12-22T16:51:24.118642,9.985,19.97,16819159.0,33638318.0,134861973094.0,376.0,0.0,0.0,0.0,0,1,1
Cli,12,buglocator,Yes,15.0,0.066667,0.066667,0.0023856163024902,2025-11-15T23:39:49.629200,2025-12-22T16:51:24.118642,,,,,,,,,,0,0,0
Cli,12,locus,Yes,6.0,0.166667,0.166667,5.709444046020508,2025-11-07T09:44:02.402435,2025-12-22T16:51:24.118642,,,,,,,,,,0,0,1
Cli,13,FlexFL,Yes,3.0,0.3333333333333333,0.3333333333333333,N/A,N/A,N/A,N/A,N/A,N/A,N/A,N/A,N/A,N/A,N/A,N/A,0,1,1
Cli,13,boostnsift,Yes,4.0,0.25,0.25,9.802863836288452,2025-11-07T09:25:36.671748,2025-12-22T16:51:24.118642,4.89,9.78,15193866.0,30387732.0,134861973094.0,486.0,0.0,0.0,0.0,0,1,1
Cli,13,buglocator,Yes,4.0,0.25,0.375,0.0021967887878417,2025-11-15T23:39:49.630033,2025-12-22T16:51:24.118642,,,,,,,,,,0,1,1
Cli,13,locus,No,,0.0,0.0,9.748762130737305,2025-11-07T09:44:07.470572,2025-12-22T16:51:24.118642,,,,,,,,,,0,0,0
Cli,14,FlexFL,No,,0.0,0.0,N/A,N/A,N/A,N/A,N/A,N/A,N/A,N/A,N/A,N/A,N/A,N/A,0,0,0
Cli,14,boostnsift,Yes,11.0,0.090909,0.090909,10.822673797607422,2025-11-07T09:25:38.648438,2025-12-22T16:51:24.118642,6.6,13.2,15524167.5,31048335.0,134861973094.0,266.0,0.0,0.0,0.0,0,0,0
Cli,14,buglocator,Yes,57.0,0.017544,0.017544,0.0045013427734375,2025-11-15T23:39:49.633764,2025-12-22T16:51:24.118642,,,,,,,,,,0,0,0
Cli,14,locus,No,,0.0,0.0,11.211214542388916,2025-11-07T09:44:13.616843,2025-12-22T16:51:24.118642,,,,,,,,,,0,0,0
Cli,15,FlexFL,No,,0.0,0.0,N/A,N/A,N/A,N/A,N/A,N/A,N/A,N/A,N/A,N/A,N/A,N/A,0,0,0
Cli,15,boostnsift,Yes,22.0,0.045455,0.045455,10.39322566986084,2025-11-07T09:25:47.085859,2025-12-22T16:51:24.118642,4.575,9.15,14475591.5,28951183.0,134861973094.0,486.0,0.0,0.0,0.0,0,0,0
Cli,15,buglocator,Yes,70.0,0.014286,0.014286,0.0041580200195312,2025-11-15T23:39:49.634297,2025-12-22T16:51:24.118642,,,,,,,,,,0,0,0
Cli,15,locus,No,,0.0,0.0,4.4177539348602295,2025-11-07T09:44:11.888384,2025-12-22T16:51:24.118642,,,,,,,,,,0,0,0
Cli,16,FlexFL,Yes,1.0,1.0,1.0,N/A,N/A,N/A,N/A,N/A,N/A,N/A,N/A,N/A,N/A,N/A,N/A,1,1,1
Cli,16,boostnsift,Yes,22.0,0.045455,0.045455,10.41222333908081,2025-11-07T09:25:49.064243,2025-12-22T16:51:24.118642,6.74,13.48,15345909.5,30691819.0,134861973094.0,426.0,0.0,0.0,0.0,0,0,0
Cli,16,buglocator,Yes,80.0,0.0125,0.0125,0.0048155784606933,2025-11-15T23:39:49.638615,2025-12-22T16:51:24.118642,,,,,,,,,,0,0,0
Cli,16,locus,No,,0.0,0.0,8.811046123504639,2025-11-07T09:44:20.703084,2025-12-22T16:51:24.118642,,,,,,,,,,0,0,0
Cli,17,FlexFL,Yes,1.0,1.0,1.0,N/A,N/A,N/A,N/A,N/A,N/A,N/A,N/A,N/A,N/A,N/A,N/A,1,1,1
Cli,17,boostnsift,Yes,1.0,1.0,1.0,9.104288339614868,2025-11-07T09:25:56.193770,2025-12-22T16:51:24.118642,6.08,12.16,15503196.0,31006392.0,134861973094.0,486.0,0.0,0.0,0.0,1,1,1
Cli,17,buglocator,Yes,1.0,1.0,1.0,0.0030398368835449,2025-11-15T23:39:49.637363,2025-12-22T16:51:24.118642,,,,,,,,,,1,1,1
Cli,17,locus,Yes,1.0,1.0,1.0,12.432084321975708,2025-11-07T09:44:26.052135,2025-12-22T16:51:24.118642,,,,,,,,,,1,1,1
Cli,18,FlexFL,Yes,1.0,1.0,1.0,N/A,N/A,N/A,N/A,N/A,N/A,N/A,N/A,N/A,N/A,N/A,N/A,1,1,1
Cli,18,boostnsift,Yes,1.0,1.0,1.0,9.115132570266724,2025-11-07T09:25:58.182378,2025-12-22T16:51:24.118642,6.915,13.83,15513681.5,31027363.0,134861973094.0,266.0,0.0,0.0,0.0,1,1,1
Cli,18,buglocator,Yes,2.0,0.5,0.5,0.0023245811462402,2025-11-15T23:39:49.639741,2025-12-22T16:51:24.118642,,,,,,,,,,0,1,1
Cli,18,locus,Yes,1.0,1.0,1.0,12.23528528213501,2025-11-07T09:44:32.942086,2025-12-22T16:51:24.118642,,,,,,,,,,1,1,1
Cli,19,FlexFL,Yes,1.0,1.0,1.0,N/A,N/A,N/A,N/A,N/A,N/A,N/A,N/A,N/A,N/A,N/A,N/A,1,1,1
Cli,19,boostnsift,Yes,1.0,1.0,1.0,9.146728515625,2025-11-07T09:26:05.354014,2025-12-22T16:51:24.118642,4.51,9.02,14753464.0,29506928.0,134861973094.0,486.0,0.0,0.0,0.0,1,1,1
Cli,19,buglocator,Yes,2.0,0.5,0.5,4.240947484970093,2025-11-16T00:45:52.680893,2025-12-22T16:51:24.118642,0.0,0.0,0.0,0.0,0.0,0.0,0.0,0.0,0.0,0,1,1
Cli,19,locus,Yes,1.0,1.0,1.0,12.377612352371216,2025-11-07T09:44:38.433414,2025-12-22T16:51:24.118642,,,,,,,,,,1,1,1
Cli,20,FlexFL,Yes,1.0,1.0,1.0,N/A,N/A,N/A,N/A,N/A,N/A,N/A,N/A,N/A,N/A,N/A,N/A,1,1,1
Cli,20,boostnsift,Yes,1.0,1.0,1.0,9.380700826644896,2025-11-07T09:26:14.738005,2025-12-22T16:51:24.118642,5.945,11.89,15823011.5,31646023.0,134861973094.0,266.0,0.0,0.0,0.0,1,1,1
Cli,20,buglocator,Yes,1.0,1.0,1.0,4.234686374664307,2025-11-16T00:45:56.916289,2025-12-22T16:51:24.118642,0.0,0.0,0.0,0.0,0.0,0.0,0.0,0.0,0.0,1,1,1
Cli,20,locus,Yes,1.0,1.0,1.0,12.043623208999634,2025-11-07T09:44:50.480777,2025-12-22T16:51:24.118642,,,,,,,,,,1,1,1
Cli,21,FlexFL,No,,0.0,0.0,N/A,N/A,N/A,N/A,N/A,N/A,N/A,N/A,N/A,N/A,N/A,N/A,0,0,0
Cli,21,boostnsift,Yes,2.0,0.5,0.5,9.756270408630373,2025-11-07T09:26:17.546893,2025-12-22T16:51:24.118642,5.51,11.02,15167651.5,30335303.0,134861973094.0,266.0,0.0,0.0,0.0,0,1,1
Cli,21,buglocator,Yes,56.0,0.017857,0.017857,4.335812330245972,2025-11-16T00:45:59.196661,2025-12-22T16:51:24.118642,0.0,0.0,0.0,0.0,0.0,0.0,0.0,0.0,0.0,0,0,0
Cli,21,locus,No,,0.0,0.0,10.957764387130736,2025-11-07T09:44:51.491369,2025-12-22T16:51:24.118642,,,,,,,,,,0,0,0
Cli,22,FlexFL,Yes,1.0,1.0,0.25,N/A,N/A,N/A,N/A,N/A,N/A,N/A,N/A,N/A,N/A,N/A,N/A,1,1,1
Cli,22,boostnsift,Yes,1.0,1.0,1.0,9.727585315704346,2025-11-07T09:26:24.480599,2025-12-22T16:51:24.118642,12.035,13.28,141730774.5,252392243.0,134861973094.0,736.0,0.0,0.0,0.0,1,1,1
Cli,22,buglocator,Yes,4.0,0.25,0.25,4.265631437301636,2025-11-16T00:46:01.182498,2025-12-22T16:51:24.118642,0.0,0.0,0.0,0.0,0.0,0.0,0.0,0.0,0.0,0,1,1
Cli,22,locus,Yes,3.0,0.333333,0.333333,5.68146824836731,2025-11-07T09:44:56.166644,2025-12-22T16:51:24.118642,,,,,,,,,,0,1,1
Cli,23,FlexFL,Yes,1.0,1.0,1.0,N/A,N/A,N/A,N/A,N/A,N/A,N/A,N/A,N/A,N/A,N/A,N/A,1,1,1
Cli,23,boostnsift,Yes,1.0,1.0,1.0,8.925835847854614,2025-11-07T09:26:26.476315,2025-12-22T16:51:24.118642,4.23,8.46,14821621.5,29643243.0,134861973094.0,266.0,0.0,0.0,0.0,1,1,1
Cli,23,buglocator,Yes,1.0,1.0,1.0,4.207015752792358,2025-11-16T00:46:03.404401,2025-12-22T16:51:24.118642,0.0,0.0,0.0,0.0,0.0,0.0,0.0,0.0,0.0,1,1,1
Cli,23,locus,Yes,1.0,1.0,1.0,13.059091567993164,2025-11-07T09:45:04.554148,2025-12-22T16:51:24.118642,,,,,,,,,,1,1,1
Cli,24,FlexFL,Yes,1.0,1.0,1.0,N/A,N/A,N/A,N/A,N/A,N/A,N/A,N/A,N/A,N/A,N/A,N/A,1,1,1
Cli,24,boostnsift,Yes,1.0,1.0,1.0,9.191767692565918,2025-11-07T09:26:33.675698,2025-12-22T16:51:24.118642,6.495,12.99,15513681.5,31027363.0,134861973094.0,486.0,0.0,0.0,0.0,1,1,1
Cli,24,buglocator,Yes,1.0,1.0,1.0,4.236159563064575,2025-11-16T00:46:05.419797,2025-12-22T16:51:24.118642,0.0,0.0,0.0,0.0,0.0,0.0,0.0,0.0,0.0,1,1,1
Cli,24,locus,Yes,1.0,1.0,1.0,12.06726574897766,2025-11-07T09:45:08.237567,2025-12-22T16:51:24.118642,,,,,,,,,,1,1,1
Cli,25,FlexFL,Yes,1.0,1.0,1.0,N/A,N/A,N/A,N/A,N/A,N/A,N/A,N/A,N/A,N/A,N/A,N/A,1,1,1
Cli,25,boostnsift,Yes,1.0,1.0,1.0,9.224417209625244,2025-11-07T09:26:35.705009,2025-12-22T16:51:24.118642,8.37,16.52,144860774.0,258054553.0,134861973094.0,516.0,0.0,0.0,0.0,1,1,1
Cli,25,buglocator,Yes,1.0,1.0,1.0,4.210161447525024,2025-11-16T00:46:07.615411,2025-12-22T16:51:24.118642,0.0,0.0,0.0,0.0,0.0,0.0,0.0,0.0,0.0,1,1,1
Cli,25,locus,Yes,1.0,1.0,1.0,12.02556610107422,2025-11-07T09:45:16.583222,2025-12-22T16:51:24.118642,,,,,,,,,,1,1,1
Cli,26,FlexFL,Yes,4.0,0.25,0.25,N/A,N/A,N/A,N/A,N/A,N/A,N/A,N/A,N/A,N/A,N/A,N/A,1,1,1
Cli,26,boostnsift,Yes,1.0,1.0,1.0,9.353282928466797,2025-11-07T09:26:43.828011,2025-12-22T16:51:24.118642,6.515,13.03,15298723.5,30597447.0,134861973094.0,646.0,0.0,0.0,0.0,1,1,1
Cli,26,buglocator,Yes,1.0,1.0,1.0,4.21170711517334,2025-11-16T00:46:09.632475,2025-12-22T16:51:24.118642,0.0,0.0,0.0,0.0,0.0,0.0,0.0,0.0,0.0,1,1,1
Cli,26,locus,Yes,1.0,1.0,1.0,4.56702995300293,2025-11-07T09:45:12.804651,2025-12-22T16:51:24.118642,,,,,,,,,,1,1,1
Cli,27,FlexFL,Yes,1.0,1.0,1.0,N/A,N/A,N/A,N/A,N/A,N/A,N/A,N/A,N/A,N/A,N/A,N/A,1,1,1
Cli,27,boostnsift,Yes,2.0,0.5,0.5,9.389070749282835,2025-11-07T09:26:45.109952,2025-12-22T16:51:24.118642,4.99,9.98,14774435.5,29548871.0,134861973094.0,426.0,0.0,0.0,0.0,0,1,1
Cli,27,buglocator,Yes,1.0,1.0,1.0,4.191815376281738,2025-11-16T00:46:11.808068,2025-12-22T16:51:24.118642,0.0,0.0,0.0,0.0,0.0,0.0,0.0,0.0,0.0,1,1,1
Cli,27,locus,Yes,2.0,0.5,0.5,4.739645957946777,2025-11-07T09:45:17.544377,2025-12-22T16:51:24.118642,,,,,,,,,,0,1,1
Cli,28,FlexFL,Yes,1.0,1.0,1.0,N/A,N/A,N/A,N/A,N/A,N/A,N/A,N/A,N/A,N/A,N/A,N/A,1,1,1
Cli,28,boostnsift,Yes,1.0,1.0,1.0,9.559705257415771,2025-11-07T09:26:53.403672,2025-12-22T16:51:24.118642,4.15,8.3,14716764.0,29433528.0,134861973094.0,486.0,0.0,0.0,0.0,1,1,1
Cli,28,buglocator,Yes,1.0,1.0,1.0,4.294922351837158,2025-11-16T00:46:13.928748,2025-12-22T16:51:24.118642,0.0,0.0,0.0,0.0,0.0,0.0,0.0,0.0,0.0,1,1,1
Cli,28,locus,Yes,1.0,1.0,1.0,13.677239656448364,2025-11-07T09:45:30.264512,2025-12-22T16:51:24.118642,,,,,,,,,,1,1,1
Cli,29,FlexFL,Yes,5.0,0.2,0.2,N/A,N/A,N/A,N/A,N/A,N/A,N/A,N/A,N/A,N/A,N/A,N/A,0,1,1
Cli,29,boostnsift,Yes,3.0,0.333333,0.333333,6.429305076599121,2025-11-07T09:26:51.556932,2025-12-22T16:51:24.118642,370.07,370.07,275251200.0,275251200.0,134861973094.0,426.0,0.0,0.0,0.0,0,1,1
Cli,29,buglocator,Yes,4.0,0.25,0.25,4.272406339645386,2025-11-16T00:46:16.081118,2025-12-22T16:51:24.118642,0.0,0.0,0.0,0.0,0.0,0.0,0.0,0.0,0.0,0,1,1
Cli,29,locus,Yes,2.0,0.5,0.5,13.550069570541382,2025-11-07T09:45:31.097902,2025-12-22T16:51:24.118642,,,,,,,,,,0,1,1
Cli,30,FlexFL,Yes,2.0,0.5,0.25,N/A,N/A,N/A,N/A,N/A,N/A,N/A,N/A,N/A,N/A,N/A,N/A,1,1,1
Cli,30,boostnsift,Yes,3.0,0.333333,0.333333,8.21994924545288,2025-11-07T09:27:01.633182,2025-12-22T16:51:24.118642,24.875,49.75,29685186.5,59370373.0,134861973094.0,266.0,0.0,0.0,0.0,0,1,1
Cli,30,buglocator,Yes,2.0,0.5,0.5,4.226194620132446,2025-11-16T00:46:20.308190,2025-12-22T16:51:24.118642,0.0,0.0,0.0,0.0,0.0,0.0,0.0,0.0,0.0,0,1,1
Cli,30,locus,Yes,13.0,0.076923,0.076923,5.701465129852295,2025-11-07T09:45:36.802809,2025-12-22T16:51:24.118642,,,,,,,,,,0,0,0
Cli,31,FlexFL,Yes,1.0,1.0,1.0,N/A,N/A,N/A,N/A,N/A,N/A,N/A,N/A,N/A,N/A,N/A,N/A,1,1,1
Cli,31,boostnsift,Yes,6.0,0.166667,0.166667,8.85742974281311,2025-11-07T09:27:09.793335,2025-12-22T16:51:24.118642,6.89,13.78,14942208.0,29884416.0,134861973094.0,486.0,0.0,0.0,0.0,0,0,1
Cli,31,buglocator,Yes,4.0,0.25,0.25,4.209657907485962,2025-11-16T00:46:22.350647,2025-12-22T16:51:24.118642,0.0,0.0,0.0,0.0,0.0,0.0,0.0,0.0,0.0,0,1,1
Cli,31,locus,Yes,1.0,1.0,1.0,4.844922065734863,2025-11-07T09:45:40.711563,2025-12-22T16:51:24.118642,,,,,,,,,,1,1,1
Cli,32,FlexFL,Yes,1.0,1.0,1.0,N/A,N/A,N/A,N/A,N/A,N/A,N/A,N/A,N/A,N/A,N/A,N/A,1,1,1
Cli,32,boostnsift,Yes,1.0,1.0,1.0,10.17181634902954,2025-11-07T09:27:11.808535,2025-12-22T16:51:24.118642,25.56,51.12,30864834.5,61729669.0,134861973094.0,426.0,0.0,0.0,0.0,1,1,1
Cli,32,buglocator,Yes,2.0,0.5,0.5,4.183886528015137,2025-11-16T00:46:24.492726,2025-12-22T16:51:24.118642,0.0,0.0,0.0,0.0,0.0,0.0,0.0,0.0,0.0,0,1,1
Cli,32,locus,Yes,1.0,1.0,1.0,13.925268650054932,2025-11-07T09:45:50.732010,2025-12-22T16:51:24.118642,,,,,,,,,,1,1,1
Cli,33,FlexFL,Yes,1.0,1.0,1.0,N/A,N/A,N/A,N/A,N/A,N/A,N/A,N/A,N/A,N/A,N/A,N/A,1,1,1
Cli,33,boostnsift,Yes,3.0,0.333333,0.333333,9.242963075637816,2025-11-07T09:27:19.054439,2025-12-22T16:51:24.118642,4.49,8.98,14858321.5,29716643.0,134861973094.0,486.0,0.0,0.0,0.0,0,1,1
Cli,33,buglocator,Yes,1.0,1.0,1.0,4.334365606307983,2025-11-16T00:46:26.686615,2025-12-22T16:51:24.118642,0.0,0.0,0.0,0.0,0.0,0.0,0.0,0.0,0.0,1,1,1
Cli,33,locus,Yes,2.0,0.5,0.5,4.7019689083099365,2025-11-07T09:45:45.417254,2025-12-22T16:51:24.118642,,,,,,,,,,0,1,1
Cli,34,FlexFL,Yes,1.0,1.0,1.0,N/A,N/A,N/A,N/A,N/A,N/A,N/A,N/A,N/A,N/A,N/A,N/A,1,1,1
Cli,34,boostnsift,Yes,5.0,0.2,0.2,9.206684589385986,2025-11-07T09:27:21.032790,2025-12-22T16:51:24.118642,4.775,9.55,15026094.0,30052188.0,134861973094.0,266.0,0.0,0.0,0.0,0,1,1
Cli,34,buglocator,Yes,2.0,0.5,0.5,4.192428112030029,2025-11-16T00:46:28.685920,2025-12-22T16:51:24.118642,0.0,0.0,0.0,0.0,0.0,0.0,0.0,0.0,0.0,0,1,1
Cli,34,locus,Yes,3.0,0.333333,0.333333,4.748265266418457,2025-11-07T09:45:50.169203,2025-12-22T16:51:24.118642,,,,,,,,,,0,1,1
Cli,35,FlexFL,No,,0.0,0.0,N/A,N/A,N/A,N/A,N/A,N/A,N/A,N/A,N/A,N/A,N/A,N/A,0,0,0
Cli,35,boostnsift,Yes,12.0,0.083333,0.083333,9.61233377456665,2025-11-07T09:27:28.671322,2025-12-22T16:51:24.118642,6.345,12.69,14632878.0,29265756.0,134861973094.0,486.0,0.0,0.0,0.0,0,0,0
Cli,35,buglocator,Yes,11.0,0.090909,0.090909,4.292922019958496,2025-11-16T00:46:30.980220,2025-12-22T16:51:24.118642,0.0,0.0,0.0,0.0,0.0,0.0,0.0,0.0,0.0,0,0,0
Cli,35,locus,Yes,2.0,0.5,0.5,8.421225309371948,2025-11-07T09:45:58.595142,2025-12-22T16:51:24.118642,,,,,,,,,,0,1,1
Cli,36,FlexFL,No,,0.0,0.0,N/A,N/A,N/A,N/A,N/A,N/A,N/A,N/A,N/A,N/A,N/A,N/A,0,0,0
Cli,36,boostnsift,Yes,8.0,0.125,0.125,9.658811092376707,2025-11-07T09:27:30.771781,2025-12-22T16:51:24.118642,6.05,12.1,15649996.5,31299993.0,134861973094.0,266.0,0.0,0.0,0.0,0,0,1
Cli,36,buglocator,Yes,3.0,0.333333,0.333333,4.292580842971802,2025-11-16T00:46:32.979243,2025-12-22T16:51:24.118642,0.0,0.0,0.0,0.0,0.0,0.0,0.0,0.0,0.0,0,1,1
Cli,36,locus,Yes,3.0,0.333333,0.333333,8.891485452651978,2025-11-07T09:45:59.627134,2025-12-22T16:51:24.118642,,,,,,,,,,0,1,1
Cli,37,FlexFL,Yes,1.0,1.0,1.0,N/A,N/A,N/A,N/A,N/A,N/A,N/A,N/A,N/A,N/A,N/A,N/A,1,1,1
Cli,37,boostnsift,No,,0.0,0.0,9.40788197517395,2025-11-07T09:27:38.082085,2025-12-22T16:51:24.118642,4.905,9.81,14910750.5,29821501.0,134861973094.0,486.0,0.0,0.0,0.0,0,0,0
Cli,37,buglocator,Yes,2.0,0.5,0.5,4.267887592315674,2025-11-16T00:46:35.248690,2025-12-22T16:51:24.118642,0.0,0.0,0.0,0.0,0.0,0.0,0.0,0.0,0.0,0,1,1
Cli,37,locus,Yes,8.0,0.125,0.125,8.505474328994751,2025-11-07T09:46:07.104723,2025-12-22T16:51:24.118642,,,,,,,,,,0,0,1
Cli,38,FlexFL,Yes,1.0,1.0,1.0,N/A,N/A,N/A,N/A,N/A,N/A,N/A,N/A,N/A,N/A,N/A,N/A,1,1,1
Cli,38,boostnsift,Yes,43.0,0.023256,0.023256,10.875868320465088,2025-11-07T09:27:41.650585,2025-12-22T16:51:24.118642,5.465,10.93,14858321.5,29716643.0,134861973094.0,266.0,0.0,0.0,0.0,0,0,0
Cli,38,buglocator,Yes,2.0,0.5,0.5,4.272108316421509,2025-11-16T00:46:37.251934,2025-12-22T16:51:24.118642,0.0,0.0,0.0,0.0,0.0,0.0,0.0,0.0,0.0,0,1,1
Cli,38,locus,Yes,8.0,0.125,0.125,8.508731603622437,2025-11-07T09:46:08.139495,2025-12-22T16:51:24.118642,,,,,,,,,,0,0,1
Cli,39,FlexFL,Yes,1.0,1.0,1.0,N/A,N/A,N/A,N/A,N/A,N/A,N/A,N/A,N/A,N/A,N/A,N/A,1,1,1
Cli,39,boostnsift,Yes,1.0,1.0,1.0,9.669488906860352,2025-11-07T09:27:47.772349,2025-12-22T16:51:24.118642,21.165,42.33,26057113.5,52114227.0,134861973094.0,646.0,0.0,0.0,0.0,1,1,1
Cli,39,buglocator,Yes,5.0,0.2,0.2,4.247553110122681,2025-11-16T00:46:39.496938,2025-12-22T16:51:24.118642,0.0,0.0,0.0,0.0,0.0,0.0,0.0,0.0,0.0,0,1,1
Cli,39,locus,Yes,3.0,0.333333,0.333333,8.634865522384644,2025-11-07T09:46:15.743229,2025-12-22T16:51:24.118642,,,,,,,,,,0,1,1
Cli,40,FlexFL,Yes,1.0,1.0,1.0,N/A,N/A,N/A,N/A,N/A,N/A,N/A,N/A,N/A,N/A,N/A,N/A,1,1,1
Cli,40,boostnsift,Yes,1.0,1.0,1.0,9.732934474945068,2025-11-07T09:27:57.508645,2025-12-22T16:51:24.118642,1.295,2.59,11602493.0,23204986.0,134861973094.0,486.0,0.0,0.0,0.0,1,1,1
Cli,40,buglocator,Yes,1.0,1.0,1.0,4.2119951248168945,2025-11-16T00:46:43.709517,2025-12-22T16:51:24.118642,0.0,0.0,0.0,0.0,0.0,0.0,0.0,0.0,0.0,1,1,1
Cli,40,locus,Yes,1.0,1.0,1.0,8.686171293258667,2025-11-07T09:46:22.618193,2025-12-22T16:51:24.118642,,,,,,,,,,1,1,1
Closure,1,FlexFL,Yes,1.0,1.0,1.0,N/A,N/A,N/A,N/A,N/A,N/A,N/A,N/A,N/A,N/A,N/A,N/A,1,1,1
Closure,1,boostnsift,Yes,40.0,0.025,0.025,44.65243458747864,2025-11-18T14:33:56.426528,2025-12-22T16:51:27.706716,107.996,439.07,782837900.4,1358283407.0,134861973094.0,876.0,0.0,0.0,0.0,0,0,0
Closure,1,buglocator,Yes,17.0,0.058824,0.058824,26.14170265197754,2025-11-18T14:33:50.854459,2025-12-22T16:51:27.706716,118.64666666666666,335.05,516988512.3333333,1464583847.0,134861973094.0,516.0,0.0,0.0,0.0,0,0,0
Closure,1,locus,Yes,4.0,0.25,0.25,19.767580270767212,2025-12-25T13:12:52.459756,2025-12-25T14:43:57.168082,,,,,,,,,,0,1,1
Closure,2,FlexFL,Yes,1.0,1.0,1.0,N/A,N/A,N/A,N/A,N/A,N/A,N/A,N/A,N/A,N/A,N/A,N/A,1,1,1
Closure,2,boostnsift,Yes,27.0,0.037037,0.037037,44.45653581619263,2025-11-18T15:30:00.895737,2025-12-22T16:51:27.706716,151.9925,502.35,817736711.75,1472100040.0,134861973094.0,806.0,0.0,0.0,0.0,0,0,0
Closure,2,buglocator,Yes,15.0,0.066667,0.066667,24.650965213775635,2025-11-18T15:30:02.708420,2025-12-22T16:51:27.706716,145.23999999999998,392.39,484840570.3333333,1385126952.0,134861973094.0,516.0,0.0,0.0,0.0,0,0,0
Closure,2,locus,Yes,8.0,0.125,0.125,69.09017395973206,2025-12-25T13:51:30.055282,2025-12-25T14:43:57.168082,,,,,,,,,,0,0,1
Closure,3,FlexFL,No,,0.0,0.0,N/A,N/A,N/A,N/A,N/A,N/A,N/A,N/A,N/A,N/A,N/A,N/A,0,0,0
Closure,3,boostnsift,Yes,21.0,0.047619,0.047619,61.412193775177,2025-11-18T15:38:57.154395,2025-12-22T16:51:27.706716,108.298,459.69,994856612.4,1512902230.0,134861973094.0,876.0,0.0,0.0,0.0,0,0,0
Closure,3,buglocator,Yes,41.0,0.02439,0.02439,32.65967011451721,2025-11-18T15:38:46.631943,2025-12-22T16:51:27.706716,154.36333333333332,316.34,891985155.0,1496796102.0,134861973094.0,806.0,0.0,0.0,0.0,0,0,0
Closure,3,locus,Yes,85.0,0.011765,0.011765,87.04247808456421,2025-12-25T13:57:42.083333,2025-12-25T14:43:57.168082,,,,,,,,,,0,0,0
Closure,4,FlexFL,Yes,4.0,0.25,0.25,N/A,N/A,N/A,N/A,N/A,N/A,N/A,N/A,N/A,N/A,N/A,N/A,0,1,1
Closure,4,boostnsift,Yes,6.0,0.166667,0.166667,44.89430117607117,2025-11-18T15:47:11.443700,2025-12-22T16:51:27.706716,111.10800000000002,501.16,649472035.6,1522565906.0,134861973094.0,806.0,0.0,0.0,0.0,0,0,1
Closure,4,buglocator,Yes,7.0,0.142857,0.142857,25.18515706062317,2025-11-18T15:47:13.447497,2025-12-22T16:51:27.706716,101.8,273.6,470252082.3333333,1372242051.0,134861973094.0,516.0,0.0,0.0,0.0,0,0,1
Closure,4,locus,Yes,32.0,0.03125,0.03125,65.57530403137207,2025-12-25T14:05:22.218116,2025-12-25T14:43:57.168082,,,,,,,,,,0,0,0
Closure,5,FlexFL,Yes,2.0,0.5,0.5,N/A,N/A,N/A,N/A,N/A,N/A,N/A,N/A,N/A,N/A,N/A,N/A,0,1,1
Closure,5,boostnsift,Yes,260.0,0.003846,0.003846,47.9996554851532,2025-11-18T15:55:26.559461,2025-12-22T16:51:27.706716,126.325,479.25,254090936.0,620547276.0,134861973094.0,806.0,0.0,0.0,0.0,0,0,0
Closure,5,buglocator,Yes,337.0,0.002967,0.002967,25.529016256332397,2025-11-18T15:55:28.563996,2025-12-22T16:51:27.706716,135.07333333333335,372.79,403050244.6666667,1169304846.0,134861973094.0,516.0,0.0,0.0,0.0,0,0,0
Closure,5,locus,Yes,239.0,0.004184,0.004184,88.61203598976135,2025-12-25T14:13:24.970123,2025-12-25T14:43:57.168082,,,,,,,,,,0,0,0
Closure,6,FlexFL,No,,0.0,0.0,N/A,N/A,N/A,N/A,N/A,N/A,N/A,N/A,N/A,N/A,N/A,N/A,0,0,0
Closure,6,boostnsift,Yes,7.0,0.142857,0.142857,44.96275734901428,2025-11-18T16:03:51.985821,2025-12-22T16:51:27.706716,151.94750000000002,571.22,428694568.5,650117120.0,134861973094.0,806.0,0.0,0.0,0.0,0,0,1
Closure,6,buglocator,Yes,21.0,0.047619,0.047619,26.12464451789856,2025-11-18T16:03:53.999007,2025-12-22T16:51:27.706716,162.88333333333333,434.44,531932118.6666667,1497869844.0,134861973094.0,586.0,0.0,0.0,0.0,0,0,0
Closure,6,locus,Yes,92.0,0.01087,0.01087,112.96038508415222,2025-12-25T14:19:59.046116,2025-12-25T14:43:57.168082,,,,,,,,,,0,0,0
Closure,7,FlexFL,Yes,2.0,0.5,0.5,N/A,N/A,N/A,N/A,N/A,N/A,N/A,N/A,N/A,N/A,N/A,N/A,1,1,1
Closure,7,boostnsift,Yes,98.0,0.010204,0.010204,44.14016652107239,2025-11-18T16:09:47.055570,2025-12-22T16:51:27.706716,129.15,573.06,420042768.0,1019006156.0,134861973094.0,806.0,0.0,0.0,0.0,0,0,0
Closure,7,buglocator,Yes,148.0,0.006757,0.006757,26.12938857078552,2025-11-18T16:09:53.532127,2025-12-22T16:51:27.706716,111.93666666666668,223.24,525823115.0,1431297851.0,134861973094.0,516.0,0.0,0.0,0.0,0,0,0
Closure,7,locus,Yes,684.0,0.001462,0.001462,104.7585699558258,2025-12-25T14:26:44.238625,2025-12-25T14:43:57.168082,,,,,,,,,,0,0,0
Closure,8,FlexFL,No,,0.0,0.0,N/A,N/A,N/A,N/A,N/A,N/A,N/A,N/A,N/A,N/A,N/A,N/A,0,0,0
Closure,8,boostnsift,Yes,275.0,0.003636,0.003636,48.09312605857849,2025-11-18T16:15:40.691086,2025-12-22T16:51:27.706716,148.522,491.33,832812193.8,1308891283.0,134861973094.0,876.0,0.0,0.0,0.0,0,0,0
Closure,8,buglocator,Yes,87.0,0.011494,0.011494,25.5690655708313,2025-11-18T16:15:42.732456,2025-12-22T16:51:27.706716,64.32333333333334,189.17,516413194.0,1481763717.0,134861973094.0,586.0,0.0,0.0,0.0,0,0,0
Closure,8,locus,Yes,4.0,0.25,0.25,70.26324892044067,2025-12-25T14:30:58.823184,2025-12-25T14:43:57.168082,,,,,,,,,,0,1,1
Closure,9,FlexFL,Yes,3.0,0.3333333333333333,0.1666666666666666,N/A,N/A,N/A,N/A,N/A,N/A,N/A,N/A,N/A,N/A,N/A,N/A,0,1,1
Closure,9,boostnsift,Yes,18.0,0.055556,0.055556,41.85478758811951,2025-11-18T16:20:51.717410,2025-12-22T16:51:27.706716,129.106,497.94,658133273.4,1516123455.0,134861973094.0,806.0,0.0,0.0,0.0,0,0,0
Closure,9,buglocator,Yes,17.0,0.058824,0.058824,22.38366222381592,2025-11-18T16:20:57.141242,2025-12-22T16:51:27.706716,96.645,114.18,823966826.0,1484984942.0,134861973094.0,586.0,0.0,0.0,,0,0,0
Closure,9,locus,Yes,71.0,0.014085,0.014085,72.81702518463135,2025-12-25T14:34:12.302018,2025-12-25T14:43:57.168082,,,,,,,,,,0,0,0
Closure,10,FlexFL,Yes,3.0,0.3333333333333333,0.3333333333333333,N/A,N/A,N/A,N/A,N/A,N/A,N/A,N/A,N/A,N/A,N/A,N/A,0,1,1
Closure,10,boostnsift,Yes,7.0,0.142857,0.142857,48.127732038497925,2025-11-18T14:34:44.557308,2025-12-22T16:51:27.706716,127.01000000000002,498.49,968635501.2,1507533520.0,134861973094.0,876.0,0.0,0.0,0.0,0,0,1
Closure,10,buglocator,Yes,29.0,0.034483,0.034483,25.10229516029358,2025-11-18T14:34:42.545367,2025-12-22T16:51:27.706716,150.03333333333333,418.3,413819120.0,1201517101.0,134861973094.0,516.0,0.0,0.0,0.0,0,0,0
Closure,10,locus,Yes,32.0,0.03125,0.03125,55.383548974990845,2025-12-25T13:13:28.076295,2025-12-25T14:43:57.168082,,,,,,,,,,0,0,0
Closure,11,FlexFL,No,,0.0,0.0,N/A,N/A,N/A,N/A,N/A,N/A,N/A,N/A,N/A,N/A,N/A,N/A,0,0,0
Closure,11,boostnsift,Yes,3.0,0.333333,0.333333,46.75875759124756,2025-11-18T14:40:44.636297,2025-12-22T16:51:27.706716,119.876,455.62,762026183.4,1316407476.0,134861973094.0,876.0,0.0,0.0,0.0,0,1,1
Closure,11,buglocator,Yes,26.0,0.038462,0.038462,24.92435097694397,2025-11-18T14:40:51.191747,2025-12-22T16:51:27.706716,122.14666666666666,328.76,397084546.0,1124207689.0,134861973094.0,516.0,0.0,0.0,0.0,0,0,0
Closure,11,locus,Yes,8.0,0.125,0.125,56.48376798629761,2025-12-25T13:16:14.679786,2025-12-25T14:43:57.168082,,,,,,,,,,0,0,1
Closure,12,FlexFL,No,,0.0,0.0,N/A,N/A,N/A,N/A,N/A,N/A,N/A,N/A,N/A,N/A,N/A,N/A,0,0,0
Closure,12,boostnsift,Yes,332.0,0.003012,0.003012,40.60069727897644,2025-11-18T14:48:55.068938,2025-12-22T16:51:27.706716,15.813333333333333,24.5,175465212.33333334,494298726.0,134861973094.0,696.0,0.0,0.0,0.0,0,0,0
Closure,12,buglocator,Yes,222.0,0.004505,0.004505,29.05470061302185,2025-11-18T14:48:53.052362,2025-12-22T16:51:27.706716,123.27,338.45,393634032.0,1126355173.0,134861973094.0,736.0,0.0,0.0,0.0,0,0,0
Closure,12,locus,Yes,450.0,0.002222,0.002222,49.19247007369995,2025-12-25T13:23:00.690311,2025-12-25T14:43:57.168082,,,,,,,,,,0,0,0
Closure,13,FlexFL,No,,0.0,0.0,N/A,N/A,N/A,N/A,N/A,N/A,N/A,N/A,N/A,N/A,N/A,N/A,0,0,0
Closure,13,boostnsift,Yes,294.0,0.003401,0.003401,39.92209529876709,2025-11-18T14:56:50.100626,2025-12-22T16:51:27.706716,122.1125,467.09,245967093.5,572312780.0,134861973094.0,806.0,0.0,0.0,0.0,0,0,0
Closure,13,buglocator,Yes,163.0,0.006135,0.006135,25.023916006088257,2025-11-18T14:56:52.099852,2025-12-22T16:51:27.706716,111.77333333333333,299.2,387457220.3333333,1107027820.0,134861973094.0,516.0,0.0,0.0,0.0,0,0,0
Closure,13,locus,Yes,161.0,0.006211,0.006211,80.56178283691406,2025-12-25T13:30:32.965529,2025-12-25T14:43:57.168082,,,,,,,,,,0,0,0
Closure,14,FlexFL,Yes,4.0,0.25,0.25,N/A,N/A,N/A,N/A,N/A,N/A,N/A,N/A,N/A,N/A,N/A,N/A,0,1,1
Closure,14,boostnsift,Yes,172.0,0.005814,0.005814,44.70051598548889,2025-11-18T15:02:52.463024,2025-12-22T16:51:27.706716,128.48,489.96,601037471.6,1079110533.0,134861973094.0,876.0,0.0,0.0,0.0,0,0,0
Closure,14,buglocator,Yes,2.0,0.5,0.5,25.827495098114017,2025-11-18T15:02:54.499422,2025-12-22T16:51:27.706716,73.67999999999999,217.64,531442084.3333333,1553704419.0,134861973094.0,516.0,0.0,0.0,0.0,0,1,1
Closure,14,locus,Yes,12.0,0.083333,0.083333,59.41365194320679,2025-12-25T13:34:46.005942,2025-12-25T14:43:57.168082,,,,,,,,,,0,0,0
Closure,15,FlexFL,No,,0.0,0.0,N/A,N/A,N/A,N/A,N/A,N/A,N/A,N/A,N/A,N/A,N/A,N/A,0,0,0
Closure,15,boostnsift,Yes,94.0,0.010638,0.010638,45.91726064682007,2025-11-18T15:08:15.037254,2025-12-22T16:51:27.706716,99.868,427.74,482611298.0,970037657.0,134861973094.0,806.0,0.0,0.0,0.0,0,0,0
Closure,15,buglocator,Yes,475.0,0.002105,0.002105,25.985220193862915,2025-11-18T15:08:08.508723,2025-12-22T16:51:27.706716,106.02,283.93,405462668.3333333,1161788653.0,134861973094.0,516.0,0.0,0.0,0.0,0,0,0
Closure,15,locus,Yes,363.0,0.002755,0.002755,68.78209590911865,2025-12-25T13:36:55.929932,2025-12-25T14:43:57.168082,,,,,,,,,,0,0,0
Closure,16,FlexFL,Yes,4.0,0.25,0.0833333333333333,N/A,N/A,N/A,N/A,N/A,N/A,N/A,N/A,N/A,N/A,N/A,N/A,0,1,1
Closure,16,boostnsift,Yes,141.0,0.007092,0.007092,47.47970390319824,2025-11-18T15:13:48.328492,2025-12-22T16:51:27.706716,124.65,482.24,541042146.8,803104358.0,134861973094.0,876.0,0.0,0.0,0.0,0,0,0
Closure,16,buglocator,Yes,119.0,0.008403,0.008403,24.801512956619263,2025-11-18T15:13:50.354185,2025-12-22T16:51:27.706716,134.86,367.53,394389006.6666667,1115617755.0,134861973094.0,516.0,0.0,0.0,0.0,0,0,0
Closure,16,locus,Yes,75.0,0.013333,0.013333,65.53368997573853,2025-12-25T13:39:49.364837,2025-12-25T14:43:57.168082,,,,,,,,,,0,0,0
Closure,17,FlexFL,No,,0.0,0.0,N/A,N/A,N/A,N/A,N/A,N/A,N/A,N/A,N/A,N/A,N/A,N/A,0,0,0
Closure,17,boostnsift,Yes,74.0,0.013514,0.013514,48.75220227241516,2025-11-18T15:22:16.750591,2025-12-22T16:51:27.706716,144.08800000000002,488.16,993578607.8,1516123455.0,134861973094.0,876.0,0.0,0.0,0.0,0,0,0
Closure,17,buglocator,Yes,2.0,0.5,0.5,24.646836042404175,2025-11-18T15:22:14.755963,2025-12-22T16:51:27.706716,165.95333333333335,328.87,904210852.0,1521492164.0,134861973094.0,586.0,0.0,0.0,0.0,0,1,1
Closure,17,locus,Yes,12.0,0.083333,0.083333,73.77239871025085,2025-12-25T13:45:24.069875,2025-12-25T14:43:57.168082,,,,,,,,,,0,0,0
Closure,18,FlexFL,No,,0.0,0.0,N/A,N/A,N/A,N/A,N/A,N/A,N/A,N/A,N/A,N/A,N/A,N/A,0,0,0
Closure,18,boostnsift,Yes,11.0,0.090909,0.090909,52.17709040641785,2025-11-18T15:28:30.175579,2025-12-22T16:51:27.706716,109.84199999999998,481.58,511958004.2,1115617755.0,134861973094.0,656.0,0.0,0.0,0.0,0,0,0
Closure,18,buglocator,Yes,15.0,0.066667,0.066667,28.549713373184204,2025-11-18T15:28:20.058959,2025-12-22T16:51:27.706716,135.38333333333333,369.71,417022869.0,1184337231.0,134861973094.0,736.0,0.0,0.0,0.0,0,0,0
Closure,18,locus,Yes,5.0,0.2,0.2,71.57642698287964,2025-12-25T13:50:20.962713,2025-12-25T14:43:57.168082,,,,,,,,,,0,1,1
Closure,19,FlexFL,Yes,2.0,0.5,0.5,N/A,N/A,N/A,N/A,N/A,N/A,N/A,N/A,N/A,N/A,N/A,N/A,0,1,1
Closure,19,boostnsift,Yes,34.0,0.029412,0.029412,46.243945837020874,2025-11-18T15:29:16.422862,2025-12-22T16:51:27.706716,117.144,395.23,885250640.6,1547261968.0,134861973094.0,876.0,0.0,0.0,0.0,0,0,0
Closure,19,buglocator,Yes,17.0,0.058824,0.058824,25.595223426818848,2025-11-18T15:29:09.967489,2025-12-22T16:51:27.706716,108.73333333333332,287.9,470121359.6666667,1344324763.0,134861973094.0,516.0,0.0,0.0,0.0,0,0,0
Closure,19,locus,Yes,7.0,0.142857,0.142857,61.91416692733765,2025-12-25T13:51:08.117555,2025-12-25T14:43:57.168082,,,,,,,,,,0,0,1
Closure,20,FlexFL,Yes,1.0,1.0,1.0,N/A,N/A,N/A,N/A,N/A,N/A,N/A,N/A,N/A,N/A,N/A,N/A,1,1,1
Closure,20,boostnsift,Yes,1.0,1.0,1.0,45.09969234466553,2025-11-18T15:30:48.211147,2025-12-22T16:51:27.706716,140.002,483.85,990744097.2,1527934615.0,134861973094.0,876.0,0.0,0.0,0.0,1,1,1
Closure,20,buglocator,Yes,18.0,0.055556,0.055556,25.65778422355652,2025-11-18T15:30:49.820425,2025-12-22T16:51:27.706716,159.70666666666668,440.63,475135650.3333333,1359357149.0,134861973094.0,516.0,0.0,0.0,0.0,0,0,0
Closure,20,locus,Yes,26.0,0.038462,0.038462,60.18748426437378,2025-12-25T13:52:08.307571,2025-12-25T14:43:57.168082,,,,,,,,,,0,0,0
Closure,21,FlexFL,Yes,1.0,1.0,1.0,N/A,N/A,N/A,N/A,N/A,N/A,N/A,N/A,N/A,N/A,N/A,N/A,1,1,1
Closure,21,boostnsift,Yes,2.0,0.5,0.5,49.74040651321411,2025-11-18T15:31:39.564588,2025-12-22T16:51:27.706716,109.49666666666668,558.84,819079063.8333334,1548335710.0,134861973094.0,876.0,0.0,0.0,0.0,0,1,1
Closure,21,buglocator,Yes,13.0,0.076923,0.076923,26.64980149269104,2025-11-18T15:31:41.649407,2025-12-22T16:51:27.706716,119.87,356.28,496105772.0,1449551462.0,134861973094.0,516.0,0.0,0.0,0.0,0,0,0
Closure,21,locus,Yes,5.0,0.2,0.2,57.42388701438904,2025-12-25T13:52:27.480793,2025-12-25T14:43:57.168082,,,,,,,,,,0,1,1
Closure,22,FlexFL,Yes,1.0,1.0,1.0,N/A,N/A,N/A,N/A,N/A,N/A,N/A,N/A,N/A,N/A,N/A,N/A,1,1,1
Closure,22,boostnsift,Yes,2.0,0.5,0.5,44.51165390014648,2025-11-18T15:32:26.171592,2025-12-22T16:51:27.706716,120.132,540.8,508529999.6,1138166333.0,134861973094.0,806.0,0.0,0.0,0.0,0,1,1
Closure,22,buglocator,Yes,13.0,0.076923,0.076923,22.052427768707275,2025-11-18T15:32:28.171715,2025-12-22T16:51:27.706716,108.265,134.94,827699757.0,1463510106.0,134861973094.0,586.0,0.0,0.0,0.0,0,0,0
Closure,22,locus,Yes,5.0,0.2,0.2,54.54619598388672,2025-12-25T13:53:02.855183,2025-12-25T14:43:57.168082,,,,,,,,,,0,1,1
Closure,23,FlexFL,Yes,1.0,1.0,1.0,N/A,N/A,N/A,N/A,N/A,N/A,N/A,N/A,N/A,N/A,N/A,N/A,1,1,1
Closure,23,boostnsift,Yes,1.0,1.0,1.0,41.13877844810486,2025-11-18T15:33:09.325281,2025-12-22T16:51:27.706716,142.628,555.5,615865594.2,1120986464.0,134861973094.0,876.0,0.0,0.0,0.0,1,1,1
Closure,23,buglocator,Yes,28.0,0.035714,0.035714,22.142683744430546,2025-11-18T15:33:11.311781,2025-12-22T16:51:27.706716,101.5,167.34,835163520.5,1478542491.0,134861973094.0,586.0,0.0,0.0,0.0,0,0,0
Closure,23,locus,Yes,1.0,1.0,1.0,56.655641078948975,2025-12-25T13:53:24.138592,2025-12-25T14:43:57.168082,,,,,,,,,,1,1,1
Closure,24,FlexFL,Yes,5.0,0.2,0.2,N/A,N/A,N/A,N/A,N/A,N/A,N/A,N/A,N/A,N/A,N/A,N/A,0,1,1
Closure,24,boostnsift,Yes,36.0,0.027778,0.027778,43.850321531295776,2025-11-18T15:33:55.179574,2025-12-22T16:51:27.706716,119.612,541.08,462841446.2,1066401792.0,134861973094.0,806.0,0.0,0.0,0.0,0,0,0
Closure,24,buglocator,Yes,29.0,0.034483,0.034483,25.01015615463257,2025-11-18T15:33:57.170789,2025-12-22T16:51:27.706716,134.27666666666667,371.62,505296890.3333333,1475321266.0,134861973094.0,516.0,0.0,0.0,0.0,0,0,0
Closure,24,locus,Yes,27.0,0.037037,0.037037,56.523690938949585,2025-12-25T13:53:59.380161,2025-12-25T14:43:57.168082,,,,,,,,,,0,0,0
Closure,25,FlexFL,Yes,1.0,1.0,1.0,N/A,N/A,N/A,N/A,N/A,N/A,N/A,N/A,N/A,N/A,N/A,N/A,1,1,1
Closure,25,boostnsift,Yes,6.0,0.166667,0.166667,42.84391808509827,2025-11-18T15:34:40.017965,2025-12-22T16:51:27.706716,151.66,569.57,324282613.5,886780723.0,134861973094.0,806.0,0.0,0.0,0.0,0,0,1
Closure,25,buglocator,Yes,27.0,0.037037,0.037037,24.85751748085022,2025-11-18T15:34:46.581948,2025-12-22T16:51:27.706716,145.51333333333335,403.3,422883710.0,1213328261.0,134861973094.0,516.0,0.0,0.0,0.0,0,0,0
Closure,25,locus,Yes,21.0,0.047619,0.047619,52.071324825286865,2025-12-25T13:54:16.212435,2025-12-25T14:43:57.168082,,,,,,,,,,0,0,0
Closure,26,FlexFL,Yes,1.0,1.0,1.0,N/A,N/A,N/A,N/A,N/A,N/A,N/A,N/A,N/A,N/A,N/A,N/A,1,1,1
Closure,26,boostnsift,Yes,33.0,0.030303,0.030303,48.282822370529175,2025-11-18T15:35:34.879614,2025-12-22T16:51:27.706716,108.57,476.54,424968978.4,874512384.0,134861973094.0,806.0,0.0,0.0,0.0,0,0,0
Closure,26,buglocator,Yes,5.0,0.2,0.2,25.68398356437683,2025-11-18T15:35:32.888425,2025-12-22T16:51:27.706716,152.59333333333333,423.44,490747548.6666667,1417339207.0,134861973094.0,516.0,0.0,0.0,0.0,0,1,1
Closure,26,locus,Yes,2.0,0.5,0.5,54.17120718955994,2025-12-25T13:54:53.553456,2025-12-25T14:43:57.168082,,,,,,,,,,0,1,1
Closure,27,FlexFL,Yes,2.0,0.5,0.25,N/A,N/A,N/A,N/A,N/A,N/A,N/A,N/A,N/A,N/A,N/A,N/A,1,1,1
Closure,27,boostnsift,Yes,66.0,0.015152,0.015152,41.97622394561768,2025-11-18T15:36:16.858798,2025-12-22T16:51:27.706716,120.41,531.22,359225360.2,686502707.0,134861973094.0,806.0,0.0,0.0,0.0,0,0,0
Closure,27,buglocator,Yes,14.0,0.071429,0.071429,23.141048669815063,2025-11-18T15:36:19.035133,2025-12-22T16:51:27.706716,134.865,265.68,735433457.0,1430224109.0,134861973094.0,516.0,0.0,0.0,0.0,0,0,0
Closure,27,locus,Yes,55.0,0.018182,0.018182,54.21918511390686,2025-12-25T13:55:10.432769,2025-12-25T14:43:57.168082,,,,,,,,,,0,0,0
Closure,28,FlexFL,No,,0.0,0.0,N/A,N/A,N/A,N/A,N/A,N/A,N/A,N/A,N/A,N/A,N/A,N/A,0,0,0
Closure,28,boostnsift,Yes,396.0,0.002525,0.002525,51.822821378707886,2025-11-18T15:37:10.866586,2025-12-22T16:51:27.706716,98.85833333333332,502.84,640424083.0,1494648619.0,134861973094.0,876.0,0.0,0.0,0.0,0,0,0
Closure,28,buglocator,Yes,428.0,0.002336,0.002336,25.580447912216187,2025-11-18T15:37:08.852033,2025-12-22T16:51:27.706716,47.45333333333334,138.24,508696373.6666667,1484984942.0,134861973094.0,516.0,0.0,0.0,0.0,0,0,0
Closure,28,locus,Yes,366.0,0.002732,0.002732,81.47759294509888,2025-12-25T13:56:15.038554,2025-12-25T14:43:57.168082,,,,,,,,,,0,0,0
Closure,29,FlexFL,Yes,4.0,0.25,0.25,N/A,N/A,N/A,N/A,N/A,N/A,N/A,N/A,N/A,N/A,N/A,N/A,0,1,1
Closure,29,boostnsift,Yes,343.0,0.002915,0.002915,34.37299704551697,2025-11-18T15:37:45.256854,2025-12-22T16:51:27.706716,123.17666666666668,312.62,402883870.0,761056460.0,134861973094.0,806.0,0.0,0.0,0.0,0,0,0
Closure,29,buglocator,Yes,490.0,0.002041,0.002041,23.856940746307373,2025-11-18T15:37:55.726361,2025-12-22T16:51:27.706716,125.93333333333334,344.36,437851083.6666667,1259499159.0,134861973094.0,846.0,0.0,0.0,0.0,0,0,0
Closure,29,locus,Yes,240.0,0.004167,0.004167,81.27388978004456,2025-12-25T13:56:31.708203,2025-12-25T14:43:57.168082,,,,,,,,,,0,0,0
Closure,30,FlexFL,No,,0.0,0.0,N/A,N/A,N/A,N/A,N/A,N/A,N/A,N/A,N/A,N/A,N/A,N/A,0,0,0
Closure,30,boostnsift,Yes,274.0,0.00365,0.00365,43.453598976135254,2025-11-18T15:39:40.611304,2025-12-22T16:51:27.706716,151.4375,568.06,310638018.0,785173708.0,134861973094.0,806.0,0.0,0.0,0.0,0,0,0
Closure,30,buglocator,Yes,187.0,0.005348,0.005348,27.541218042373657,2025-11-18T15:39:38.064081,2025-12-22T16:51:27.706716,245.76666666666665,390.08,602753640.6666666,1484984942.0,134861973094.0,516.0,0.0,0.0,0.0,0,0,0
Closure,30,locus,Yes,205.0,0.004878,0.004878,80.08464193344116,2025-12-25T13:57:51.794702,2025-12-25T14:43:57.168082,,,,,,,,,,0,0,0
Closure,31,FlexFL,No,,0.0,0.0,N/A,N/A,N/A,N/A,N/A,N/A,N/A,N/A,N/A,N/A,N/A,N/A,0,0,0
Closure,31,boostnsift,Yes,10.0,0.1,0.1,42.69026947021485,2025-11-18T15:40:23.304494,2025-12-22T16:51:27.706716,127.024,582.48,424864120.6,867382067.0,134861973094.0,806.0,0.0,0.0,0.0,0,0,1
Closure,31,buglocator,Yes,7.0,0.142857,0.142857,24.216471672058105,2025-11-18T15:40:25.303689,2025-12-22T16:51:27.706716,168.85333333333332,360.36,879969173.0,1498943586.0,134861973094.0,586.0,0.0,0.0,0.0,0,0,1
Closure,31,locus,Yes,2.0,0.5,0.5,120.58506989479064,2025-12-25T13:59:42.672600,2025-12-25T14:43:57.168082,,,,,,,,,,0,1,1
Closure,32,FlexFL,Yes,1.0,1.0,1.0,N/A,N/A,N/A,N/A,N/A,N/A,N/A,N/A,N/A,N/A,N/A,N/A,1,1,1
Closure,32,boostnsift,Yes,1.0,1.0,1.0,42.81532549858093,2025-11-18T15:41:08.140631,2025-12-22T16:51:27.706716,154.6325,553.51,776757837.25,1460288880.0,134861973094.0,806.0,0.0,0.0,0.0,1,1,1
Closure,32,buglocator,Yes,9.0,0.111111,0.111111,24.770875930786133,2025-11-18T15:41:14.550360,2025-12-22T16:51:27.706716,143.86,400.95,426215385.6666667,1238024323.0,134861973094.0,516.0,0.0,0.0,0.0,0,0,1
Closure,32,locus,Yes,40.0,0.025,0.025,116.53729701042175,2025-12-25T13:59:48.332749,2025-12-25T14:43:57.168082,,,,,,,,,,0,0,0
Closure,33,FlexFL,No,,0.0,0.0,N/A,N/A,N/A,N/A,N/A,N/A,N/A,N/A,N/A,N/A,N/A,N/A,0,0,0
Closure,33,boostnsift,Yes,41.0,0.02439,0.02439,39.29064393043518,2025-11-18T15:41:53.844744,2025-12-22T16:51:27.706716,141.7475,524.2,343793991.25,927150899.0,134861973094.0,806.0,0.0,0.0,0.0,0,0,0
Closure,33,buglocator,Yes,242.0,0.004132,0.004132,24.316784143447876,2025-11-18T15:41:55.858356,2025-12-22T16:51:27.706716,174.3166666666667,427.99,746723125.6666666,1522565906.0,134861973094.0,586.0,0.0,0.0,0.0,0,0,0
Closure,33,locus,Yes,55.0,0.018182,0.018182,79.6139588356018,2025-12-25T14:01:02.288344,2025-12-25T14:43:57.168082,,,,,,,,,,0,0,0
Closure,34,FlexFL,Yes,3.0,0.3333333333333333,0.3333333333333333,N/A,N/A,N/A,N/A,N/A,N/A,N/A,N/A,N/A,N/A,N/A,N/A,0,1,1
Closure,34,boostnsift,Yes,10.0,0.1,0.1,45.876506090164185,2025-11-18T15:42:41.745410,2025-12-22T16:51:27.706716,112.798,503.27,580072243.0,1282047737.0,134861973094.0,806.0,0.0,0.0,0.0,0,0,1
Closure,34,buglocator,Yes,7.0,0.142857,0.142857,24.803940773010257,2025-11-18T15:42:42.228375,2025-12-22T16:51:27.706716,33.56333333333333,81.22,513140239.0,1469952557.0,134861973094.0,516.0,0.0,0.0,0.0,0,0,1
Closure,34,locus,Yes,2.0,0.5,0.5,71.87679600715637,2025-12-25T14:01:00.210979,2025-12-25T14:43:57.168082,,,,,,,,,,0,1,1
Closure,35,FlexFL,No,,0.0,0.0,N/A,N/A,N/A,N/A,N/A,N/A,N/A,N/A,N/A,N/A,N/A,N/A,0,0,0
Closure,35,boostnsift,Yes,2.0,0.5,0.5,41.853291273117065,2025-11-18T15:43:24.084487,2025-12-22T16:51:27.706716,137.77,547.36,847665063.2,1523639648.0,134861973094.0,876.0,0.0,0.0,0.0,0,1,1
Closure,35,buglocator,Yes,39.0,0.025641,0.025641,21.32852792739868,2025-11-18T15:43:26.095739,2025-12-22T16:51:27.706716,40.9,55.94,776645639.5,1472100040.0,134861973094.0,586.0,0.0,0.0,0.0,0,0,0
Closure,35,locus,Yes,12.0,0.083333,0.083333,75.2547960281372,2025-12-25T14:02:15.467833,2025-12-25T14:43:57.168082,,,,,,,,,,0,0,0
Closure,36,FlexFL,No,,0.0,0.0,N/A,N/A,N/A,N/A,N/A,N/A,N/A,N/A,N/A,N/A,N/A,N/A,0,0,0
Closure,36,boostnsift,Yes,619.0,0.001616,0.001616,43.379252672195435,2025-11-18T15:44:09.478486,2025-12-22T16:51:27.706716,123.202,400.07,988825622.6,1523639648.0,134861973094.0,876.0,0.0,0.0,0.0,0,0,0
Closure,36,buglocator,Yes,111.0,0.009009,0.009009,24.59396505355835,2025-11-18T15:44:11.490802,2025-12-22T16:51:27.706716,121.69666666666666,338.21,515607887.6666667,1491427393.0,134861973094.0,516.0,0.0,0.0,0.0,0,0,0
Closure,36,locus,Yes,55.0,0.018182,0.018182,75.12670278549194,2025-12-25T14:02:17.415919,2025-12-25T14:43:57.168082,,,,,,,,,,0,0,0
Closure,37,FlexFL,Yes,3.0,0.3333333333333333,0.3333333333333333,N/A,N/A,N/A,N/A,N/A,N/A,N/A,N/A,N/A,N/A,N/A,N/A,0,1,1
Closure,37,boostnsift,Yes,31.0,0.032258,0.032258,36.214884519577026,2025-11-18T15:44:47.709020,2025-12-22T16:51:27.706716,148.34333333333333,419.05,315160002.0,560673587.0,134861973094.0,806.0,0.0,0.0,0.0,0,0,0
Closure,37,buglocator,Yes,1.0,1.0,1.0,21.694878339767456,2025-11-18T15:44:54.130965,2025-12-22T16:51:27.706716,57.375,89.64,779940265.5,1467805073.0,134861973094.0,586.0,0.0,0.0,0.0,1,1,1
Closure,37,locus,Yes,1.0,1.0,1.0,121.16314196586607,2025-12-25T14:04:16.632649,2025-12-25T14:43:57.168082,,,,,,,,,,1,1,1
Closure,38,FlexFL,Yes,2.0,0.5,0.5,N/A,N/A,N/A,N/A,N/A,N/A,N/A,N/A,N/A,N/A,N/A,N/A,0,1,1
Closure,38,boostnsift,Yes,139.0,0.007194,0.007194,41.63761353492737,2025-11-18T15:45:35.771838,2025-12-22T16:51:27.706716,136.9025,454.27,785757241.0,1404454305.0,134861973094.0,806.0,0.0,0.0,0.0,0,0,0
Closure,38,buglocator,Yes,328.0,0.003049,0.003049,26.284151315689087,2025-11-18T15:45:37.366372,2025-12-22T16:51:27.706716,76.55333333333333,197.68,503412948.6666667,1469952557.0,134861973094.0,516.0,0.0,0.0,0.0,0,0,0
Closure,38,locus,Yes,100.0,0.01,0.01,117.20852494239809,2025-12-25T14:04:14.633546,2025-12-25T14:43:57.168082,,,,,,,,,,0,0,0
Closure,39,FlexFL,No,,0.0,0.0,N/A,N/A,N/A,N/A,N/A,N/A,N/A,N/A,N/A,N/A,N/A,N/A,0,0,0
Closure,39,boostnsift,Yes,182.0,0.005495,0.005495,44.452046394348145,2025-11-18T15:46:21.821470,2025-12-22T16:51:27.706716,144.02749999999995,542.54,369248173.75,1008520396.0,134861973094.0,806.0,0.0,0.0,0.0,0,0,0
Closure,39,buglocator,Yes,415.0,0.00241,0.00241,24.252716064453125,2025-11-18T15:46:26.541663,2025-12-22T16:51:27.706716,43.51333333333333,126.98,506268570.6666667,1453846429.0,134861973094.0,586.0,0.0,0.0,0.0,0,0,0
Closure,39,locus,Yes,50.0,0.02,0.02,81.91827297210693,2025-12-25T14:05:36.557386,2025-12-25T14:43:57.168082,,,,,,,,,,0,0,0
Closure,40,FlexFL,No,,0.0,0.0,N/A,N/A,N/A,N/A,N/A,N/A,N/A,N/A,N/A,N/A,N/A,N/A,0,0,0
Closure,40,boostnsift,Yes,32.0,0.03125,0.03125,42.13901662826538,2025-11-18T15:47:55.595937,2025-12-22T16:51:27.706716,168.31500000000003,462.72,838577159.75,1519344680.0,134861973094.0,766.0,0.0,0.0,0.0,0,0,0
Closure,40,buglocator,Yes,5.0,0.2,0.2,25.62608337402344,2025-11-18T15:47:49.220949,2025-12-22T16:51:27.706716,233.71333333333337,536.37,833891947.6666666,1536524550.0,134861973094.0,806.0,0.0,0.0,,0,1,1
Closure,40,locus,Yes,8.0,0.125,0.125,42.91856002807617,2025-12-25T14:06:05.140101,2025-12-25T14:43:57.168082,,,,,,,,,,0,0,1
Closure,41,FlexFL,No,,0.0,0.0,N/A,N/A,N/A,N/A,N/A,N/A,N/A,N/A,N/A,N/A,N/A,N/A,0,0,0
Closure,41,boostnsift,Yes,66.0,0.015152,0.015152,39.53875732421875,2025-11-18T15:48:35.137860,2025-12-22T16:51:27.706716,150.245,578.51,245613199.0,596534886.0,134861973094.0,806.0,0.0,0.0,0.0,0,0,0
Closure,41,buglocator,Yes,10.0,0.1,0.1,26.69773817062378,2025-11-18T15:48:28.488301,2025-12-22T16:51:27.706716,329.19,333.43,856743214.5,1440961527.0,134861973094.0,626.0,0.0,0.0,0.0,0,0,1
Closure,41,locus,Yes,16.0,0.0625,0.0625,42.568326234817505,2025-12-25T14:06:19.135020,2025-12-25T14:43:57.168082,,,,,,,,,,0,0,0
Closure,42,FlexFL,Yes,1.0,1.0,1.0,N/A,N/A,N/A,N/A,N/A,N/A,N/A,N/A,N/A,N/A,N/A,N/A,1,1,1
Closure,42,boostnsift,Yes,205.0,0.004878,0.004878,40.10340833663941,2025-11-18T15:49:15.254543,2025-12-22T16:51:27.706716,148.67000000000002,481.35,818917408.5,1480689975.0,134861973094.0,806.0,0.0,0.0,0.0,0,0,0
Closure,42,buglocator,Yes,7.0,0.142857,0.142857,21.043519735336304,2025-11-18T15:49:13.235031,2025-12-22T16:51:27.706716,185.79,284.76,906236002.0,1494648619.0,134861973094.0,516.0,0.0,0.0,0.0,0,0,1
Closure,42,locus,Yes,5.0,0.2,0.2,90.45531630516052,2025-12-25T14:07:35.598633,2025-12-25T14:43:57.168082,,,,,,,,,,0,1,1
Closure,43,FlexFL,No,,0.0,0.0,N/A,N/A,N/A,N/A,N/A,N/A,N/A,N/A,N/A,N/A,N/A,N/A,0,0,0
Closure,43,boostnsift,Yes,51.0,0.019608,0.019608,46.45539402961731,2025-11-18T15:50:02.976511,2025-12-22T16:51:27.706716,105.206,279.3,911954515.8,1478542491.0,134861973094.0,766.0,0.0,0.0,0.0,0,0,0
Closure,43,buglocator,Yes,1.0,1.0,1.0,26.772103786468502,2025-11-18T15:49:52.617742,2025-12-22T16:51:27.706716,127.68666666666668,348.56,340165044.6666667,953260441.0,134861973094.0,736.0,0.0,0.0,0.0,1,1,1
Closure,43,locus,Yes,2.0,0.5,0.5,52.43061900138855,2025-12-25T14:07:11.573950,2025-12-25T14:43:57.168082,,,,,,,,,,0,1,1
Closure,44,FlexFL,No,,0.0,0.0,N/A,N/A,N/A,N/A,N/A,N/A,N/A,N/A,N/A,N/A,N/A,N/A,0,0,0
Closure,44,boostnsift,No,,0.0,0.0,44.23777222633362,2025-11-18T15:50:47.839407,2025-12-22T16:51:27.706716,120.80200000000002,546.26,536565985.6,1144608784.0,134861973094.0,876.0,0.0,0.0,0.0,0,0,0
Closure,44,buglocator,Yes,916.0,0.001092,0.001092,25.301231384277344,2025-11-18T15:50:40.725113,2025-12-22T16:51:27.706716,162.79333333333332,457.76,337256993.6666667,972344524.0,134861973094.0,516.0,0.0,0.0,0.0,0,0,0
Closure,44,locus,Yes,276.0,0.003623,0.003623,80.71909022331238,2025-12-25T14:08:32.307276,2025-12-25T14:43:57.168082,,,,,,,,,,0,0,0
Closure,45,FlexFL,No,,0.0,0.0,N/A,N/A,N/A,N/A,N/A,N/A,N/A,N/A,N/A,N/A,N/A,N/A,0,0,0
Closure,45,boostnsift,Yes,13.0,0.076923,0.076923,55.15655016899109,2025-11-18T15:51:43.002551,2025-12-22T16:51:27.706716,153.2625,416.8,865057373.75,1541893259.0,134861973094.0,766.0,0.0,0.0,0.0,0,0,0
Closure,45,buglocator,Yes,172.0,0.005814,0.005814,32.190014362335205,2025-11-18T15:51:36.595907,2025-12-22T16:51:27.706716,214.88333333333335,514.11,699039481.0,1489279909.0,134861973094.0,806.0,0.0,0.0,0.0,0,0,0
Closure,45,locus,Yes,80.0,0.0125,0.0125,77.0797119140625,2025-12-25T14:08:52.681970,2025-12-25T14:43:57.168082,,,,,,,,,,0,0,0
Closure,46,FlexFL,Yes,1.0,1.0,1.0,N/A,N/A,N/A,N/A,N/A,N/A,N/A,N/A,N/A,N/A,N/A,N/A,1,1,1
Closure,46,boostnsift,Yes,10.0,0.1,0.1,49.213707447052,2025-11-18T15:52:32.219559,2025-12-22T16:51:27.706716,134.885,367.37,491556699.75,797442048.0,134861973094.0,696.0,0.0,0.0,0.0,0,0,1
Closure,46,buglocator,Yes,10.0,0.1,0.1,26.819016695022583,2025-11-18T15:52:26.695201,2025-12-22T16:51:27.706716,180.64,390.65,687247195.6666666,1042703974.0,134861973094.0,806.0,0.0,0.0,0.0,0,0,1
Closure,46,locus,Yes,1.0,1.0,1.0,133.249529838562,2025-12-25T14:10:45.557227,2025-12-25T14:43:57.168082,,,,,,,,,,1,1,1
Closure,47,FlexFL,No,,0.0,0.0,N/A,N/A,N/A,N/A,N/A,N/A,N/A,N/A,N/A,N/A,N/A,N/A,0,0,0
Closure,47,boostnsift,Yes,110.0,0.009091,0.009091,39.099952697753906,2025-11-18T15:53:11.322632,2025-12-22T16:51:27.706716,157.9725,608.61,234608394.0,553228697.0,134861973094.0,806.0,0.0,0.0,0.0,0,0,0
Closure,47,buglocator,Yes,65.0,0.015385,0.015385,23.19799113273621,2025-11-18T15:53:09.314338,2025-12-22T16:51:27.706716,49.185,95.44,763565702.5,1486058684.0,134861973094.0,586.0,0.0,0.0,0.0,0,0,0
Closure,47,locus,Yes,21.0,0.047619,0.047619,119.63941192626952,2025-12-25T14:10:52.323287,2025-12-25T14:43:57.168082,,,,,,,,,,0,0,0
Closure,48,FlexFL,Yes,4.0,0.25,0.25,N/A,N/A,N/A,N/A,N/A,N/A,N/A,N/A,N/A,N/A,N/A,N/A,0,1,1
Closure,48,boostnsift,Yes,19.0,0.052632,0.052632,36.51128888130188,2025-11-18T15:53:47.848983,2025-12-22T16:51:27.706716,178.07666666666668,411.03,368518539.6666667,659030016.0,134861973094.0,806.0,0.0,0.0,0.0,0,0,0
Closure,48,buglocator,Yes,1.0,1.0,1.0,24.61141872406006,2025-11-18T15:53:53.287905,2025-12-22T16:51:27.706716,105.375,154.84,850279792.0,1497869844.0,134861973094.0,586.0,0.0,0.0,,1,1,1
Closure,48,locus,Yes,8.0,0.125,0.125,72.77212882041931,2025-12-25T14:11:58.331692,2025-12-25T14:43:57.168082,,,,,,,,,,0,0,1
Closure,49,FlexFL,No,,0.0,0.0,N/A,N/A,N/A,N/A,N/A,N/A,N/A,N/A,N/A,N/A,N/A,N/A,0,0,0
Closure,49,boostnsift,Yes,55.0,0.018182,0.018182,45.26502704620361,2025-11-18T15:54:38.556251,2025-12-22T16:51:27.706716,110.155,411.43,282869104.25,770598502.0,134861973094.0,806.0,0.0,0.0,0.0,0,0,0
Closure,49,buglocator,Yes,29.0,0.034483,0.034483,25.910470962524418,2025-11-18T15:54:36.567781,2025-12-22T16:51:27.706716,196.53,458.05,936669871.6666666,1520418422.0,134861973094.0,586.0,0.0,0.0,0.0,0,0,0
Closure,49,locus,Yes,201.0,0.004975,0.004975,64.01199221611023,2025-12-25T14:11:56.339212,2025-12-25T14:43:57.168082,,,,,,,,,,0,0,0
Closure,50,FlexFL,No,,0.0,0.0,N/A,N/A,N/A,N/A,N/A,N/A,N/A,N/A,N/A,N/A,N/A,N/A,0,0,0
Closure,50,boostnsift,Yes,6.0,0.166667,0.166667,51.415472984313965,2025-11-18T15:56:19.991914,2025-12-22T16:51:27.706716,140.98,518.58,892460649.2,1537598291.0,134861973094.0,876.0,0.0,0.0,0.0,0,0,1
Closure,50,buglocator,Yes,117.0,0.008547,0.008547,24.991122484207153,2025-11-18T15:56:17.981962,2025-12-22T16:51:27.706716,237.65,544.57,871958052.3333334,1490353651.0,134861973094.0,586.0,0.0,0.0,0.0,0,0,0
Closure,50,locus,Yes,186.0,0.005376,0.005376,46.27127504348755,2025-12-25T14:12:44.604371,2025-12-25T14:43:57.168082,,,,,,,,,,0,0,0
Closure,51,FlexFL,No,,0.0,0.0,N/A,N/A,N/A,N/A,N/A,N/A,N/A,N/A,N/A,N/A,N/A,N/A,0,0,0
Closure,51,boostnsift,Yes,328.0,0.003049,0.003049,45.66168594360352,2025-11-18T15:57:05.657043,2025-12-22T16:51:27.706716,138.876,625.27,460410846.8,1100585369.0,134861973094.0,806.0,0.0,0.0,0.0,0,0,0
Closure,51,buglocator,Yes,790.0,0.001266,0.001266,25.591864585876465,2025-11-18T15:57:03.658566,2025-12-22T16:51:27.706716,117.55333333333331,350.02,401246693.6666667,1163936137.0,134861973094.0,516.0,0.0,0.0,0.0,0,0,0
Closure,51,locus,Yes,246.0,0.004065,0.004065,88.7274079322815,2025-12-25T14:14:13.333427,2025-12-25T14:43:57.168082,,,,,,,,,,0,0,0
Closure,52,FlexFL,No,,0.0,0.0,N/A,N/A,N/A,N/A,N/A,N/A,N/A,N/A,N/A,N/A,N/A,N/A,0,0,0
Closure,52,boostnsift,Yes,58.0,0.017241,0.017241,40.37220478057861,2025-11-18T15:57:46.050104,2025-12-22T16:51:27.706716,171.5625,549.25,817206132.25,1513975971.0,134861973094.0,876.0,0.0,0.0,0.0,0,0,0
Closure,52,buglocator,Yes,124.0,0.008065,0.008065,24.93353390693665,2025-11-18T15:57:48.040929,2025-12-22T16:51:27.706716,130.14,358.5,374528977.3333333,1083405500.0,134861973094.0,516.0,0.0,0.0,0.0,0,0,0
Closure,52,locus,Yes,70.0,0.014286,0.014286,70.86635899543762,2025-12-25T14:14:35.854533,2025-12-25T14:43:57.168082,,,,,,,,,,0,0,0
Closure,53,FlexFL,No,,0.0,0.0,N/A,N/A,N/A,N/A,N/A,N/A,N/A,N/A,N/A,N/A,N/A,N/A,0,0,0
Closure,53,boostnsift,Yes,241.0,0.004149,0.004149,39.957016468048096,2025-11-18T15:58:28.011013,2025-12-22T16:51:27.706716,198.07333333333335,448.62,469346112.3333333,913729126.0,134861973094.0,806.0,0.0,0.0,0.0,0,0,0
Closure,53,buglocator,Yes,21.0,0.047619,0.047619,23.47490668296814,2025-11-18T15:58:30.251428,2025-12-22T16:51:27.706716,82.87,138.81,791157932.0,1488206168.0,134861973094.0,586.0,0.0,0.0,0.0,0,0,0
Closure,53,locus,Yes,1.0,1.0,1.0,86.20783591270447,2025-12-25T14:15:39.560931,2025-12-25T14:43:57.168082,,,,,,,,,,1,1,1
Closure,54,FlexFL,Yes,1.0,1.0,1.0,N/A,N/A,N/A,N/A,N/A,N/A,N/A,N/A,N/A,N/A,N/A,N/A,1,1,1
Closure,54,boostnsift,Yes,66.0,0.015152,0.015152,48.345299243927,2025-11-18T15:59:18.599868,2025-12-22T16:51:27.706716,122.84,554.66,378221362.8,817260134.0,134861973094.0,806.0,0.0,0.0,0.0,0,0,0
Closure,54,buglocator,Yes,11.0,0.090909,0.090909,25.75815057754517,2025-11-18T15:59:16.590757,2025-12-22T16:51:27.706716,110.21666666666664,328.69,495562609.6666667,1427002884.0,134861973094.0,516.0,0.0,0.0,0.0,0,0,0
Closure,54,locus,Yes,16.0,0.0625,0.0625,80.37823987007141,2025-12-25T14:15:56.236550,2025-12-25T14:43:57.168082,,,,,,,,,,0,0,0
Closure,55,FlexFL,No,,0.0,0.0,N/A,N/A,N/A,N/A,N/A,N/A,N/A,N/A,N/A,N/A,N/A,N/A,0,0,0
Closure,55,boostnsift,Yes,208.0,0.004808,0.004808,50.38955712318421,2025-11-18T16:00:08.992738,2025-12-22T16:51:27.706716,112.154,490.52,660222036.8,1478542491.0,134861973094.0,806.0,0.0,0.0,0.0,0,0,0
Closure,55,buglocator,Yes,99.0,0.010101,0.010101,26.60324549674988,2025-11-18T16:00:02.599950,2025-12-22T16:51:27.706716,61.63,105.92,771977379.0,1465657589.0,134861973094.0,586.0,0.0,0.0,0.0,0,0,0
Closure,55,locus,Yes,277.0,0.00361,0.00361,64.71405267715454,2025-12-25T14:16:44.278494,2025-12-25T14:43:57.168082,,,,,,,,,,0,0,0
Closure,56,FlexFL,No,,0.0,0.0,N/A,N/A,N/A,N/A,N/A,N/A,N/A,N/A,N/A,N/A,N/A,N/A,0,0,0
Closure,56,boostnsift,Yes,78.0,0.012821,0.012821,44.538735151290894,2025-11-18T16:00:53.541126,2025-12-22T16:51:27.706716,132.92,433.9,1003007403.0,1495722360.0,134861973094.0,876.0,0.0,0.0,0.0,0,0,0
Closure,56,buglocator,Yes,46.0,0.021739,0.01433,24.708194971084595,2025-11-18T16:00:47.060802,2025-12-22T16:51:27.706716,222.64333333333332,507.4,762506990.3333334,1492501135.0,134861973094.0,586.0,0.0,0.0,0.0,0,0,0
Closure,56,locus,Yes,190.0,0.005263,0.005263,54.10155630111694,2025-12-25T14:16:50.435051,2025-12-25T14:43:57.168082,,,,,,,,,,0,0,0
Closure,57,FlexFL,Yes,3.0,0.3333333333333333,0.3333333333333333,N/A,N/A,N/A,N/A,N/A,N/A,N/A,N/A,N/A,N/A,N/A,N/A,0,1,1
Closure,57,boostnsift,Yes,24.0,0.041667,0.041667,41.96722197532654,2025-11-18T16:01:35.519898,2025-12-22T16:51:27.706716,53.406666666666666,107.92,434253769.0,743754956.0,134861973094.0,696.0,0.0,0.0,0.0,0,0,0
Closure,57,buglocator,Yes,206.0,0.004854,0.004854,26.43472409248352,2025-11-18T16:01:33.313255,2025-12-22T16:51:27.706716,115.99666666666668,318.51,317599689.0,912680550.0,134861973094.0,736.0,0.0,0.0,0.0,0,0,0
Closure,57,locus,Yes,119.0,0.008403,0.008403,65.92262196540833,2025-12-25T14:17:50.205628,2025-12-25T14:43:57.168082,,,,,,,,,,0,0,0
Closure,58,FlexFL,No,,0.0,0.0,N/A,N/A,N/A,N/A,N/A,N/A,N/A,N/A,N/A,N/A,N/A,N/A,0,0,0
Closure,58,boostnsift,Yes,178.0,0.005618,0.005618,46.92858576774597,2025-11-18T16:02:22.451944,2025-12-22T16:51:27.706716,116.905,443.85,246006415.25,565706752.0,134861973094.0,806.0,0.0,0.0,0.0,0,0,0
Closure,58,buglocator,Yes,609.0,0.001642,0.001642,24.24867272377014,2025-11-18T16:02:20.440472,2025-12-22T16:51:27.706716,174.29333333333332,349.1,673989700.0,1023410176.0,134861973094.0,586.0,0.0,0.0,0.0,0,0,0
Closure,58,locus,Yes,757.0,0.001321,0.001321,75.64012598991394,2025-12-25T14:18:06.083332,2025-12-25T14:43:57.168082,,,,,,,,,,0,0,0
Closure,59,FlexFL,No,,0.0,0.0,N/A,N/A,N/A,N/A,N/A,N/A,N/A,N/A,N/A,N/A,N/A,N/A,0,0,0
Closure,59,boostnsift,Yes,3.0,0.333333,0.333333,44.5646288394928,2025-11-18T16:03:07.019615,2025-12-22T16:51:27.706716,166.61,566.76,843968937.5,1508607262.0,134861973094.0,806.0,0.0,0.0,0.0,0,1,1
Closure,59,buglocator,Yes,9.0,0.111111,0.111111,25.319571256637573,2025-11-18T16:03:05.018512,2025-12-22T16:51:27.706716,141.04999999999998,392.5,341098277.3333333,983459430.0,134861973094.0,516.0,0.0,0.0,0.0,0,0,1
Closure,59,locus,Yes,1.0,1.0,1.0,120.0451991558075,2025-12-25T14:19:50.282754,2025-12-25T14:43:57.168082,,,,,,,,,,1,1,1
Closure,60,FlexFL,No,,0.0,0.0,N/A,N/A,N/A,N/A,N/A,N/A,N/A,N/A,N/A,N/A,N/A,N/A,0,0,0
Closure,60,boostnsift,Yes,3.0,0.333333,0.333333,42.009087800979614,2025-11-18T16:04:36.022923,2025-12-22T16:51:27.706716,166.13250000000002,644.33,339376865.0,929143193.0,134861973094.0,806.0,0.0,0.0,0.0,0,1,1
Closure,60,buglocator,Yes,14.0,0.071429,0.071429,22.9975368976593,2025-11-18T16:04:34.285850,2025-12-22T16:51:27.706716,87.43,161.83,769998716.5,1459215138.0,134861973094.0,586.0,0.0,0.0,0.0,0,0,0
Closure,60,locus,Yes,16.0,0.0625,0.0625,90.87326002120972,2025-12-25T14:21:21.182964,2025-12-25T14:43:57.168082,,,,,,,,,,0,0,0
Closure,61,FlexFL,No,,0.0,0.0,N/A,N/A,N/A,N/A,N/A,N/A,N/A,N/A,N/A,N/A,N/A,N/A,0,0,0
Closure,61,boostnsift,Yes,55.0,0.018182,0.018182,35.44496440887451,2025-11-18T16:05:11.483822,2025-12-22T16:51:27.706716,166.85333333333335,379.41,362534665.6666667,643511091.0,134861973094.0,806.0,0.0,0.0,0.0,0,0,0
Closure,61,buglocator,Yes,8.0,0.125,0.125,23.80140519142151,2025-11-18T16:05:17.530097,2025-12-22T16:51:27.706716,47.045,92.03,761066946.0,1454920171.0,134861973094.0,586.0,0.0,0.0,,0,0,1
Closure,61,locus,Yes,7.0,0.142857,0.142857,83.5425672531128,2025-12-25T14:21:22.591239,2025-12-25T14:43:57.168082,,,,,,,,,,0,0,1
Closure,62,FlexFL,Yes,1.0,1.0,1.0,N/A,N/A,N/A,N/A,N/A,N/A,N/A,N/A,N/A,N/A,N/A,N/A,1,1,1
Closure,62,boostnsift,Yes,35.0,0.028571,0.028571,45.07560753822327,2025-11-18T16:06:02.618849,2025-12-22T16:51:27.706716,123.94599999999998,547.13,499918254.4,1190779682.0,134861973094.0,806.0,0.0,0.0,0.0,0,0,0
Closure,62,buglocator,Yes,314.0,0.003185,0.003185,25.15282416343689,2025-11-18T16:05:55.991722,2025-12-22T16:51:27.706716,98.65,292.93,383731280.3333333,1096290402.0,134861973094.0,626.0,0.0,0.0,0.0,0,0,0
Closure,62,locus,Yes,225.0,0.004444,0.004444,98.50860524177553,2025-12-25T14:22:59.694320,2025-12-25T14:43:57.168082,,,,,,,,,,0,0,0
Closure,64,FlexFL,Yes,4.0,0.25,0.25,N/A,N/A,N/A,N/A,N/A,N/A,N/A,N/A,N/A,N/A,N/A,N/A,0,1,1
Closure,64,boostnsift,Yes,2.0,0.5,0.5,28.2231285572052,2025-11-18T16:06:30.845078,2025-12-22T16:51:27.706716,89.5375,262.25,664972295.75,1199369617.0,134861973094.0,806.0,0.0,0.0,0.0,0,1,1
Closure,64,buglocator,Yes,6.0,0.166667,0.166667,16.398379802703857,2025-11-18T16:06:28.852533,2025-12-22T16:51:27.706716,252.97,389.23,761679314.5,1220844453.0,134861973094.0,516.0,0.0,0.0,0.0,0,0,1
Closure,64,locus,Yes,1.0,1.0,1.0,95.53451991081238,2025-12-25T14:22:58.147071,2025-12-25T14:43:57.168082,,,,,,,,,,1,1,1
Closure,65,FlexFL,Yes,1.0,1.0,1.0,N/A,N/A,N/A,N/A,N/A,N/A,N/A,N/A,N/A,N/A,N/A,N/A,1,1,1
Closure,65,boostnsift,Yes,14.0,0.071429,0.071429,25.897746801376343,2025-11-18T16:06:56.746447,2025-12-22T16:51:27.706716,135.16,351.45,740962598.25,1210107035.0,134861973094.0,586.0,0.0,0.0,,0,0,0
Closure,65,buglocator,Yes,1.0,1.0,1.0,14.611719608306885,2025-11-18T16:06:59.308528,2025-12-22T16:51:27.706716,166.54,239.26,695453351.5,1184337231.0,134861973094.0,516.0,0.0,0.0,0.0,1,1,1
Closure,65,locus,Yes,1.0,1.0,1.0,67.59091091156006,2025-12-25T14:24:05.743665,2025-12-25T14:43:57.168082,,,,,,,,,,1,1,1
Closure,66,FlexFL,Yes,1.0,1.0,1.0,N/A,N/A,N/A,N/A,N/A,N/A,N/A,N/A,N/A,N/A,N/A,N/A,1,1,1
Closure,66,boostnsift,Yes,29.0,0.034483,0.034483,34.63860082626343,2025-11-18T16:07:33.950283,2025-12-22T16:51:27.706716,88.27499999999999,379.11,1013639195.0,1535450808.0,134861973094.0,876.0,0.0,0.0,0.0,0,0,0
Closure,66,buglocator,Yes,45.0,0.022222,0.022222,19.25246739387512,2025-11-18T16:07:31.958194,2025-12-22T16:51:27.706716,418.495,739.91,830587535.0,1213328261.0,134861973094.0,586.0,0.0,0.0,0.0,0,0,0
Closure,66,locus,Yes,16.0,0.0625,0.0625,63.665685176849365,2025-12-25T14:24:03.361531,2025-12-25T14:43:57.168082,,,,,,,,,,0,0,0
Closure,67,FlexFL,No,,0.0,0.0,N/A,N/A,N/A,N/A,N/A,N/A,N/A,N/A,N/A,N/A,N/A,N/A,0,0,0
Closure,67,boostnsift,Yes,97.0,0.010309,0.010309,27.50246024131775,2025-11-18T16:08:01.456225,2025-12-22T16:51:27.706716,125.215,347.65,857675398.75,1486058684.0,134861973094.0,806.0,0.0,0.0,0.0,0,0,0
Closure,67,buglocator,Yes,49.0,0.020408,0.020408,14.647155046463013,2025-11-18T16:08:02.456846,2025-12-22T16:51:27.706716,202.42,299.28,705410629.0,1166083620.0,134861973094.0,516.0,0.0,0.0,0.0,0,0,0
Closure,67,locus,Yes,60.0,0.016667,0.016667,50.287397146224976,2025-12-25T14:24:53.695568,2025-12-25T14:43:57.168082,,,,,,,,,,0,0,0
Closure,68,FlexFL,Yes,1.0,1.0,0.5555555555555555,N/A,N/A,N/A,N/A,N/A,N/A,N/A,N/A,N/A,N/A,N/A,N/A,1,1,1
Closure,68,boostnsift,Yes,7.0,0.142857,0.142857,27.94110631942749,2025-11-18T16:08:30.412583,2025-12-22T16:51:27.706716,127.6475,330.91,812339691.0,1449551462.0,134861973094.0,806.0,0.0,0.0,0.0,0,0,1
Closure,68,buglocator,Yes,1.0,1.0,1.0,15.204573154449465,2025-11-18T16:08:32.420539,2025-12-22T16:51:27.706716,180.18,262.18,732199648.5,1197222133.0,134861973094.0,516.0,0.0,0.0,0.0,1,1,1
Closure,68,locus,Yes,6.0,0.166667,0.166667,53.72023177146912,2025-12-25T14:24:59.465054,2025-12-25T14:43:57.168082,,,,,,,,,,0,0,1
Closure,69,FlexFL,No,,0.0,0.0,N/A,N/A,N/A,N/A,N/A,N/A,N/A,N/A,N/A,N/A,N/A,N/A,0,0,0
Closure,69,boostnsift,Yes,33.0,0.030303,0.030303,30.48784041404724,2025-11-18T16:09:02.912009,2025-12-22T16:51:27.706716,61.1625,221.32,359509524.0,983144857.0,134861973094.0,806.0,0.0,0.0,0.0,0,0,0
Closure,69,buglocator,Yes,20.0,0.05,0.05,14.72502827644348,2025-11-18T16:09:00.894917,2025-12-22T16:51:27.706716,127.955,219.36,638897356.5,1061158912.0,134861973094.0,516.0,0.0,0.0,0.0,0,0,0
Closure,69,locus,Yes,13.0,0.076923,0.076923,55.652230978012085,2025-12-25T14:25:49.360619,2025-12-25T14:43:57.168082,,,,,,,,,,0,0,0
Closure,70,FlexFL,No,,0.0,0.0,N/A,N/A,N/A,N/A,N/A,N/A,N/A,N/A,N/A,N/A,N/A,N/A,0,0,0
Closure,70,boostnsift,Yes,146.0,0.006849,0.006849,28.870025634765625,2025-11-18T16:10:22.408398,2025-12-22T16:51:27.706716,120.4375,372.88,922590117.5,1496796102.0,134861973094.0,806.0,0.0,0.0,0.0,0,0,0
Closure,70,buglocator,Yes,14.0,0.071429,0.071429,17.07691240310669,2025-11-18T16:10:20.404670,2025-12-22T16:51:27.706716,378.38,756.76,243584204.5,487168409.0,134861973094.0,426.0,0.0,0.0,0.0,0,0,0
Closure,70,locus,Yes,18.0,0.055556,0.055556,63.62012314796448,2025-12-25T14:26:52.982480,2025-12-25T14:43:57.168082,,,,,,,,,,0,0,0
Closure,71,FlexFL,Yes,1.0,1.0,1.0,N/A,N/A,N/A,N/A,N/A,N/A,N/A,N/A,N/A,N/A,N/A,N/A,1,1,1
Closure,71,boostnsift,Yes,52.0,0.019231,0.019231,32.08014893531799,2025-11-18T16:10:54.491741,2025-12-22T16:51:27.706716,75.94,199.56,804257791.75,1460288880.0,134861973094.0,806.0,0.0,0.0,0.0,0,0,0
Closure,71,buglocator,Yes,56.0,0.017857,0.017857,15.287945747375488,2025-11-18T16:10:47.957099,2025-12-22T16:51:27.706716,147.1,194.03,673313717.5,1160714911.0,134861973094.0,516.0,0.0,0.0,0.0,0,0,0
Closure,71,locus,Yes,35.0,0.028571,0.028571,35.584961891174316,2025-12-25T14:27:19.835645,2025-12-25T14:43:57.168082,,,,,,,,,,0,0,0
Closure,72,FlexFL,No,,0.0,0.0,N/A,N/A,N/A,N/A,N/A,N/A,N/A,N/A,N/A,N/A,N/A,N/A,0,0,0
Closure,72,boostnsift,Yes,79.0,0.012658,0.012658,33.872920989990234,2025-11-18T16:11:28.368193,2025-12-22T16:51:27.706716,78.108,225.53,683338104.6,1050673152.0,134861973094.0,876.0,0.0,0.0,0.0,0,0,0
Closure,72,buglocator,Yes,19.0,0.052632,0.052632,15.072269439697266,2025-11-18T16:11:19.273588,2025-12-22T16:51:27.706716,175.93,247.28,687295430.0,1168231104.0,134861973094.0,516.0,0.0,0.0,0.0,0,0,0
Closure,72,locus,Yes,3.0,0.333333,0.333333,57.71913719177246,2025-12-25T14:27:50.708423,2025-12-25T14:43:57.168082,,,,,,,,,,0,1,1
Closure,73,FlexFL,Yes,1.0,1.0,1.0,N/A,N/A,N/A,N/A,N/A,N/A,N/A,N/A,N/A,N/A,N/A,N/A,1,1,1
Closure,73,boostnsift,Yes,5.0,0.2,0.2,27.332775831222538,2025-11-18T16:11:55.704038,2025-12-22T16:51:27.706716,72.435,269.31,452652957.25,1123133947.0,134861973094.0,806.0,0.0,0.0,0.0,0,1,1
Closure,73,buglocator,Yes,10.0,0.1,0.1,16.06097722053528,2025-11-18T16:11:51.005280,2025-12-22T16:51:27.706716,372.545,745.09,183553228.5,367106457.0,134861973094.0,426.0,0.0,0.0,0.0,0,0,1
Closure,73,locus,Yes,1.0,1.0,1.0,55.31961703300476,2025-12-25T14:28:15.166031,2025-12-25T14:43:57.168082,,,,,,,,,,1,1,1
Closure,74,FlexFL,Yes,1.0,1.0,1.0,N/A,N/A,N/A,N/A,N/A,N/A,N/A,N/A,N/A,N/A,N/A,N/A,1,1,1
Closure,74,boostnsift,Yes,63.0,0.015873,0.015873,27.993789434432983,2025-11-18T16:12:23.703649,2025-12-22T16:51:27.706716,91.34,348.39,500309687.75,1336808570.0,134861973094.0,806.0,0.0,0.0,0.0,0,0,0
Closure,74,buglocator,Yes,228.0,0.004386,0.004386,14.698200464248655,2025-11-18T16:12:21.689973,2025-12-22T16:51:27.706716,182.0,244.7,382625382.0,530894028.0,134861973094.0,516.0,0.0,0.0,0.0,0,0,0
Closure,74,locus,Yes,282.0,0.003546,0.003546,41.802820920944214,2025-12-25T14:28:32.517072,2025-12-25T14:43:57.168082,,,,,,,,,,0,0,0
Closure,75,FlexFL,Yes,1.0,1.0,0.7,N/A,N/A,N/A,N/A,N/A,N/A,N/A,N/A,N/A,N/A,N/A,N/A,1,1,1
Closure,75,boostnsift,Yes,108.0,0.009259,0.009259,26.053908348083496,2025-11-18T16:12:49.760327,2025-12-22T16:51:27.706716,104.83,298.04,562438689.6666666,976538828.0,134861973094.0,806.0,0.0,0.0,0.0,0,0,0
Closure,75,buglocator,Yes,61.0,0.016393,0.016393,14.410836458206177,2025-11-18T16:12:51.978621,2025-12-22T16:51:27.706716,125.895,216.68,591082290.5,966053068.0,134861973094.0,516.0,0.0,0.0,0.0,0,0,0
Closure,75,locus,Yes,71.0,0.014085,0.014085,40.25699710845947,2025-12-25T14:28:55.433436,2025-12-25T14:43:57.168082,,,,,,,,,,0,0,0
Closure,76,FlexFL,Yes,1.0,1.0,1.0,N/A,N/A,N/A,N/A,N/A,N/A,N/A,N/A,N/A,N/A,N/A,N/A,1,1,1
Closure,76,boostnsift,Yes,5.0,0.2,0.2,26.91867971420288,2025-11-18T16:13:18.900389,2025-12-22T16:51:27.706716,84.5925,314.29,414331698.75,1148903751.0,134861973094.0,806.0,0.0,0.0,0.0,0,1,1
Closure,76,buglocator,Yes,35.0,0.028571,0.028571,15.379724025726318,2025-11-18T16:13:20.914377,2025-12-22T16:51:27.706716,429.87,734.0,602406911.5,842950246.0,134861973094.0,586.0,0.0,0.0,0.0,0,0,0
Closure,76,locus,Yes,35.0,0.028571,0.028571,40.33772015571594,2025-12-25T14:29:12.857450,2025-12-25T14:43:57.168082,,,,,,,,,,0,0,0
Closure,77,FlexFL,Yes,1.0,1.0,1.0,N/A,N/A,N/A,N/A,N/A,N/A,N/A,N/A,N/A,N/A,N/A,N/A,1,1,1
Closure,77,boostnsift,Yes,1.0,1.0,1.0,33.90044665336609,2025-11-18T16:13:54.825508,2025-12-22T16:51:27.706716,69.4975,255.27,359265730.25,1013134131.0,134861973094.0,806.0,0.0,0.0,0.0,1,1,1
Closure,77,buglocator,Yes,29.0,0.034483,0.034483,14.454737901687622,2025-11-18T16:13:52.816665,2025-12-22T16:51:27.706716,149.555,213.1,615776255.5,1037356236.0,134861973094.0,516.0,0.0,0.0,0.0,0,0,0
Closure,77,locus,Yes,19.0,0.052632,0.052632,35.35836911201477,2025-12-25T14:29:30.805574,2025-12-25T14:43:57.168082,,,,,,,,,,0,0,0
Closure,78,FlexFL,Yes,1.0,1.0,1.0,N/A,N/A,N/A,N/A,N/A,N/A,N/A,N/A,N/A,N/A,N/A,N/A,1,1,1
Closure,78,boostnsift,Yes,1.0,1.0,1.0,26.82131004333496,2025-11-18T16:14:21.666357,2025-12-22T16:51:27.706716,93.8375,355.5,321134264.25,748683264.0,134861973094.0,806.0,0.0,0.0,0.0,1,1,1
Closure,78,buglocator,Yes,21.0,0.047619,0.047619,15.09063458442688,2025-11-18T16:14:23.662963,2025-12-22T16:51:27.706716,314.96,516.02,693161164.5,1066401792.0,134861973094.0,516.0,0.0,0.0,0.0,0,0,0
Closure,78,locus,Yes,38.0,0.026316,0.026316,35.70045208930969,2025-12-25T14:29:48.558812,2025-12-25T14:43:57.168082,,,,,,,,,,0,0,0
Closure,79,FlexFL,Yes,5.0,0.2,0.1,N/A,N/A,N/A,N/A,N/A,N/A,N/A,N/A,N/A,N/A,N/A,N/A,1,1,1
Closure,79,boostnsift,Yes,7.0,0.142857,0.142857,26.908432960510257,2025-11-18T16:14:50.574842,2025-12-22T16:51:27.706716,93.415,341.99,268865372.0,610271232.0,134861973094.0,806.0,0.0,0.0,0.0,0,0,1
Closure,79,buglocator,Yes,112.0,0.008929,0.008929,15.192535638809204,2025-11-18T16:14:52.594389,2025-12-22T16:51:27.706716,302.04,604.08,170760601.5,341521203.0,134861973094.0,426.0,0.0,0.0,0.0,0,0,0
Closure,79,locus,Yes,3.0,0.333333,0.333333,35.019920110702515,2025-12-25T14:30:05.836147,2025-12-25T14:43:57.168082,,,,,,,,,,0,1,1
Closure,80,FlexFL,Yes,4.0,0.25,0.125,N/A,N/A,N/A,N/A,N/A,N/A,N/A,N/A,N/A,N/A,N/A,N/A,1,1,1
Closure,80,boostnsift,Yes,57.0,0.017544,0.017544,26.75473713874817,2025-11-18T16:16:09.490582,2025-12-22T16:51:27.706716,90.665,338.85,508299837.0,762419609.0,134861973094.0,806.0,0.0,0.0,0.0,0,0,0
Closure,80,buglocator,Yes,20.0,0.05,0.05,15.648096084594728,2025-11-18T16:16:12.028224,2025-12-22T16:51:27.706716,137.86,242.88,546832383.5,901355929.0,134861973094.0,516.0,0.0,0.0,0.0,0,0,0
Closure,80,locus,Yes,20.0,0.05,0.05,38.96437692642212,2025-12-25T14:30:44.801776,2025-12-25T14:43:57.168082,,,,,,,,,,0,0,0
Closure,81,FlexFL,Yes,2.0,0.5,0.5,N/A,N/A,N/A,N/A,N/A,N/A,N/A,N/A,N/A,N/A,N/A,N/A,0,1,1
Closure,81,boostnsift,Yes,124.0,0.008065,0.008065,26.870559215545654,2025-11-18T16:16:38.901654,2025-12-22T16:51:27.706716,99.96249999999998,379.46,770760507.0,1296006381.0,134861973094.0,806.0,0.0,0.0,0.0,0,0,0
Closure,81,buglocator,Yes,3.0,0.333333,0.333333,15.643969535827637,2025-11-18T16:16:37.388059,2025-12-22T16:51:27.706716,317.545,635.09,162371993.5,324743987.0,134861973094.0,516.0,0.0,0.0,0.0,0,1,1
Closure,81,locus,Yes,5.0,0.2,0.2,29.58375024795532,2025-12-25T14:31:14.387568,2025-12-25T14:43:57.168082,,,,,,,,,,0,1,1
Closure,82,FlexFL,No,,0.0,0.0,N/A,N/A,N/A,N/A,N/A,N/A,N/A,N/A,N/A,N/A,N/A,N/A,0,0,0
Closure,82,boostnsift,Yes,78.0,0.012821,0.012821,26.53921890258789,2025-11-18T16:17:05.492001,2025-12-22T16:51:27.706716,99.435,379.68,905514057.25,1490353651.0,134861973094.0,806.0,0.0,0.0,0.0,0,0,0
Closure,82,buglocator,Yes,24.0,0.041667,0.041667,13.941458702087402,2025-11-18T16:17:03.453711,2025-12-22T16:51:27.706716,182.0,284.93,666078543.0,1080184274.0,134861973094.0,516.0,0.0,0.0,0.0,0,0,0
Closure,82,locus,Yes,191.0,0.005236,0.005236,36.721611976623535,2025-12-25T14:31:35.546084,2025-12-25T14:43:57.168082,,,,,,,,,,0,0,0
Closure,83,FlexFL,No,,0.0,0.0,N/A,N/A,N/A,N/A,N/A,N/A,N/A,N/A,N/A,N/A,N/A,N/A,0,0,0
Closure,83,boostnsift,Yes,1.0,1.0,1.0,22.7310893535614,2025-11-18T16:17:28.226392,2025-12-22T16:51:27.706716,129.47333333333333,369.15,358469686.3333333,650117120.0,134861973094.0,806.0,0.0,0.0,0.0,1,1,1
Closure,83,buglocator,Yes,2.0,0.5,0.5,14.585484981536863,2025-11-18T16:17:30.227480,2025-12-22T16:51:27.706716,143.21,286.42,133431296.0,266862592.0,134861973094.0,266.0,0.0,0.0,0.0,0,1,1
Closure,83,locus,Yes,8.0,0.125,0.125,32.73808479309082,2025-12-25T14:31:47.127569,2025-12-25T14:43:57.168082,,,,,,,,,,0,0,1
Closure,84,FlexFL,No,,0.0,0.0,N/A,N/A,N/A,N/A,N/A,N/A,N/A,N/A,N/A,N/A,N/A,N/A,0,0,0
Closure,84,boostnsift,Yes,120.0,0.008333,0.008333,27.712204456329346,2025-11-18T16:17:57.943024,2025-12-22T16:51:27.706716,55.105,202.53,419480731.25,1136018849.0,134861973094.0,806.0,0.0,0.0,0.0,0,0,0
Closure,84,buglocator,Yes,37.0,0.027027,0.027027,14.994396209716797,2025-11-18T16:17:55.401628,2025-12-22T16:51:27.706716,338.995,677.99,191574835.0,383149670.0,134861973094.0,426.0,0.0,0.0,0.0,0,0,0
Closure,84,locus,Yes,11.0,0.090909,0.090909,21.87864875793457,2025-12-25T14:31:57.429267,2025-12-25T14:43:57.168082,,,,,,,,,,0,0,0
Closure,85,FlexFL,Yes,5.0,0.2,0.1,N/A,N/A,N/A,N/A,N/A,N/A,N/A,N/A,N/A,N/A,N/A,N/A,0,1,1
Closure,85,boostnsift,Yes,60.0,0.016667,0.016667,26.22205114364624,2025-11-18T16:18:24.168481,2025-12-22T16:51:27.706716,123.95333333333332,352.74,435795175.6666667,829004185.0,134861973094.0,806.0,0.0,0.0,0.0,0,0,0
Closure,85,buglocator,Yes,349.0,0.002865,0.002865,14.777981519699097,2025-11-18T16:18:26.083984,2025-12-22T16:51:27.706716,219.82,439.64,145909350.0,291818700.0,134861973094.0,426.0,0.0,0.0,0.0,0,0,0
Closure,85,locus,Yes,341.0,0.002933,0.002933,32.261805057525635,2025-12-25T14:32:19.395879,2025-12-25T14:43:57.168082,,,,,,,,,,0,0,0
Closure,86,FlexFL,Yes,3.0,0.3333333333333333,0.3333333333333333,N/A,N/A,N/A,N/A,N/A,N/A,N/A,N/A,N/A,N/A,N/A,N/A,0,1,1
Closure,86,boostnsift,Yes,14.0,0.071429,0.071429,23.234797477722168,2025-11-18T16:18:49.322105,2025-12-22T16:51:27.706716,92.35666666666668,258.75,638635212.0,1283121479.0,134861973094.0,806.0,0.0,0.0,0.0,0,0,0
Closure,86,buglocator,Yes,42.0,0.02381,0.02381,14.952807903289797,2025-11-18T16:18:51.288302,2025-12-22T16:51:27.706716,327.835,655.67,171127603.0,342255206.0,134861973094.0,516.0,0.0,0.0,0.0,0,0,0
Closure,86,locus,Yes,10.0,0.1,0.1,32.12902808189392,2025-12-25T14:32:29.560089,2025-12-25T14:43:57.168082,,,,,,,,,,0,0,1
Closure,87,FlexFL,Yes,3.0,0.3333333333333333,0.3333333333333333,N/A,N/A,N/A,N/A,N/A,N/A,N/A,N/A,N/A,N/A,N/A,N/A,0,1,1
Closure,87,boostnsift,Yes,129.0,0.007752,0.007752,23.252026796340942,2025-11-18T16:19:14.543675,2025-12-22T16:51:27.706716,114.24666666666668,324.43,607281391.6666666,1233729355.0,134861973094.0,806.0,0.0,0.0,0.0,0,0,0
Closure,87,buglocator,Yes,15.0,0.066667,0.066667,15.056320428848268,2025-11-18T16:19:16.616207,2025-12-22T16:51:27.706716,198.14,396.28,164521574.0,329043148.0,134861973094.0,426.0,0.0,0.0,0.0,0,0,0
Closure,87,locus,Yes,6.0,0.166667,0.166667,30.34419298171997,2025-12-25T14:32:49.741632,2025-12-25T14:43:57.168082,,,,,,,,,,0,0,1
Closure,88,FlexFL,Yes,1.0,1.0,1.0,N/A,N/A,N/A,N/A,N/A,N/A,N/A,N/A,N/A,N/A,N/A,N/A,1,1,1
Closure,88,boostnsift,Yes,73.0,0.013699,0.013699,23.69355869293213,2025-11-18T16:19:40.312736,2025-12-22T16:51:27.706716,131.1233333333333,368.99,413883432.6666667,775946240.0,134861973094.0,806.0,0.0,0.0,0.0,0,0,0
Closure,88,buglocator,Yes,84.0,0.011905,0.011905,15.354254245758057,2025-11-18T16:19:42.049621,2025-12-22T16:51:27.706716,184.805,369.61,131491430.0,262982860.0,134861973094.0,266.0,0.0,0.0,0.0,0,0,0
Closure,88,locus,Yes,21.0,0.047619,0.047619,29.918392181396484,2025-12-25T14:32:59.479488,2025-12-25T14:43:57.168082,,,,,,,,,,0,0,0
Closure,89,FlexFL,No,,0.0,0.0,N/A,N/A,N/A,N/A,N/A,N/A,N/A,N/A,N/A,N/A,N/A,N/A,0,0,0
Closure,89,boostnsift,Yes,142.0,0.007042,0.007042,27.794979333877563,2025-11-18T16:20:09.847524,2025-12-22T16:51:27.706716,79.535,298.44,293210685.0,742496665.0,134861973094.0,806.0,0.0,0.0,0.0,0,0,0
Closure,89,buglocator,Yes,44.0,0.022727,0.022727,15.797882080078123,2025-11-18T16:20:08.328571,2025-12-22T16:51:27.706716,312.18,624.36,171389747.0,342779494.0,134861973094.0,426.0,0.0,0.0,0.0,0,0,0
Closure,89,locus,Yes,51.0,0.019608,0.019608,30.112197160720825,2025-12-25T14:33:19.863966,2025-12-25T14:43:57.168082,,,,,,,,,,0,0,0
Closure,90,FlexFL,Yes,1.0,1.0,0.5,N/A,N/A,N/A,N/A,N/A,N/A,N/A,N/A,N/A,N/A,N/A,N/A,1,1,1
Closure,90,boostnsift,Yes,32.0,0.03125,0.03125,27.196832418441772,2025-11-18T16:21:24.351660,2025-12-22T16:51:27.706716,70.60000000000001,192.68,594650944.6666666,1073741824.0,134861973094.0,806.0,0.0,0.0,,0,0,0
Closure,90,buglocator,Yes,16.0,0.0625,0.0625,18.36397933959961,2025-11-18T16:21:22.227095,2025-12-22T16:51:27.706716,405.965,811.93,201746022.0,403492044.0,134861973094.0,266.0,0.0,0.0,0.0,0,0,0
Closure,90,locus,Yes,12.0,0.083333,0.083333,32.28858757019043,2025-12-25T14:33:52.154303,2025-12-25T14:43:57.168082,,,,,,,,,,0,0,0
Closure,91,FlexFL,No,,0.0,0.0,N/A,N/A,N/A,N/A,N/A,N/A,N/A,N/A,N/A,N/A,N/A,N/A,0,0,0
Closure,91,boostnsift,Yes,19.0,0.052632,0.052632,23.956496715545654,2025-11-18T16:21:48.312077,2025-12-22T16:51:27.706716,126.53666666666668,360.94,373114797.6666667,614360678.0,134861973094.0,806.0,0.0,0.0,0.0,0,0,0
Closure,91,buglocator,Yes,106.0,0.009434,0.009434,15.834713220596312,2025-11-18T16:21:50.326996,2025-12-22T16:51:27.706716,270.585,541.17,151519232.0,303038464.0,134861973094.0,266.0,0.0,0.0,0.0,0,0,0
Closure,91,locus,Yes,3.0,0.333333,0.333333,29.777154207229614,2025-12-25T14:34:21.939567,2025-12-25T14:43:57.168082,,,,,,,,,,0,1,1
Closure,92,FlexFL,Yes,3.0,0.3333333333333333,0.3333333333333333,N/A,N/A,N/A,N/A,N/A,N/A,N/A,N/A,N/A,N/A,N/A,N/A,0,1,1
Closure,92,boostnsift,Yes,7.0,0.142857,0.142857,28.030617475509644,2025-11-18T16:22:18.375366,2025-12-22T16:51:27.706716,72.13499999999999,270.17,296524185.25,741238374.0,134861973094.0,806.0,0.0,0.0,0.0,0,0,1
Closure,92,buglocator,Yes,12.0,0.083333,0.083333,15.910561084747314,2025-11-18T16:22:16.350906,2025-12-22T16:51:27.706716,341.61,683.22,154035814.0,308071628.0,134861973094.0,426.0,0.0,0.0,0.0,0,0,0
Closure,92,locus,Yes,14.0,0.071429,0.071429,28.369165182113647,2025-12-25T14:34:40.674328,2025-12-25T14:43:57.168082,,,,,,,,,,0,0,0
Closure,94,FlexFL,Yes,5.0,0.2,0.2,N/A,N/A,N/A,N/A,N/A,N/A,N/A,N/A,N/A,N/A,N/A,N/A,0,1,1
Closure,94,boostnsift,Yes,26.0,0.038462,0.038462,26.899177312850952,2025-11-18T16:22:45.277428,2025-12-22T16:51:27.706716,66.405,252.67,449968602.75,1198295875.0,134861973094.0,806.0,0.0,0.0,0.0,0,0,0
Closure,94,buglocator,Yes,57.0,0.017544,0.017544,14.672429084777832,2025-11-18T16:22:43.270120,2025-12-22T16:51:27.706716,314.305,628.61,177261772.5,354523545.0,134861973094.0,266.0,0.0,0.0,0.0,0,0,0
Closure,94,locus,Yes,76.0,0.013158,0.013158,33.200469970703125,2025-12-25T14:34:55.140625,2025-12-25T14:43:57.168082,,,,,,,,,,0,0,0
Closure,95,boostnsift,Yes,28.0,0.035714,0.035714,27.421467542648315,2025-11-18T16:23:12.702259,2025-12-22T16:51:27.706716,61.7725,224.3,425540976.5,1054867456.0,134861973094.0,806.0,0.0,0.0,0.0,0,0,0
Closure,95,buglocator,Yes,15.0,0.066667,0.066667,16.90880060195923,2025-11-18T16:23:06.090250,2025-12-22T16:51:27.706716,351.9,703.8,214853222.0,429706444.0,134861973094.0,536.0,0.0,0.0,0.0,0,0,0
Closure,95,locus,Yes,29.0,0.034483,0.034483,13.46605110168457,2025-12-25T14:34:54.141660,2025-12-25T14:43:57.168082,,,,,,,,,,0,0,0
Closure,96,FlexFL,No,,0.0,0.0,N/A,N/A,N/A,N/A,N/A,N/A,N/A,N/A,N/A,N/A,N/A,N/A,0,0,0
Closure,96,boostnsift,Yes,37.0,0.027027,0.027027,27.67745614051819,2025-11-18T16:23:40.391111,2025-12-22T16:51:27.706716,45.0425,176.94,459031445.0,1142461300.0,134861973094.0,806.0,0.0,0.0,0.0,0,0,0
Closure,96,buglocator,Yes,10.0,0.1,0.1,15.149213552474976,2025-11-18T16:23:34.023724,2025-12-22T16:51:27.706716,168.17,336.34,139041177.5,278082355.0,134861973094.0,266.0,0.0,0.0,0.0,0,0,1
Closure,96,locus,Yes,10.0,0.1,0.1,28.82036185264587,2025-12-25T14:35:22.963104,2025-12-25T14:43:57.168082,,,,,,,,,,0,0,1
Closure,97,FlexFL,Yes,1.0,1.0,1.0,N/A,N/A,N/A,N/A,N/A,N/A,N/A,N/A,N/A,N/A,N/A,N/A,1,1,1
Closure,97,boostnsift,Yes,1.0,1.0,1.0,22.86514163017273,2025-11-18T16:24:03.259101,2025-12-22T16:51:27.706716,70.35333333333334,177.8,693177242.6666666,1260572901.0,134861973094.0,806.0,0.0,0.0,0.0,1,1,1
Closure,97,buglocator,Yes,16.0,0.0625,0.0625,14.700464487075806,2025-11-18T16:24:01.256630,2025-12-22T16:51:27.706716,167.57,335.14,152725094.0,305450188.0,134861973094.0,266.0,0.0,0.0,0.0,0,0,0
Closure,97,locus,Yes,34.0,0.029412,0.029412,26.7935950756073,2025-12-25T14:35:21.960166,2025-12-25T14:43:57.168082,,,,,,,,,,0,0,0
Closure,98,FlexFL,No,,0.0,0.0,N/A,N/A,N/A,N/A,N/A,N/A,N/A,N/A,N/A,N/A,N/A,N/A,0,0,0
Closure,98,boostnsift,Yes,254.0,0.003937,0.003937,22.99891233444214,2025-11-18T16:24:26.261144,2025-12-22T16:51:27.706716,67.87333333333333,124.82,480534418.3333333,902194790.0,134861973094.0,806.0,0.0,0.0,0.0,0,0,0
Closure,98,buglocator,Yes,255.0,0.003922,0.003922,14.52739143371582,2025-11-18T16:24:24.262869,2025-12-22T16:51:27.706716,131.105,262.21,111411200.0,222822400.0,134861973094.0,266.0,0.0,0.0,0.0,0,0,0
Closure,98,locus,Yes,62.0,0.016129,0.016129,21.089016914367676,2025-12-25T14:35:43.049681,2025-12-25T14:43:57.168082,,,,,,,,,,0,0,0
Closure,99,FlexFL,Yes,4.0,0.25,0.25,N/A,N/A,N/A,N/A,N/A,N/A,N/A,N/A,N/A,N/A,N/A,N/A,0,1,1
Closure,99,boostnsift,Yes,54.0,0.018519,0.018519,22.60733008384705,2025-11-18T16:24:48.871782,2025-12-22T16:51:27.706716,44.70666666666667,108.93,357019156.0,608803225.0,134861973094.0,806.0,0.0,0.0,0.0,0,0,0
Closure,99,buglocator,Yes,51.0,0.019608,0.019608,14.253979682922363,2025-11-18T16:24:46.865271,2025-12-22T16:51:27.706716,252.15,504.3,150156083.0,300312166.0,134861973094.0,516.0,0.0,0.0,0.0,0,0,0
Closure,99,locus,Yes,9.0,0.111111,0.111111,13.62032675743103,2025-12-25T14:35:36.587023,2025-12-25T14:43:57.168082,,,,,,,,,,0,0,1
Closure,100,FlexFL,Yes,1.0,1.0,1.0,N/A,N/A,N/A,N/A,N/A,N/A,N/A,N/A,N/A,N/A,N/A,N/A,1,1,1
Closure,100,boostnsift,Yes,33.0,0.030303,0.030303,27.45346975326538,2025-11-18T14:35:12.059766,2025-12-22T16:51:27.706716,43.42,152.18,270716108.5,656828006.0,134861973094.0,806.0,0.0,0.0,0.0,0,0,0
Closure,100,buglocator,Yes,19.0,0.052632,0.052632,14.566034317016602,2025-11-18T14:35:05.614763,2025-12-22T16:51:27.706716,247.85,495.7,144913203.0,289826406.0,134861973094.0,426.0,0.0,0.0,0.0,0,0,0
Closure,100,locus,Yes,5.0,0.2,0.2,15.247697830200195,2025-12-25T13:13:07.708987,2025-12-25T14:43:57.168082,,,,,,,,,,0,1,1
Closure,101,FlexFL,Yes,2.0,0.5,0.5,N/A,N/A,N/A,N/A,N/A,N/A,N/A,N/A,N/A,N/A,N/A,N/A,0,1,1
Closure,101,boostnsift,Yes,2.0,0.5,0.5,25.979951858520508,2025-11-18T14:35:38.052146,2025-12-22T16:51:27.706716,62.795,229.71,443780956.0,1051721728.0,134861973094.0,806.0,0.0,0.0,0.0,0,1,1
Closure,101,buglocator,Yes,1.0,1.0,1.0,12.751564025878906,2025-11-18T14:35:28.040309,2025-12-22T16:51:27.706716,618.87,618.87,406532915.0,406532915.0,134861973094.0,426.0,0.0,0.0,0.0,1,1,1
Closure,101,locus,Yes,14.0,0.071429,0.071429,18.404802083969116,2025-12-25T13:13:26.115952,2025-12-25T14:43:57.168082,,,,,,,,,,0,0,0
Closure,102,FlexFL,No,,0.0,0.0,N/A,N/A,N/A,N/A,N/A,N/A,N/A,N/A,N/A,N/A,N/A,N/A,0,0,0
Closure,102,boostnsift,Yes,190.0,0.005263,0.005263,26.301064491271973,2025-11-18T14:36:02.839432,2025-12-22T16:51:27.706716,30.5775,109.59,289330954.0,716911411.0,134861973094.0,806.0,0.0,0.0,0.0,0,0,0
Closure,102,buglocator,Yes,170.0,0.005882,0.005882,14.259258508682253,2025-11-18T14:35:52.315172,2025-12-22T16:51:27.706716,607.76,607.76,437780480.0,437780480.0,134861973094.0,626.0,0.0,0.0,0.0,0,0,0
Closure,102,locus,Yes,45.0,0.022222,0.022222,13.335138082504272,2025-12-25T13:13:39.455271,2025-12-25T14:43:57.168082,,,,,,,,,,0,0,0
Closure,103,FlexFL,Yes,3.0,0.3333333333333333,0.3333333333333333,N/A,N/A,N/A,N/A,N/A,N/A,N/A,N/A,N/A,N/A,N/A,N/A,0,1,1
Closure,103,boostnsift,Yes,68.0,0.014706,0.014706,26.865229845046997,2025-11-18T14:36:28.151631,2025-12-22T16:51:27.706716,33.015,111.92,394775756.5,966577356.0,134861973094.0,806.0,0.0,0.0,0.0,0,0,0
Closure,103,buglocator,Yes,151.0,0.006623,0.006623,14.811587810516356,2025-11-18T14:36:17.660070,2025-12-22T16:51:27.706716,658.83,658.83,399507456.0,399507456.0,134861973094.0,626.0,0.0,0.0,0.0,0,0,0
Closure,103,locus,Yes,259.0,0.003861,0.003861,13.41878604888916,2025-12-25T13:13:41.495718,2025-12-25T14:43:57.168082,,,,,,,,,,0,0,0
Closure,104,FlexFL,Yes,4.0,0.25,0.25,N/A,N/A,N/A,N/A,N/A,N/A,N/A,N/A,N/A,N/A,N/A,N/A,0,1,1
Closure,104,boostnsift,Yes,4.0,0.25,0.25,28.19700860977173,2025-11-18T14:36:54.845428,2025-12-22T16:51:27.706716,88.94333333333334,223.27,262458572.33333337,617925836.0,134861973094.0,696.0,0.0,0.0,0.0,0,1,1
Closure,104,buglocator,Yes,312.0,0.003205,0.003205,20.20082974433899,2025-11-18T14:36:48.356392,2025-12-22T16:51:27.706716,224.285,347.24,550135398.0,848612556.0,134861973094.0,736.0,0.0,0.0,0.0,0,0,0
Closure,104,locus,Yes,104.0,0.009615,0.009615,12.826005935668944,2025-12-25T13:13:52.282789,2025-12-25T14:43:57.168082,,,,,,,,,,0,0,0
Closure,105,FlexFL,Yes,1.0,1.0,1.0,N/A,N/A,N/A,N/A,N/A,N/A,N/A,N/A,N/A,N/A,N/A,N/A,1,1,1
Closure,105,boostnsift,Yes,2.0,0.5,0.5,26.58544087409973,2025-11-18T14:37:21.442382,2025-12-22T16:51:27.706716,95.1275,247.7,355598335.75,775002521.0,134861973094.0,696.0,0.0,0.0,0.0,0,1,1
Closure,105,buglocator,Yes,58.0,0.017241,0.017241,15.3031587600708,2025-11-18T14:37:12.639190,2025-12-22T16:51:27.706716,167.295,334.59,149946368.0,299892736.0,134861973094.0,486.0,0.0,0.0,0.0,0,0,0
Closure,105,locus,Yes,25.0,0.04,0.04,12.870685815811155,2025-12-25T13:13:54.367687,2025-12-25T14:43:57.168082,,,,,,,,,,0,0,0
Closure,106,FlexFL,No,,0.0,0.0,N/A,N/A,N/A,N/A,N/A,N/A,N/A,N/A,N/A,N/A,N/A,N/A,0,0,0
Closure,106,boostnsift,Yes,313.0,0.003195,0.003195,19.970693349838257,2025-11-18T14:37:38.306532,2025-12-22T16:51:27.706716,55.56333333333333,85.2,351363836.0,591501721.0,134861973094.0,806.0,0.0,0.0,0.0,0,0,0
Closure,106,buglocator,Yes,182.0,0.005495,0.005495,10.02539587020874,2025-11-18T14:37:31.486162,2025-12-22T16:51:27.706716,687.0,687.0,452984832.0,452984832.0,134861973094.0,626.0,0.0,0.0,0.0,0,0,0
Closure,106,locus,Yes,256.0,0.003906,0.003906,8.8230619430542,2025-12-25T13:14:01.107672,2025-12-25T14:43:57.168082,,,,,,,,,,0,0,0
Closure,107,FlexFL,No,,0.0,0.0,N/A,N/A,N/A,N/A,N/A,N/A,N/A,N/A,N/A,N/A,N/A,N/A,0,0,0
Closure,107,boostnsift,Yes,2.0,0.5,0.5,44.75269293785095,2025-11-18T14:38:23.062443,2025-12-22T16:51:27.706716,68.52166666666668,328.42,842279856.3333334,1486058684.0,134861973094.0,656.0,0.0,0.0,0.0,0,1,1
Closure,107,buglocator,Yes,2.0,0.5,0.5,22.641334295272827,2025-11-18T14:38:29.518959,2025-12-22T16:51:27.706716,79.51,200.29,498239974.0,1427002884.0,134861973094.0,516.0,0.0,0.0,0.0,0,1,1
Closure,107,locus,Yes,6.0,0.166667,0.166667,70.201003074646,2025-12-25T13:15:04.574348,2025-12-25T14:43:57.168082,,,,,,,,,,0,0,1
Closure,108,FlexFL,No,,0.0,0.0,N/A,N/A,N/A,N/A,N/A,N/A,N/A,N/A,N/A,N/A,N/A,N/A,0,0,0
Closure,108,boostnsift,Yes,7.0,0.142857,0.142857,36.50460386276245,2025-11-18T14:39:06.026773,2025-12-22T16:51:27.706716,26.53,57.31,309065154.25,702336204.0,134861973094.0,586.0,0.0,0.0,0.0,0,0,1
Closure,108,buglocator,Yes,1.0,1.0,1.0,18.838256359100345,2025-11-18T14:39:16.536266,2025-12-22T16:51:27.706716,321.865,550.78,938215472.5,1525787131.0,134861973094.0,586.0,0.0,0.0,0.0,1,1,1
Closure,108,locus,Yes,1.0,1.0,1.0,77.08286428451538,2025-12-25T13:15:18.194553,2025-12-25T14:43:57.168082,,,,,,,,,,1,1,1
Closure,109,FlexFL,Yes,2.0,0.5,0.5,N/A,N/A,N/A,N/A,N/A,N/A,N/A,N/A,N/A,N/A,N/A,N/A,1,1,1
Closure,109,boostnsift,Yes,9.0,0.111111,0.111111,41.32666754722595,2025-11-18T14:39:57.874357,2025-12-22T16:51:27.706716,120.535,453.85,1066738035.0,1513975971.0,134861973094.0,876.0,0.0,0.0,0.0,0,0,1
Closure,109,buglocator,Yes,14.0,0.071429,0.071429,18.92517876625061,2025-11-18T14:39:55.858821,2025-12-22T16:51:27.706716,194.76,349.2,904971419.5,1480689975.0,134861973094.0,586.0,0.0,0.0,0.0,0,0,0
Closure,109,locus,Yes,19.0,0.052632,0.052632,68.1691620349884,2025-12-25T13:16:12.744999,2025-12-25T14:43:57.168082,,,,,,,,,,0,0,0
Closure,110,FlexFL,Yes,4.0,0.25,0.25,N/A,N/A,N/A,N/A,N/A,N/A,N/A,N/A,N/A,N/A,N/A,N/A,0,1,1
Closure,110,boostnsift,Yes,56.0,0.017857,0.017857,42.018240451812744,2025-11-18T14:41:33.212843,2025-12-22T16:51:27.706716,94.78333333333336,397.29,1095023372.6666667,1519344680.0,134861973094.0,656.0,0.0,0.0,,0,0,0
Closure,110,buglocator,Yes,32.0,0.03125,0.03125,19.95619773864746,2025-11-18T14:41:35.215912,2025-12-22T16:51:27.706716,58.635000000000005,68.84,817551638.0,1523639648.0,134861973094.0,586.0,0.0,0.0,0.0,0,0,0
Closure,110,locus,Yes,44.0,0.022727,0.022727,82.12790775299072,2025-12-25T13:17:34.882033,2025-12-25T14:43:57.168082,,,,,,,,,,0,0,0
Closure,111,FlexFL,No,,0.0,0.0,N/A,N/A,N/A,N/A,N/A,N/A,N/A,N/A,N/A,N/A,N/A,N/A,0,0,0
Closure,111,boostnsift,Yes,43.0,0.023256,0.023256,33.386000871658325,2025-11-18T14:42:08.611613,2025-12-22T16:51:27.706716,46.375,69.97,931421224.75,1500017328.0,134861973094.0,656.0,0.0,0.0,0.0,0,0,0
Closure,111,buglocator,Yes,212.0,0.004717,0.004717,17.696444749832153,2025-11-18T14:42:21.371336,2025-12-22T16:51:27.706716,441.99,788.82,900833738.5,1445256495.0,134861973094.0,516.0,0.0,0.0,0.0,0,0,0
Closure,111,locus,Yes,392.0,0.002551,0.002551,82.41518187522888,2025-12-25T13:17:37.121351,2025-12-25T14:43:57.168082,,,,,,,,,,0,0,0
Closure,112,FlexFL,Yes,1.0,1.0,1.0,N/A,N/A,N/A,N/A,N/A,N/A,N/A,N/A,N/A,N/A,N/A,N/A,1,1,1
Closure,112,boostnsift,Yes,4.0,0.25,0.25,37.210853815078735,2025-11-18T14:42:58.585323,2025-12-22T16:51:27.706716,112.79799999999996,504.34,998853784.0,1538672033.0,134861973094.0,876.0,0.0,0.0,0.0,0,1,1
Closure,112,buglocator,Yes,27.0,0.037037,0.037037,17.51739525794983,2025-11-18T14:42:56.290760,2025-12-22T16:51:27.706716,311.23,591.57,901083299.5,1444182753.0,134861973094.0,586.0,0.0,0.0,0.0,0,0,0
Closure,112,locus,Yes,8.0,0.125,0.125,79.09118890762329,2025-12-25T13:18:53.984781,2025-12-25T14:43:57.168082,,,,,,,,,,0,0,1
Closure,113,FlexFL,Yes,1.0,1.0,1.0,N/A,N/A,N/A,N/A,N/A,N/A,N/A,N/A,N/A,N/A,N/A,N/A,1,1,1
Closure,113,boostnsift,Yes,1.0,1.0,1.0,36.932504415512085,2025-11-18T14:43:35.520834,2025-12-22T16:51:27.706716,85.666,303.48,730289143.6,1063256064.0,134861973094.0,656.0,0.0,0.0,0.0,1,1,1
Closure,113,buglocator,Yes,2.0,0.5,0.5,18.33478879928589,2025-11-18T14:43:45.537273,2025-12-22T16:51:27.706716,223.54,413.77,902897336.0,1460288880.0,134861973094.0,586.0,0.0,0.0,0.0,0,1,1
Closure,113,locus,Yes,2.0,0.5,0.5,78.83398175239563,2025-12-25T13:18:55.956180,2025-12-25T14:43:57.168082,,,,,,,,,,0,1,1
Closure,114,FlexFL,No,,0.0,0.0,N/A,N/A,N/A,N/A,N/A,N/A,N/A,N/A,N/A,N/A,N/A,N/A,0,0,0
Closure,114,boostnsift,Yes,42.0,0.02381,0.02381,44.743396043777466,2025-11-18T14:44:30.841465,2025-12-22T16:51:27.706716,106.66,499.56,615013940.6666666,1294932639.0,134861973094.0,876.0,0.0,0.0,0.0,0,0,0
Closure,114,buglocator,Yes,26.0,0.038462,0.038462,19.759376049041748,2025-11-18T14:44:29.290664,2025-12-22T16:51:27.706716,152.07,403.52,517926638.6666667,1476395008.0,134861973094.0,516.0,0.0,0.0,0.0,0,0,0
Closure,114,locus,Yes,14.0,0.071429,0.071429,69.48491168022156,2025-12-25T13:20:03.471225,2025-12-25T14:43:57.168082,,,,,,,,,,0,0,0
Closure,115,FlexFL,No,,0.0,0.0,N/A,N/A,N/A,N/A,N/A,N/A,N/A,N/A,N/A,N/A,N/A,N/A,0,0,0
Closure,115,boostnsift,Yes,19.0,0.052632,0.052632,40.4091420173645,2025-11-18T14:45:11.253780,2025-12-22T16:51:27.706716,81.73166666666667,279.91,1107869477.0,1497869844.0,134861973094.0,656.0,0.0,0.0,0.0,0,0,0
Closure,115,buglocator,Yes,14.0,0.071429,0.071429,17.352316856384277,2025-11-18T14:45:17.973049,2025-12-22T16:51:27.706716,183.595,325.67,798318657.0,1527934615.0,134861973094.0,806.0,0.0,0.0,0.0,0,0,0
Closure,115,locus,Yes,11.0,0.090909,0.090909,69.67587876319885,2025-12-25T13:20:05.633253,2025-12-25T14:43:57.168082,,,,,,,,,,0,0,0
Closure,116,FlexFL,Yes,1.0,1.0,1.0,N/A,N/A,N/A,N/A,N/A,N/A,N/A,N/A,N/A,N/A,N/A,N/A,1,1,1
Closure,116,boostnsift,Yes,25.0,0.04,0.04,46.78730845451355,2025-11-18T14:46:04.763706,2025-12-22T16:51:27.706716,92.34666666666668,456.67,1105669914.0,1520418422.0,134861973094.0,656.0,0.0,0.0,0.0,0,0,0
Closure,116,buglocator,Yes,17.0,0.058824,0.058824,17.505101203918457,2025-11-18T14:46:02.757402,2025-12-22T16:51:27.706716,282.7,534.31,936950890.0,1538672033.0,134861973094.0,586.0,0.0,0.0,0.0,0,0,0
Closure,116,locus,Yes,9.0,0.111111,0.111111,65.90839409828186,2025-12-25T13:21:09.380938,2025-12-25T14:43:57.168082,,,,,,,,,,0,0,1
Closure,117,FlexFL,Yes,5.0,0.2,0.2,N/A,N/A,N/A,N/A,N/A,N/A,N/A,N/A,N/A,N/A,N/A,N/A,0,1,1
Closure,117,boostnsift,Yes,4.0,0.25,0.25,36.47300434112549,2025-11-18T14:46:41.246599,2025-12-22T16:51:27.706716,122.766,468.49,1012804039.0,1561220612.0,134861973094.0,656.0,0.0,0.0,0.0,0,1,1
Closure,117,buglocator,Yes,15.0,0.066667,0.066667,18.137818098068237,2025-11-18T14:46:51.208463,2025-12-22T16:51:27.706716,281.115,531.1,883697909.5,1454920171.0,134861973094.0,696.0,0.0,0.0,0.0,0,0,0
Closure,117,locus,Yes,29.0,0.034483,0.034483,65.76204299926758,2025-12-25T13:21:11.396837,2025-12-25T14:43:57.168082,,,,,,,,,,0,0,0
Closure,118,FlexFL,Yes,2.0,0.5,0.5,N/A,N/A,N/A,N/A,N/A,N/A,N/A,N/A,N/A,N/A,N/A,N/A,0,1,1
Closure,118,boostnsift,Yes,159.0,0.006289,0.006289,30.84122395515442,2025-11-18T14:47:22.061393,2025-12-22T16:51:27.706716,68.88000000000001,127.73,448860432.6666667,758539878.0,134861973094.0,806.0,0.0,0.0,0.0,0,0,0
Closure,118,buglocator,Yes,13.0,0.076923,0.076923,17.214486837387085,2025-11-18T14:47:28.892374,2025-12-22T16:51:27.706716,71.225,101.17,762822262.5,1457067655.0,134861973094.0,736.0,0.0,0.0,0.0,0,0,0
Closure,118,locus,Yes,36.0,0.027778,0.027778,62.11392092704773,2025-12-25T13:22:11.496540,2025-12-25T14:43:57.168082,,,,,,,,,,0,0,0
Closure,119,FlexFL,No,,0.0,0.0,N/A,N/A,N/A,N/A,N/A,N/A,N/A,N/A,N/A,N/A,N/A,N/A,0,0,0
Closure,119,boostnsift,Yes,72.0,0.013889,0.013889,29.523046731948853,2025-11-18T14:47:58.427670,2025-12-22T16:51:27.706716,23.813333333333333,70.86,202074576.0,583113113.0,134861973094.0,516.0,0.0,0.0,0.0,0,0,0
Closure,119,buglocator,Yes,379.0,0.002639,0.002639,20.35591506958008,2025-11-18T14:48:14.457267,2025-12-22T16:51:27.706716,111.89666666666666,280.4,500081273.3333333,1413044240.0,134861973094.0,516.0,0.0,0.0,0.0,0,0,0
Closure,119,locus,Yes,258.0,0.003876,0.003876,65.88993525505066,2025-12-25T13:22:17.288054,2025-12-25T14:43:57.168082,,,,,,,,,,0,0,0
Closure,120,FlexFL,No,,0.0,0.0,N/A,N/A,N/A,N/A,N/A,N/A,N/A,N/A,N/A,N/A,N/A,N/A,0,0,0
Closure,120,boostnsift,Yes,188.0,0.005319,0.005319,50.518227338790894,2025-11-18T14:49:45.590118,2025-12-22T16:51:27.706716,103.92,425.88,1119278333.3333333,1519344680.0,134861973094.0,656.0,0.0,0.0,0.0,0,0,0
Closure,120,buglocator,Yes,195.0,0.005128,0.005128,20.95424222946167,2025-11-18T14:49:47.578247,2025-12-22T16:51:27.706716,144.17666666666668,389.68,501204647.6666667,1430224109.0,134861973094.0,516.0,0.0,0.0,0.0,0,0,0
Closure,120,locus,Yes,276.0,0.003623,0.003623,64.9072048664093,2025-12-25T13:23:22.195959,2025-12-25T14:43:57.168082,,,,,,,,,,0,0,0
Closure,121,FlexFL,Yes,1.0,1.0,1.0,N/A,N/A,N/A,N/A,N/A,N/A,N/A,N/A,N/A,N/A,N/A,N/A,1,1,1
Closure,121,boostnsift,Yes,327.0,0.003058,0.003058,34.87387537956238,2025-11-18T14:50:22.455185,2025-12-22T16:51:27.706716,116.34,517.32,982652865.6,1518270939.0,134861973094.0,656.0,0.0,0.0,0.0,0,0,0
Closure,121,buglocator,Yes,53.0,0.018868,0.018868,22.202293157577515,2025-11-18T14:50:36.459080,2025-12-22T16:51:27.706716,32.086666666666666,62.83,512867609.0,1448477720.0,134861973094.0,586.0,0.0,0.0,0.0,0,0,0
Closure,121,locus,Yes,132.0,0.007576,0.007576,85.3084020614624,2025-12-25T13:24:26.001753,2025-12-25T14:43:57.168082,,,,,,,,,,0,0,0
Closure,122,FlexFL,Yes,1.0,1.0,1.0,N/A,N/A,N/A,N/A,N/A,N/A,N/A,N/A,N/A,N/A,N/A,N/A,1,1,1
Closure,122,boostnsift,Yes,1.0,1.0,1.0,36.4837281703949,2025-11-18T14:51:12.959019,2025-12-22T16:51:27.706716,106.224,421.89,953598501.8,1495722360.0,134861973094.0,876.0,0.0,0.0,0.0,1,1,1
Closure,122,buglocator,Yes,1.0,1.0,1.0,17.467586278915405,2025-11-18T14:51:10.900001,2025-12-22T16:51:27.706716,49.195,57.05,774945898.0,1447403978.0,134861973094.0,516.0,0.0,0.0,0.0,1,1,1
Closure,122,locus,Yes,3.0,0.333333,0.333333,81.64407896995544,2025-12-25T13:24:43.843867,2025-12-25T14:43:57.168082,,,,,,,,,,0,1,1
Closure,123,FlexFL,Yes,4.0,0.25,0.25,N/A,N/A,N/A,N/A,N/A,N/A,N/A,N/A,N/A,N/A,N/A,N/A,0,1,1
Closure,123,boostnsift,Yes,22.0,0.045455,0.045455,26.6913321018219,2025-11-18T14:51:39.653439,2025-12-22T16:51:27.706716,76.72333333333333,127.35,422268545.3333333,710619955.0,134861973094.0,586.0,0.0,0.0,0.0,0,0,0
Closure,123,buglocator,Yes,80.0,0.0125,0.0125,16.86909031867981,2025-11-18T14:51:56.525492,2025-12-22T16:51:27.706716,192.555,193.65,838577684.0,1465657589.0,134861973094.0,516.0,0.0,0.0,0.0,0,0,0
Closure,123,locus,Yes,39.0,0.025641,0.025641,91.76417994499208,2025-12-25T13:25:57.778944,2025-12-25T14:43:57.168082,,,,,,,,,,0,0,0
Closure,124,FlexFL,Yes,1.0,1.0,1.0,N/A,N/A,N/A,N/A,N/A,N/A,N/A,N/A,N/A,N/A,N/A,N/A,1,1,1
Closure,124,boostnsift,Yes,102.0,0.009804,0.009804,39.64245009422302,2025-11-18T14:52:36.181774,2025-12-22T16:51:27.706716,102.078,445.15,653062779.4,1497869844.0,134861973094.0,806.0,0.0,0.0,0.0,0,0,0
Closure,124,buglocator,Yes,706.0,0.001416,0.001416,20.851155519485474,2025-11-18T14:52:34.139467,2025-12-22T16:51:27.706716,143.08666666666667,376.81,494823713.0,1404454305.0,134861973094.0,516.0,0.0,0.0,0.0,0,0,0
Closure,124,locus,Yes,262.0,0.003817,0.003817,90.1412160396576,2025-12-25T13:26:13.992666,2025-12-25T14:43:57.168082,,,,,,,,,,0,0,0
Closure,125,FlexFL,Yes,1.0,1.0,1.0,N/A,N/A,N/A,N/A,N/A,N/A,N/A,N/A,N/A,N/A,N/A,N/A,1,1,1
Closure,125,boostnsift,Yes,12.0,0.083333,0.083333,36.80821394920349,2025-11-18T14:53:12.993006,2025-12-22T16:51:27.706716,41.33200000000001,132.93,477290823.4,918447718.0,134861973094.0,586.0,0.0,0.0,0.0,0,0,0
Closure,125,buglocator,Yes,15.0,0.066667,0.066667,20.29963231086731,2025-11-18T14:53:24.943967,2025-12-22T16:51:27.706716,147.51333333333335,377.5,515168184.6666667,1446330236.0,134861973094.0,736.0,0.0,0.0,0.0,0,0,0
Closure,125,locus,Yes,4.0,0.25,0.25,81.15429711341858,2025-12-25T13:27:18.939175,2025-12-25T14:43:57.168082,,,,,,,,,,0,1,1
Closure,126,FlexFL,Yes,3.0,0.3333333333333333,0.3333333333333333,N/A,N/A,N/A,N/A,N/A,N/A,N/A,N/A,N/A,N/A,N/A,N/A,0,1,1
Closure,126,boostnsift,Yes,6.0,0.166667,0.166667,41.11851525306702,2025-11-18T14:54:06.065848,2025-12-22T16:51:27.706716,97.78166666666664,446.18,746089436.3333334,1505386037.0,134861973094.0,876.0,0.0,0.0,0.0,0,0,1
Closure,126,buglocator,Yes,5.0,0.2,0.2,17.31928825378418,2025-11-18T14:53:59.494489,2025-12-22T16:51:27.706716,212.31,333.41,888137580.0,1489279909.0,134861973094.0,586.0,0.0,0.0,0.0,0,1,1
Closure,126,locus,Yes,82.0,0.012195,0.012195,87.44270586967468,2025-12-25T13:27:41.441126,2025-12-25T14:43:57.168082,,,,,,,,,,0,0,0
Closure,127,FlexFL,Yes,4.0,0.25,0.25,N/A,N/A,N/A,N/A,N/A,N/A,N/A,N/A,N/A,N/A,N/A,N/A,0,1,1
Closure,127,boostnsift,Yes,183.0,0.005464,0.005464,32.8741021156311,2025-11-18T14:54:38.943257,2025-12-22T16:51:27.706716,93.472,382.68,761504831.4,1515049713.0,134861973094.0,656.0,0.0,0.0,0.0,0,0,0
Closure,127,buglocator,Yes,138.0,0.007246,0.007246,18.392640590667725,2025-11-18T14:54:45.392463,2025-12-22T16:51:27.706716,315.34000000000003,601.33,934977470.0,1500017328.0,134861973094.0,806.0,0.0,0.0,0.0,0,0,0
Closure,127,locus,Yes,132.0,0.007576,0.007576,90.78463697433472,2025-12-25T13:28:49.746239,2025-12-25T14:43:57.168082,,,,,,,,,,0,0,0
Closure,128,FlexFL,No,,0.0,0.0,N/A,N/A,N/A,N/A,N/A,N/A,N/A,N/A,N/A,N/A,N/A,N/A,0,0,0
Closure,128,boostnsift,Yes,42.0,0.02381,0.02381,35.538923501968384,2025-11-18T14:55:20.944361,2025-12-22T16:51:27.706716,70.434,280.94,524374402.6,1114544013.0,134861973094.0,586.0,0.0,0.0,0.0,0,0,0
Closure,128,buglocator,Yes,114.0,0.008772,0.008772,17.080137729644775,2025-11-18T14:55:22.980393,2025-12-22T16:51:27.706716,133.445,185.28,769979842.0,1428076625.0,134861973094.0,586.0,0.0,0.0,0.0,0,0,0
Closure,128,locus,Yes,91.0,0.010989,0.010989,90.95401811599731,2025-12-25T13:29:12.400590,2025-12-25T14:43:57.168082,,,,,,,,,,0,0,0
Closure,129,FlexFL,No,,0.0,0.0,N/A,N/A,N/A,N/A,N/A,N/A,N/A,N/A,N/A,N/A,N/A,N/A,0,0,0
Closure,129,boostnsift,Yes,322.0,0.003106,0.003106,40.776007652282715,2025-11-18T14:56:03.767848,2025-12-22T16:51:27.706716,81.31666666666666,254.68,876606390.0,1535450808.0,134861973094.0,656.0,0.0,0.0,0.0,0,0,0
Closure,129,buglocator,Yes,183.0,0.005464,0.005464,18.243598699569706,2025-11-18T14:56:10.174907,2025-12-22T16:51:27.706716,295.865,558.47,894787649.0,1479616233.0,134861973094.0,806.0,0.0,0.0,0.0,0,0,0
Closure,129,locus,Yes,108.0,0.009259,0.009259,89.50944828987122,2025-12-25T13:30:19.260501,2025-12-25T14:43:57.168082,,,,,,,,,,0,0,0
Closure,130,FlexFL,Yes,2.0,0.5,0.5,N/A,N/A,N/A,N/A,N/A,N/A,N/A,N/A,N/A,N/A,N/A,N/A,0,1,1
Closure,130,boostnsift,Yes,4.0,0.25,0.25,43.711926221847534,2025-11-18T14:57:35.814688,2025-12-22T16:51:27.706716,107.536,405.27,572746890.8,928514048.0,134861973094.0,656.0,0.0,0.0,0.0,0,1,1
Closure,130,buglocator,Yes,37.0,0.027027,0.027027,17.450314044952393,2025-11-18T14:57:42.225684,2025-12-22T16:51:27.706716,50.955,62.16,773430705.5,1479616233.0,134861973094.0,516.0,0.0,0.0,,0,0,0
Closure,130,locus,Yes,42.0,0.02381,0.02381,78.86642932891846,2025-12-25T13:31:38.129542,2025-12-25T14:43:57.168082,,,,,,,,,,0,0,0
Closure,131,FlexFL,No,,0.0,0.0,N/A,N/A,N/A,N/A,N/A,N/A,N/A,N/A,N/A,N/A,N/A,N/A,0,0,0
Closure,131,boostnsift,Yes,34.0,0.029412,0.029412,37.303719997406006,2025-11-18T14:58:19.541117,2025-12-22T16:51:27.706716,75.74,391.93,815434213.8333334,1488206168.0,134861973094.0,656.0,0.0,0.0,0.0,0,0,0
Closure,131,buglocator,Yes,112.0,0.008929,0.008929,18.0000901222229,2025-11-18T14:58:21.530395,2025-12-22T16:51:27.706716,342.065,645.63,894544379.5,1414117982.0,134861973094.0,586.0,0.0,0.0,0.0,0,0,0
Closure,131,locus,Yes,39.0,0.025641,0.025641,79.24547410011292,2025-12-25T13:31:52.216633,2025-12-25T14:43:57.168082,,,,,,,,,,0,0,0
Closure,132,FlexFL,No,,0.0,0.0,N/A,N/A,N/A,N/A,N/A,N/A,N/A,N/A,N/A,N/A,N/A,N/A,0,0,0
Closure,132,boostnsift,Yes,61.0,0.016393,0.016393,30.4962055683136,2025-11-18T14:58:52.030830,2025-12-22T16:51:27.706716,73.20750000000001,132.97,486885293.5,793981747.0,134861973094.0,586.0,0.0,0.0,0.0,0,0,0
Closure,132,buglocator,Yes,103.0,0.009709,0.009709,18.051074504852295,2025-11-18T14:59:05.590039,2025-12-22T16:51:27.706716,401.455,745.95,930999173.0,1487132426.0,134861973094.0,586.0,0.0,0.0,0.0,0,0,0
Closure,132,locus,Yes,100.0,0.01,0.01,82.93978714942932,2025-12-25T13:33:01.076110,2025-12-25T14:43:57.168082,,,,,,,,,,0,0,0
Closure,133,boostnsift,Yes,8.0,0.125,0.125,37.51832675933838,2025-11-18T14:59:43.119189,2025-12-22T16:51:27.706716,119.26000000000002,537.72,411714977.4,809500672.0,134861973094.0,806.0,0.0,0.0,0.0,0,0,1
Closure,133,buglocator,Yes,4.0,0.25,0.25,17.629993677139282,2025-11-18T14:59:36.695764,2025-12-22T16:51:27.706716,340.58,651.93,913611685.5,1475321266.0,134861973094.0,516.0,0.0,0.0,0.0,0,1,1
Closure,133,locus,Yes,2.0,0.5,0.5,87.50159287452698,2025-12-25T13:33:19.720120,2025-12-25T14:43:57.168082,,,,,,,,,,0,1,1
Closure,134,FlexFL,No,,0.0,0.0,N/A,N/A,N/A,N/A,N/A,N/A,N/A,N/A,N/A,N/A,N/A,N/A,0,0,0
Closure,134,boostnsift,Yes,180.0,0.005556,0.005556,23.70593023300171,2025-11-18T15:00:06.828486,2025-12-22T16:51:27.706716,131.59333333333333,240.68,499891131.3333333,820930150.0,134861973094.0,586.0,0.0,0.0,0.0,0,0,0
Closure,134,buglocator,Yes,5.0,0.2,0.2,15.927011013031006,2025-11-18T15:00:01.565867,2025-12-22T16:51:27.706716,189.025,378.05,134742016.0,269484032.0,134861973094.0,486.0,0.0,0.0,0.0,0,1,1
Closure,134,locus,Yes,23.0,0.043478,0.043478,16.923471212387085,2025-12-25T13:33:18.006870,2025-12-25T14:43:57.168082,,,,,,,,,,0,0,0
Closure,135,FlexFL,Yes,3.0,0.3333333333333333,0.3333333333333333,N/A,N/A,N/A,N/A,N/A,N/A,N/A,N/A,N/A,N/A,N/A,N/A,0,1,1
Closure,135,boostnsift,Yes,19.0,0.052632,0.052632,22.47919964790344,2025-11-18T15:00:28.776265,2025-12-22T16:51:27.706716,106.97,152.11,477206937.3333333,811492966.0,134861973094.0,696.0,0.0,0.0,0.0,0,0,0
Closure,135,buglocator,Yes,81.0,0.012346,0.012346,16.375855445861816,2025-11-18T15:00:23.208235,2025-12-22T16:51:27.706716,163.62,327.24,150994944.0,301989888.0,134861973094.0,486.0,0.0,0.0,0.0,0,0,0
Closure,135,locus,Yes,115.0,0.008696,0.008696,9.613263130187988,2025-12-25T13:33:27.629735,2025-12-25T14:43:57.168082,,,,,,,,,,0,0,0
Closure,136,FlexFL,No,,0.0,0.0,N/A,N/A,N/A,N/A,N/A,N/A,N/A,N/A,N/A,N/A,N/A,N/A,0,0,0
Closure,136,boostnsift,No,,0.0,0.0,26.43787121772766,2025-11-18T15:00:55.217492,2025-12-22T16:51:27.706716,127.76,223.42,544560468.6666666,865389772.0,134861973094.0,696.0,0.0,0.0,0.0,0,0,0
Closure,136,buglocator,Yes,146.0,0.006849,0.006849,17.375223636627197,2025-11-18T15:00:48.951375,2025-12-22T16:51:27.706716,162.995,325.99,147010355.0,294020710.0,134861973094.0,486.0,0.0,0.0,0.0,0,0,0
Closure,136,locus,Yes,141.0,0.007092,0.007092,13.528500080108644,2025-12-25T13:33:33.253556,2025-12-25T14:43:57.168082,,,,,,,,,,0,0,0
Closure,137,FlexFL,No,,0.0,0.0,N/A,N/A,N/A,N/A,N/A,N/A,N/A,N/A,N/A,N/A,N/A,N/A,0,0,0
Closure,137,boostnsift,Yes,252.0,0.003968,0.003968,28.247164726257324,2025-11-18T15:01:23.475470,2025-12-22T16:51:27.706716,74.04249999999999,213.98,601725337.0,869059788.0,134861973094.0,766.0,0.0,0.0,0.0,0,0,0
Closure,137,buglocator,Yes,118.0,0.008475,0.008475,15.422000408172607,2025-11-18T15:01:13.149558,2025-12-22T16:51:27.706716,154.595,309.19,141085900.5,282171801.0,134861973094.0,486.0,0.0,0.0,0.0,0,0,0
Closure,137,locus,Yes,47.0,0.021277,0.021277,16.67866086959839,2025-12-25T13:33:44.314676,2025-12-25T14:43:57.168082,,,,,,,,,,0,0,0
Closure,138,FlexFL,Yes,2.0,0.5,0.5,N/A,N/A,N/A,N/A,N/A,N/A,N/A,N/A,N/A,N/A,N/A,N/A,0,1,1
Closure,138,boostnsift,Yes,75.0,0.013333,0.013333,23.75939679145813,2025-11-18T15:01:45.816302,2025-12-22T16:51:27.706716,123.09666666666664,223.39,572207923.0,863502336.0,134861973094.0,806.0,0.0,0.0,0.0,0,0,0
Closure,138,buglocator,Yes,25.0,0.04,0.04,15.992985248565674,2025-11-18T15:01:39.472705,2025-12-22T16:51:27.706716,167.825,335.65,140823756.5,281647513.0,134861973094.0,486.0,0.0,0.0,0.0,0,0,0
Closure,138,locus,Yes,107.0,0.009346,0.009346,13.332748889923096,2025-12-25T13:33:46.589843,2025-12-25T14:43:57.168082,,,,,,,,,,0,0,0
Closure,139,FlexFL,No,,0.0,0.0,N/A,N/A,N/A,N/A,N/A,N/A,N/A,N/A,N/A,N/A,N/A,N/A,0,0,0
Closure,139,boostnsift,Yes,84.0,0.011905,0.011905,23.529737949371334,2025-11-18T15:02:07.758863,2025-12-22T16:51:27.706716,117.6,204.27,469831952.6666667,717225984.0,134861973094.0,696.0,0.0,0.0,0.0,0,0,0
Closure,139,buglocator,Yes,83.0,0.012048,0.012048,16.331928968429565,2025-11-18T15:02:02.151566,2025-12-22T16:51:27.706716,171.365,342.73,150418227.0,300836454.0,134861973094.0,486.0,0.0,0.0,0.0,0,0,0
Closure,139,locus,Yes,35.0,0.028571,0.028571,8.955293893814087,2025-12-25T13:33:53.274549,2025-12-25T14:43:57.168082,,,,,,,,,,0,0,0
Closure,140,FlexFL,Yes,3.0,0.3333333333333333,0.1666666666666666,N/A,N/A,N/A,N/A,N/A,N/A,N/A,N/A,N/A,N/A,N/A,N/A,0,1,1
Closure,140,boostnsift,Yes,4.0,0.25,0.25,27.448363780975345,2025-11-18T15:03:21.950844,2025-12-22T16:51:27.706716,52.675,181.36,281676349.0,708208230.0,134861973094.0,806.0,0.0,0.0,0.0,0,1,1
Closure,140,buglocator,Yes,13.0,0.076923,0.076923,14.661646366119385,2025-11-18T15:03:15.553083,2025-12-22T16:51:27.706716,409.77,819.54,209138483.0,418276966.0,134861973094.0,536.0,0.0,0.0,0.0,0,0,0
Closure,140,locus,Yes,44.0,0.022727,0.022727,13.131541013717651,2025-12-25T13:34:06.415212,2025-12-25T14:43:57.168082,,,,,,,,,,0,0,0
Closure,141,FlexFL,Yes,1.0,1.0,1.0,N/A,N/A,N/A,N/A,N/A,N/A,N/A,N/A,N/A,N/A,N/A,N/A,1,1,1
Closure,141,boostnsift,Yes,1.0,1.0,1.0,26.967003345489506,2025-11-18T15:03:48.921181,2025-12-22T16:51:27.706716,42.57750000000001,148.8,446260838.0,1127428915.0,134861973094.0,806.0,0.0,0.0,0.0,1,1,1
Closure,141,buglocator,Yes,16.0,0.0625,0.0625,14.204290390014648,2025-11-18T15:03:38.806444,2025-12-22T16:51:27.706716,647.25,647.25,431279308.0,431279308.0,134861973094.0,536.0,0.0,0.0,0.0,0,0,0
Closure,141,locus,Yes,13.0,0.076923,0.076923,12.260857105255129,2025-12-25T13:34:18.678452,2025-12-25T14:43:57.168082,,,,,,,,,,0,0,0
Closure,142,FlexFL,No,,0.0,0.0,N/A,N/A,N/A,N/A,N/A,N/A,N/A,N/A,N/A,N/A,N/A,N/A,0,0,0
Closure,142,boostnsift,Yes,174.0,0.005747,0.005747,28.260971784591675,2025-11-18T15:04:13.086308,2025-12-22T16:51:27.706716,63.6875,219.12,294406062.0,739980083.0,134861973094.0,806.0,0.0,0.0,0.0,0,0,0
Closure,142,buglocator,Yes,30.0,0.033333,0.033333,13.706079959869385,2025-11-18T15:04:02.630695,2025-12-22T16:51:27.706716,657.53,657.53,440401920.0,440401920.0,134861973094.0,736.0,0.0,0.0,0.0,0,0,0
Closure,142,locus,Yes,44.0,0.022727,0.022727,9.23343586921692,2025-12-25T13:34:27.916336,2025-12-25T14:43:57.168082,,,,,,,,,,0,0,0
Closure,143,FlexFL,Yes,1.0,1.0,1.0,N/A,N/A,N/A,N/A,N/A,N/A,N/A,N/A,N/A,N/A,N/A,N/A,1,1,1
Closure,143,boostnsift,Yes,392.0,0.002551,0.002551,27.88253116607666,2025-11-18T15:04:39.538633,2025-12-22T16:51:27.706716,92.78333333333336,133.59,636415726.6666666,1067450368.0,134861973094.0,696.0,0.0,0.0,0.0,0,0,0
Closure,143,buglocator,Yes,445.0,0.002247,0.002247,19.888121366500854,2025-11-18T15:04:32.977407,2025-12-22T16:51:27.706716,189.235,306.37,531418316.0,797232332.0,134861973094.0,736.0,0.0,0.0,0.0,0,0,0
Closure,143,locus,Yes,437.0,0.002288,0.002288,18.99994111061096,2025-12-25T13:34:46.918208,2025-12-25T14:43:57.168082,,,,,,,,,,0,0,0
Closure,144,FlexFL,Yes,3.0,0.3333333333333333,0.3333333333333333,N/A,N/A,N/A,N/A,N/A,N/A,N/A,N/A,N/A,N/A,N/A,N/A,0,1,1
Closure,144,boostnsift,Yes,168.0,0.005952,0.005952,31.217721462249756,2025-11-18T15:05:10.760222,2025-12-22T16:51:27.706716,53.2775,131.1,541163781.75,1233729355.0,134861973094.0,696.0,0.0,0.0,0.0,0,0,0
Closure,144,buglocator,Yes,307.0,0.003257,0.003257,18.804359197616577,2025-11-18T15:05:00.874801,2025-12-22T16:51:27.706716,165.3,330.6,150575513.5,301151027.0,134861973094.0,486.0,0.0,0.0,0.0,0,0,0
Closure,144,locus,No,,0.0,0.0,16.050068140029907,2025-12-25T13:35:02.066738,2025-12-25T14:43:57.168082,,,,,,,,,,0,0,0
Closure,145,FlexFL,Yes,3.0,0.3333333333333333,0.3333333333333333,N/A,N/A,N/A,N/A,N/A,N/A,N/A,N/A,N/A,N/A,N/A,N/A,0,1,1
Closure,145,boostnsift,Yes,20.0,0.05,0.05,26.788279056549072,2025-11-18T15:05:36.145753,2025-12-22T16:51:27.706716,123.43,192.61,635611818.3333334,1015650713.0,134861973094.0,696.0,0.0,0.0,0.0,0,0,0
Closure,145,buglocator,Yes,93.0,0.010753,0.010753,18.95015263557434,2025-11-18T15:05:29.719280,2025-12-22T16:51:27.706716,164.75,329.5,129132134.0,258264268.0,134861973094.0,486.0,0.0,0.0,0.0,0,0,0
Closure,145,locus,Yes,27.0,0.037037,0.037037,24.692543029785156,2025-12-25T13:35:11.618772,2025-12-25T14:43:57.168082,,,,,,,,,,0,0,0
Closure,146,FlexFL,Yes,4.0,0.25,0.25,N/A,N/A,N/A,N/A,N/A,N/A,N/A,N/A,N/A,N/A,N/A,N/A,0,1,1
Closure,146,boostnsift,Yes,28.0,0.035714,0.035714,30.265836000442505,2025-11-18T15:06:06.414748,2025-12-22T16:51:27.706716,131.03666666666666,216.55,747359261.3333334,1168231104.0,134861973094.0,696.0,0.0,0.0,0.0,0,0,0
Closure,146,buglocator,Yes,23.0,0.043478,0.043478,21.369731187820435,2025-11-18T15:06:00.035801,2025-12-22T16:51:27.706716,189.715,273.01,624374578.5,970037657.0,134861973094.0,736.0,0.0,0.0,0.0,0,0,0
Closure,146,locus,Yes,126.0,0.007937,0.007937,23.694405794143677,2025-12-25T13:35:25.768306,2025-12-25T14:43:57.168082,,,,,,,,,,0,0,0
Closure,147,FlexFL,Yes,1.0,1.0,1.0,N/A,N/A,N/A,N/A,N/A,N/A,N/A,N/A,N/A,N/A,N/A,N/A,1,1,1
Closure,147,boostnsift,Yes,143.0,0.006993,0.006993,27.829772233963013,2025-11-18T15:06:34.264664,2025-12-22T16:51:27.706716,58.2625,173.24,534740205.5,1103806595.0,134861973094.0,586.0,0.0,0.0,0.0,0,0,0
Closure,147,buglocator,Yes,94.0,0.010638,0.010638,16.037025213241577,2025-11-18T15:06:24.997276,2025-12-22T16:51:27.706716,182.0,246.7,605080780.5,971610521.0,134861973094.0,736.0,0.0,0.0,0.0,0,0,0
Closure,147,locus,Yes,6.0,0.166667,0.166667,20.60068988800049,2025-12-25T13:35:32.220857,2025-12-25T14:43:57.168082,,,,,,,,,,0,0,1
Closure,148,FlexFL,No,,0.0,0.0,N/A,N/A,N/A,N/A,N/A,N/A,N/A,N/A,N/A,N/A,N/A,N/A,0,0,0
Closure,148,boostnsift,Yes,39.0,0.025641,0.025641,26.220319032669067,2025-11-18T15:07:00.074386,2025-12-22T16:51:27.706716,55.572500000000005,130.33,383018598.25,916560281.0,134861973094.0,696.0,0.0,0.0,0.0,0,0,0
Closure,148,buglocator,Yes,59.0,0.016949,0.016949,15.81764793395996,2025-11-18T15:06:50.088716,2025-12-22T16:51:27.706716,194.175,276.3,624217292.5,961753907.0,134861973094.0,736.0,0.0,0.0,0.0,0,0,0
Closure,148,locus,Yes,136.0,0.007353,0.007353,21.366454124450684,2025-12-25T13:35:47.145892,2025-12-25T14:43:57.168082,,,,,,,,,,0,0,0
Closure,149,FlexFL,Yes,5.0,0.2,0.05,N/A,N/A,N/A,N/A,N/A,N/A,N/A,N/A,N/A,N/A,N/A,N/A,0,1,1
Closure,149,boostnsift,Yes,12.0,0.083333,0.083333,29.01970863342285,2025-11-18T15:07:29.105060,2025-12-22T16:51:27.706716,81.78,187.44,755139346.25,1124207689.0,134861973094.0,766.0,0.0,0.0,0.0,0,0,0
Closure,149,buglocator,Yes,8.0,0.125,0.125,16.016180992126465,2025-11-18T15:07:18.673721,2025-12-22T16:51:27.706716,164.20999999999998,217.89,575143935.5,945396121.0,134861973094.0,736.0,0.0,0.0,0.0,0,0,1
Closure,149,locus,Yes,6.0,0.166667,0.166667,20.503227949142456,2025-12-25T13:35:52.724810,2025-12-25T14:43:57.168082,,,,,,,,,,0,0,1
Closure,150,FlexFL,No,,0.0,0.0,N/A,N/A,N/A,N/A,N/A,N/A,N/A,N/A,N/A,N/A,N/A,N/A,0,0,0
Closure,150,boostnsift,Yes,94.0,0.010638,0.010638,28.59345650672913,2025-11-18T15:08:42.142525,2025-12-22T16:51:27.706716,74.985,188.92,404278476.5,873568665.0,134861973094.0,696.0,0.0,0.0,0.0,0,0,0
Closure,150,buglocator,Yes,6.0,0.166667,0.166667,17.15376901626587,2025-11-18T15:08:32.208689,2025-12-22T16:51:27.706716,176.925,237.29,632658329.5,1049624576.0,134861973094.0,736.0,0.0,0.0,0.0,0,0,1
Closure,150,locus,Yes,11.0,0.090909,0.090909,9.61496114730835,2025-12-25T13:36:02.353264,2025-12-25T14:43:57.168082,,,,,,,,,,0,0,0
Closure,151,FlexFL,Yes,1.0,1.0,1.0,N/A,N/A,N/A,N/A,N/A,N/A,N/A,N/A,N/A,N/A,N/A,N/A,1,1,1
Closure,151,boostnsift,Yes,27.0,0.037037,0.037037,27.155146837234497,2025-11-18T15:09:06.931442,2025-12-22T16:51:27.706716,118.9,391.8,681726443.25,1224065679.0,134861973094.0,876.0,0.0,0.0,0.0,0,0,0
Closure,151,buglocator,Yes,12.0,0.083333,0.083333,18.27275586128235,2025-11-18T15:09:00.428050,2025-12-22T16:51:27.706716,345.63,691.26,206988902.0,413977804.0,134861973094.0,536.0,0.0,0.0,0.0,0,0,0
Closure,151,locus,No,,0.0,0.0,12.953442096710203,2025-12-25T13:36:15.317331,2025-12-25T14:43:57.168082,,,,,,,,,,0,0,0
Closure,152,FlexFL,Yes,1.0,1.0,1.0,N/A,N/A,N/A,N/A,N/A,N/A,N/A,N/A,N/A,N/A,N/A,N/A,1,1,1
Closure,152,boostnsift,Yes,49.0,0.020408,0.020408,27.347757816314697,2025-11-18T15:09:34.282462,2025-12-22T16:51:27.706716,24.0875,71.24,481653423.75,1221918195.0,134861973094.0,806.0,0.0,0.0,0.0,0,0,0
Closure,152,buglocator,Yes,24.0,0.041667,0.041667,14.681293964385986,2025-11-18T15:09:27.751284,2025-12-22T16:51:27.706716,115.14,230.28,92694118.0,185388236.0,134861973094.0,266.0,0.0,0.0,0.0,0,0,0
Closure,152,locus,Yes,15.0,0.066667,0.066667,30.44537234306335,2025-12-25T13:36:45.766572,2025-12-25T14:43:57.168082,,,,,,,,,,0,0,0
Closure,153,FlexFL,No,,0.0,0.0,N/A,N/A,N/A,N/A,N/A,N/A,N/A,N/A,N/A,N/A,N/A,N/A,0,0,0
Closure,153,boostnsift,Yes,88.0,0.011364,0.011364,30.70435929298401,2025-11-18T15:10:04.989901,2025-12-22T16:51:27.706716,65.0,223.22,510575561.4,1171452329.0,134861973094.0,806.0,0.0,0.0,0.0,0,0,0
Closure,153,buglocator,Yes,302.0,0.003311,0.003311,14.4271981716156,2025-11-18T15:09:58.516306,2025-12-22T16:51:27.706716,331.15,662.3,183553228.5,367106457.0,134861973094.0,426.0,0.0,0.0,0.0,0,0,0
Closure,153,locus,Yes,23.0,0.043478,0.043478,30.762840032577515,2025-12-25T13:37:16.531790,2025-12-25T14:43:57.168082,,,,,,,,,,0,0,0
Closure,154,FlexFL,Yes,1.0,1.0,1.0,N/A,N/A,N/A,N/A,N/A,N/A,N/A,N/A,N/A,N/A,N/A,N/A,1,1,1
Closure,154,boostnsift,Yes,8.0,0.125,0.125,30.02732253074646,2025-11-18T15:10:35.020553,2025-12-22T16:51:27.706716,51.8,130.08,303562751.75,635856486.0,134861973094.0,696.0,0.0,0.0,0.0,0,0,1
Closure,154,buglocator,Yes,21.0,0.047619,0.047619,17.288077116012573,2025-11-18T15:10:24.851392,2025-12-22T16:51:27.706716,163.88,254.55,606548787.0,999817216.0,134861973094.0,736.0,0.0,0.0,0.0,0,0,0
Closure,154,locus,Yes,5.0,0.2,0.2,27.953699827194217,2025-12-25T13:37:23.885327,2025-12-25T14:43:57.168082,,,,,,,,,,0,1,1
Closure,155,FlexFL,Yes,3.0,0.3333333333333333,0.3333333333333333,N/A,N/A,N/A,N/A,N/A,N/A,N/A,N/A,N/A,N/A,N/A,N/A,0,1,1
Closure,155,boostnsift,Yes,356.0,0.002809,0.002809,27.9729745388031,2025-11-18T15:11:02.996459,2025-12-22T16:51:27.706716,106.88,307.84,772876533.0,1434519076.0,134861973094.0,806.0,0.0,0.0,,0,0,0
Closure,155,buglocator,Yes,121.0,0.008264,0.008264,15.101170301437378,2025-11-18T15:10:56.270842,2025-12-22T16:51:27.706716,322.83,551.91,717639122.5,1086626725.0,134861973094.0,696.0,0.0,0.0,0.0,0,0,0
Closure,155,locus,Yes,103.0,0.009709,0.009709,38.81212592124939,2025-12-25T13:37:55.345790,2025-12-25T14:43:57.168082,,,,,,,,,,0,0,0
Closure,156,FlexFL,No,,0.0,0.0,N/A,N/A,N/A,N/A,N/A,N/A,N/A,N/A,N/A,N/A,N/A,N/A,0,0,0
Closure,156,boostnsift,Yes,77.0,0.012987,0.012987,27.32425355911255,2025-11-18T15:11:30.335090,2025-12-22T16:51:27.706716,114.0175,352.24,575675563.75,1097364144.0,134861973094.0,806.0,0.0,0.0,0.0,0,0,0
Closure,156,buglocator,Yes,15.0,0.066667,0.066667,15.300670623779297,2025-11-18T15:11:28.606474,2025-12-22T16:51:27.706716,137.885,275.77,115710361.5,231420723.0,134861973094.0,266.0,0.0,0.0,0.0,0,0,0
Closure,156,locus,Yes,51.0,0.019608,0.019608,33.172865867614746,2025-12-25T13:37:57.059257,2025-12-25T14:43:57.168082,,,,,,,,,,0,0,0
Closure,157,FlexFL,No,,0.0,0.0,N/A,N/A,N/A,N/A,N/A,N/A,N/A,N/A,N/A,N/A,N/A,N/A,0,0,0
Closure,157,boostnsift,Yes,72.0,0.013889,0.013889,27.302247762680057,2025-11-18T15:11:57.643957,2025-12-22T16:51:27.706716,75.8325,230.21,921602883.0,1501091069.0,134861973094.0,806.0,0.0,0.0,0.0,0,0,0
Closure,157,buglocator,Yes,144.0,0.006944,0.006944,14.73909831047058,2025-11-18T15:11:55.633413,2025-12-22T16:51:27.706716,206.855,307.64,604451635.0,891709030.0,134861973094.0,516.0,0.0,0.0,0.0,0,0,0
Closure,157,locus,Yes,53.0,0.018868,0.018868,41.62383675575256,2025-12-25T13:38:36.972853,2025-12-25T14:43:57.168082,,,,,,,,,,0,0,0
Closure,158,FlexFL,Yes,2.0,0.5,0.1666666666666666,N/A,N/A,N/A,N/A,N/A,N/A,N/A,N/A,N/A,N/A,N/A,N/A,1,1,1
Closure,158,boostnsift,Yes,1.0,1.0,1.0,29.35005021095276,2025-11-18T15:12:26.996969,2025-12-22T16:51:27.706716,137.37,395.75,817836850.75,1486058684.0,134861973094.0,806.0,0.0,0.0,0.0,1,1,1
Closure,158,buglocator,Yes,8.0,0.125,0.125,14.430932998657228,2025-11-18T15:12:25.984524,2025-12-22T16:51:27.706716,121.51,205.15,572574924.5,942145536.0,134861973094.0,516.0,0.0,0.0,0.0,0,0,1
Closure,158,locus,Yes,82.0,0.012195,0.012195,46.76780128479004,2025-12-25T13:38:43.829031,2025-12-25T14:43:57.168082,,,,,,,,,,0,0,0
Closure,159,FlexFL,No,,0.0,0.0,N/A,N/A,N/A,N/A,N/A,N/A,N/A,N/A,N/A,N/A,N/A,N/A,0,0,0
Closure,159,boostnsift,Yes,28.0,0.035714,0.035714,31.831727027893063,2025-11-18T15:12:58.840519,2025-12-22T16:51:27.706716,96.5625,249.34,794663321.25,1484984942.0,134861973094.0,806.0,0.0,0.0,0.0,0,0,0
Closure,159,buglocator,Yes,15.0,0.066667,0.066667,15.625678777694702,2025-11-18T15:13:00.845485,2025-12-22T16:51:27.706716,371.145,742.29,197289574.0,394579148.0,134861973094.0,516.0,0.0,0.0,0.0,0,0,0
Closure,159,locus,Yes,43.0,0.023256,0.023256,34.51925015449524,2025-12-25T13:39:11.494916,2025-12-25T14:43:57.168082,,,,,,,,,,0,0,0
Closure,160,FlexFL,No,,0.0,0.0,N/A,N/A,N/A,N/A,N/A,N/A,N/A,N/A,N/A,N/A,N/A,N/A,0,0,0
Closure,160,boostnsift,Yes,2.0,0.5,0.5,29.507006645202637,2025-11-18T15:14:19.883343,2025-12-22T16:51:27.706716,109.5125,298.56,644154392.25,1171452329.0,134861973094.0,806.0,0.0,0.0,0.0,0,1,1
Closure,160,buglocator,Yes,11.0,0.090909,0.090909,14.626501560211182,2025-11-18T15:14:18.870707,2025-12-22T16:51:27.706716,127.025,194.56,599313612.0,1020054732.0,134861973094.0,516.0,0.0,0.0,0.0,0,0,0
Closure,160,locus,Yes,35.0,0.028571,0.028571,46.96712279319763,2025-12-25T13:39:58.464505,2025-12-25T14:43:57.168082,,,,,,,,,,0,0,0
Closure,161,FlexFL,Yes,1.0,1.0,1.0,N/A,N/A,N/A,N/A,N/A,N/A,N/A,N/A,N/A,N/A,N/A,N/A,1,1,1
Closure,161,boostnsift,Yes,1.0,1.0,1.0,47.63484311103821,2025-11-18T15:15:07.521054,2025-12-22T16:51:27.706716,54.8,94.43,670930095.0,1346472247.0,134861973094.0,876.0,0.0,0.0,0.0,1,1,1
Closure,161,buglocator,Yes,15.0,0.066667,0.066667,26.58919095993042,2025-11-18T15:15:04.807908,2025-12-22T16:51:27.706716,152.77666666666667,425.32,353488950.3333333,1020788736.0,134861973094.0,516.0,0.0,0.0,0.0,0,0,0
Closure,161,locus,Yes,18.0,0.055556,0.055556,44.763887882232666,2025-12-25T13:40:34.131052,2025-12-25T14:43:57.168082,,,,,,,,,,0,0,0
Closure,162,FlexFL,Yes,2.0,0.5,0.5,N/A,N/A,N/A,N/A,N/A,N/A,N/A,N/A,N/A,N/A,N/A,N/A,0,1,1
Closure,162,boostnsift,Yes,199.0,0.005025,0.005025,46.78334712982178,2025-11-18T15:15:54.319979,2025-12-22T16:51:27.706716,118.948,536.71,492590386.0,1198295875.0,134861973094.0,806.0,0.0,0.0,0.0,0,0,0
Closure,162,buglocator,Yes,229.0,0.004367,0.004367,23.428902864456177,2025-11-18T15:15:47.863129,2025-12-22T16:51:27.706716,74.39,146.63,748558482.5,1458141396.0,134861973094.0,586.0,0.0,0.0,0.0,0,0,0
Closure,162,locus,Yes,74.0,0.013514,0.013514,52.971813917160034,2025-12-25T13:40:51.439269,2025-12-25T14:43:57.168082,,,,,,,,,,0,0,0
Closure,163,FlexFL,No,,0.0,0.0,N/A,N/A,N/A,N/A,N/A,N/A,N/A,N/A,N/A,N/A,N/A,N/A,0,0,0
Closure,163,boostnsift,Yes,162.0,0.006173,0.006173,37.489970445632935,2025-11-18T15:16:31.813060,2025-12-22T16:51:27.706716,184.04333333333332,526.89,333782712.0,590348288.0,134861973094.0,806.0,0.0,0.0,,0,0,0
Closure,163,buglocator,Yes,102.0,0.009804,0.009804,22.422991514205933,2025-11-18T15:16:30.035766,2025-12-22T16:51:27.706716,132.66,245.81,750725889.5,1410896756.0,134861973094.0,586.0,0.0,0.0,0.0,0,0,0
Closure,163,locus,Yes,242.0,0.004132,0.004132,57.120362758636475,2025-12-25T13:41:31.255059,2025-12-25T14:43:57.168082,,,,,,,,,,0,0,0
Closure,164,FlexFL,Yes,4.0,0.25,0.25,N/A,N/A,N/A,N/A,N/A,N/A,N/A,N/A,N/A,N/A,N/A,N/A,0,1,1
Closure,164,boostnsift,Yes,3.0,0.333333,0.333333,44.04092335700989,2025-11-18T15:17:15.857089,2025-12-22T16:51:27.706716,133.65750000000003,479.38,809597140.5,1472100040.0,134861973094.0,806.0,0.0,0.0,0.0,0,1,1
Closure,164,buglocator,Yes,512.0,0.001953,0.001953,20.938106060028076,2025-11-18T15:17:17.577542,2025-12-22T16:51:27.706716,41.3,79.68,765519199.5,1490353651.0,134861973094.0,516.0,0.0,0.0,0.0,0,0,0
Closure,164,locus,Yes,122.0,0.008197,0.008197,54.6762900352478,2025-12-25T13:41:46.116843,2025-12-25T14:43:57.168082,,,,,,,,,,0,0,0
Closure,165,FlexFL,Yes,1.0,1.0,0.25,N/A,N/A,N/A,N/A,N/A,N/A,N/A,N/A,N/A,N/A,N/A,N/A,1,1,1
Closure,165,boostnsift,Yes,3.0,0.333333,0.333333,47.96853446960449,2025-11-18T15:18:05.549200,2025-12-22T16:51:27.706716,88.90166666666666,450.34,627063477.1666666,1363652116.0,134861973094.0,876.0,0.0,0.0,0.0,0,1,1
Closure,165,buglocator,Yes,18.0,0.055556,0.055556,24.7637779712677,2025-11-18T15:18:03.541396,2025-12-22T16:51:27.706716,139.56,383.44,462693946.3333333,1333587345.0,134861973094.0,516.0,0.0,0.0,0.0,0,0,0
Closure,165,locus,Yes,24.0,0.041667,0.041667,82.1236629486084,2025-12-25T13:42:53.381144,2025-12-25T14:43:57.168082,,,,,,,,,,0,0,0
Closure,166,FlexFL,Yes,2.0,0.5,0.5,N/A,N/A,N/A,N/A,N/A,N/A,N/A,N/A,N/A,N/A,N/A,N/A,0,1,1
Closure,166,boostnsift,Yes,7.0,0.142857,0.142857,57.005086183547974,2025-11-18T15:19:02.560269,2025-12-22T16:51:27.706716,99.742,445.91,659770729.8,1492501135.0,134861973094.0,806.0,0.0,0.0,0.0,0,0,1
Closure,166,buglocator,Yes,45.0,0.022222,0.022222,25.443618535995483,2025-11-18T15:19:04.568915,2025-12-22T16:51:27.706716,184.10333333333332,390.7,855875693.0,1317481218.0,134861973094.0,586.0,0.0,0.0,0.0,0,0,0
Closure,166,locus,Yes,19.0,0.052632,0.052632,81.18239283561707,2025-12-25T13:43:07.300976,2025-12-25T14:43:57.168082,,,,,,,,,,0,0,0
Closure,167,FlexFL,No,,0.0,0.0,N/A,N/A,N/A,N/A,N/A,N/A,N/A,N/A,N/A,N/A,N/A,N/A,0,0,0
Closure,167,boostnsift,Yes,414.0,0.002415,0.002415,46.93127155303955,2025-11-18T15:19:51.513658,2025-12-22T16:51:27.706716,113.492,478.55,613541949.8,1094142918.0,134861973094.0,876.0,0.0,0.0,0.0,0,0,0
Closure,167,buglocator,Yes,638.0,0.001567,0.001567,23.61115980148315,2025-11-18T15:19:52.665487,2025-12-22T16:51:27.706716,242.1,365.72,874705321.5,1457067655.0,134861973094.0,586.0,0.0,0.0,0.0,0,0,0
Closure,167,locus,Yes,716.0,0.001397,0.001397,61.95925784111023,2025-12-25T13:43:55.347414,2025-12-25T14:43:57.168082,,,,,,,,,,0,0,0
Closure,168,FlexFL,No,,0.0,0.0,N/A,N/A,N/A,N/A,N/A,N/A,N/A,N/A,N/A,N/A,N/A,N/A,0,0,0
Closure,168,boostnsift,Yes,30.0,0.033333,0.033333,44.65262389183045,2025-11-18T15:20:37.332365,2025-12-22T16:51:27.706716,152.7275,547.16,701109894.75,1109175304.0,134861973094.0,806.0,0.0,0.0,0.0,0,0,0
Closure,168,buglocator,Yes,2.0,0.5,0.5,24.447137355804443,2025-11-18T15:20:42.743384,2025-12-22T16:51:27.706716,80.87333333333333,206.03,501275950.6666667,1442035269.0,134861973094.0,516.0,0.0,0.0,0.0,0,1,1
Closure,168,locus,Yes,18.0,0.055556,0.055556,62.99440932273865,2025-12-25T13:44:10.296441,2025-12-25T14:43:57.168082,,,,,,,,,,0,0,0
Closure,169,FlexFL,Yes,1.0,1.0,1.0,N/A,N/A,N/A,N/A,N/A,N/A,N/A,N/A,N/A,N/A,N/A,N/A,1,1,1
Closure,169,boostnsift,Yes,108.0,0.009259,0.009259,43.24126863479614,2025-11-18T15:21:25.987954,2025-12-22T16:51:27.706716,179.5325,553.0,706039775.0,1333587345.0,134861973094.0,806.0,0.0,0.0,0.0,0,0,0
Closure,169,buglocator,Yes,162.0,0.006173,0.006173,24.244741439819336,2025-11-18T15:21:27.995030,2025-12-22T16:51:27.706716,121.69333333333331,333.28,418234324.0,1215475744.0,134861973094.0,516.0,0.0,0.0,0.0,0,0,0
Closure,169,locus,Yes,140.0,0.007143,0.007143,71.17133975028992,2025-12-25T13:45:06.520269,2025-12-25T14:43:57.168082,,,,,,,,,,0,0,0
Closure,170,FlexFL,No,,0.0,0.0,N/A,N/A,N/A,N/A,N/A,N/A,N/A,N/A,N/A,N/A,N/A,N/A,0,0,0
Closure,170,boostnsift,Yes,510.0,0.001961,0.001961,36.92811918258667,2025-11-18T15:22:53.690171,2025-12-22T16:51:27.706716,87.23999999999998,268.2,669490609.6,1030645350.0,134861973094.0,656.0,0.0,0.0,0.0,0,0,0
Closure,170,buglocator,Yes,632.0,0.001582,0.001582,19.837953329086304,2025-11-18T15:23:05.878755,2025-12-22T16:51:27.706716,140.16333333333333,359.22,523286959.0,1491427393.0,134861973094.0,736.0,0.0,0.0,0.0,0,0,0
Closure,170,locus,Yes,399.0,0.002506,0.002506,72.29534077644348,2025-12-25T13:46:18.818464,2025-12-25T14:43:57.168082,,,,,,,,,,0,0,0
Closure,171,FlexFL,No,,0.0,0.0,N/A,N/A,N/A,N/A,N/A,N/A,N/A,N/A,N/A,N/A,N/A,N/A,0,0,0
Closure,171,boostnsift,Yes,20.0,0.05,0.05,34.624157190322876,2025-11-18T15:23:40.512902,2025-12-22T16:51:27.706716,122.735,376.31,846070283.75,1491427393.0,134861973094.0,806.0,0.0,0.0,0.0,0,0,0
Closure,171,buglocator,Yes,154.0,0.006494,0.006494,16.80935025215149,2025-11-18T15:23:42.518753,2025-12-22T16:51:27.706716,148.70499999999998,153.82,834261745.0,1473173782.0,134861973094.0,586.0,0.0,0.0,0.0,0,0,0
Closure,171,locus,Yes,20.0,0.05,0.05,77.51387691497803,2025-12-25T13:46:41.585476,2025-12-25T14:43:57.168082,,,,,,,,,,0,0,0
Closure,172,FlexFL,No,,0.0,0.0,N/A,N/A,N/A,N/A,N/A,N/A,N/A,N/A,N/A,N/A,N/A,N/A,0,0,0
Closure,172,boostnsift,Yes,38.0,0.026316,0.026316,43.638235330581665,2025-11-18T15:24:26.160037,2025-12-22T16:51:27.706716,113.714,511.74,478685429.4,909429964.0,134861973094.0,586.0,0.0,0.0,0.0,0,0,0
Closure,172,buglocator,Yes,2.0,0.5,0.5,21.288254976272583,2025-11-18T15:24:31.747168,2025-12-22T16:51:27.706716,76.33333333333333,185.81,543604167.6666666,1434519076.0,134861973094.0,516.0,0.0,0.0,0.0,0,1,1
Closure,172,locus,Yes,6.0,0.166667,0.166667,81.22991299629211,2025-12-25T13:47:40.050401,2025-12-25T14:43:57.168082,,,,,,,,,,0,0,1
Closure,173,FlexFL,Yes,1.0,1.0,1.0,N/A,N/A,N/A,N/A,N/A,N/A,N/A,N/A,N/A,N/A,N/A,N/A,1,1,1
Closure,173,boostnsift,Yes,1.0,1.0,1.0,43.6217839717865,2025-11-18T15:25:15.372204,2025-12-22T16:51:27.706716,121.38,444.45,1055842631.2,1575179255.0,134861973094.0,876.0,0.0,0.0,0.0,1,1,1
Closure,173,buglocator,Yes,2.0,0.5,0.5,20.763898849487305,2025-11-18T15:25:17.142782,2025-12-22T16:51:27.706716,102.58,254.1,513879834.0,1458141396.0,134861973094.0,516.0,0.0,0.0,0.0,0,1,1
Closure,173,locus,Yes,7.0,0.142857,0.142857,77.27495694160461,2025-12-25T13:47:58.861469,2025-12-25T14:43:57.168082,,,,,,,,,,0,0,1
Closure,174,FlexFL,Yes,1.0,1.0,0.3333333333333333,N/A,N/A,N/A,N/A,N/A,N/A,N/A,N/A,N/A,N/A,N/A,N/A,1,1,1
Closure,174,boostnsift,Yes,119.0,0.008403,0.008403,40.65853929519653,2025-11-18T15:25:57.850702,2025-12-22T16:51:27.706716,80.28333333333333,383.34,878212808.1666666,1516123455.0,134861973094.0,656.0,0.0,0.0,0.0,0,0,0
Closure,174,buglocator,Yes,289.0,0.00346,0.00346,18.371573209762573,2025-11-18T15:26:04.286416,2025-12-22T16:51:27.706716,358.505,691.5,897335688.5,1442035269.0,134861973094.0,806.0,0.0,0.0,0.0,0,0,0
Closure,174,locus,Yes,29.0,0.034483,0.034483,68.72532296180725,2025-12-25T13:48:48.777688,2025-12-25T14:43:57.168082,,,,,,,,,,0,0,0
Closure,175,FlexFL,Yes,2.0,0.5,0.5,N/A,N/A,N/A,N/A,N/A,N/A,N/A,N/A,N/A,N/A,N/A,N/A,0,1,1
Closure,175,boostnsift,Yes,23.0,0.043478,0.043478,43.97757935523987,2025-11-18T15:26:48.267284,2025-12-22T16:51:27.706716,82.84166666666667,408.7,886554580.0,1521492164.0,134861973094.0,656.0,0.0,0.0,0.0,0,0,0
Closure,175,buglocator,Yes,16.0,0.0625,0.0625,22.06855344772339,2025-11-18T15:26:50.387714,2025-12-22T16:51:27.706716,154.08333333333334,366.41,534550063.3333333,1465657589.0,134861973094.0,586.0,0.0,0.0,0.0,0,0,0
Closure,175,locus,Yes,9.0,0.111111,0.111111,70.52063012123108,2025-12-25T13:49:09.383363,2025-12-25T14:43:57.168082,,,,,,,,,,0,0,1
Closure,176,FlexFL,Yes,2.0,0.5,0.5,N/A,N/A,N/A,N/A,N/A,N/A,N/A,N/A,N/A,N/A,N/A,N/A,0,1,1
Closure,176,boostnsift,Yes,11.0,0.090909,0.090909,37.218419790267944,2025-11-18T15:27:27.609299,2025-12-22T16:51:27.706716,105.006,371.3,616074051.0,951687577.0,134861973094.0,656.0,0.0,0.0,0.0,0,0,0
Closure,176,buglocator,Yes,44.0,0.022727,0.022727,18.662804126739506,2025-11-18T15:27:37.995584,2025-12-22T16:51:27.706716,376.145,667.91,908727418.5,1465657589.0,134861973094.0,586.0,0.0,0.0,0.0,0,0,0
Closure,176,locus,Yes,29.0,0.034483,0.034483,77.41854190826416,2025-12-25T13:50:06.200740,2025-12-25T14:43:57.168082,,,,,,,,,,0,0,0
Codec,1,FlexFL,No,,0.0,0.0,N/A,N/A,N/A,N/A,N/A,N/A,N/A,N/A,N/A,N/A,N/A,N/A,0,0,0
Codec,1,boostnsift,Yes,13.0,0.076923,0.076923,9.304064512252808,2025-11-27T08:03:57.045699,2025-12-22T16:51:28.189176,1.85,3.7,11476664.0,22953328.0,134861973094.0,486.0,0.0,0.0,0.0,0,0,0
Codec,1,buglocator,Yes,24.0,0.041667,0.041667,8.258502721786499,2025-12-17T14:16:42.774565,2025-12-22T16:51:28.189176,,,,,,,,,,0,0,0
Codec,1,locus,Yes,24.0,0.041667,0.041667,8.748040437698364,2025-11-18T16:24:58.076388,2025-12-22T16:51:28.189176,,,,,,,,,,0,0,0
Codec,2,FlexFL,Yes,1.0,1.0,1.0,N/A,N/A,N/A,N/A,N/A,N/A,N/A,N/A,N/A,N/A,N/A,N/A,1,1,1
Codec,2,boostnsift,Yes,1.0,1.0,1.0,12.211563110351562,2025-11-18T16:27:46.430164,2025-12-22T16:51:28.189176,183.18,366.36,132907008.0,265814016.0,134861973094.0,626.0,0.0,0.0,0.0,1,1,1
Codec,2,buglocator,Yes,3.0,0.333333,0.333333,11.79552698135376,2025-12-17T14:17:50.104551,2025-12-22T16:51:28.189176,,,,,,,,,,0,1,1
Codec,2,locus,Yes,1.0,1.0,1.0,5.2697837352752686,2025-11-18T16:27:35.324152,2025-12-22T16:51:28.189176,,,,,,,,,,1,1,1
Codec,3,FlexFL,Yes,1.0,1.0,1.0,N/A,N/A,N/A,N/A,N/A,N/A,N/A,N/A,N/A,N/A,N/A,N/A,1,1,1
Codec,3,boostnsift,Yes,1.0,1.0,1.0,15.409609079360962,2025-11-18T16:28:01.850629,2025-12-22T16:51:28.189176,194.69,360.02,288830259.0,290665267.0,134861973094.0,696.0,0.0,0.0,,1,1,1
Codec,3,buglocator,Yes,1.0,1.0,1.0,7.362243890762329,2025-12-17T14:17:56.332390,2025-12-22T16:51:28.189176,,,,,,,,,,1,1,1
Codec,3,locus,Yes,1.0,1.0,1.0,8.086237668991089,2025-11-18T16:27:50.233910,2025-12-22T16:51:28.189176,,,,,,,,,,1,1,1
Codec,4,FlexFL,No,,0.0,0.0,N/A,N/A,N/A,N/A,N/A,N/A,N/A,N/A,N/A,N/A,N/A,N/A,0,0,0
Codec,4,boostnsift,Yes,2.0,0.5,0.5,10.822709321975708,2025-11-18T16:28:12.689266,2025-12-22T16:51:28.189176,8.91,14.99,179573882.0,336383180.0,134861973094.0,736.0,0.0,0.0,,0,1,1
Codec,4,buglocator,Yes,1.0,1.0,1.0,6.05515456199646,2025-12-17T14:17:56.159760,2025-12-22T16:51:28.189176,,,,,,,,,,1,1,1
Codec,4,locus,Yes,1.0,1.0,1.0,8.032183170318604,2025-11-18T16:28:04.521119,2025-12-22T16:51:28.189176,,,,,,,,,,1,1,1
Codec,5,FlexFL,Yes,2.0,0.5,0.5,N/A,N/A,N/A,N/A,N/A,N/A,N/A,N/A,N/A,N/A,N/A,N/A,0,1,1
Codec,5,boostnsift,Yes,1.0,1.0,1.0,12.696401834487917,2025-11-18T16:28:25.388977,2025-12-22T16:51:28.189176,42.93,82.44,166440468.0,309959065.0,134861973094.0,736.0,0.0,0.0,0.0,1,1,1
Codec,5,buglocator,Yes,1.0,1.0,1.0,5.9778242111206055,2025-12-17T14:18:02.137659,2025-12-22T16:51:28.189176,,,,,,,,,,1,1,1
Codec,5,locus,Yes,2.0,0.5,0.5,8.233251094818115,2025-11-18T16:28:18.381204,2025-12-22T16:51:28.189176,,,,,,,,,,0,1,1
Codec,6,FlexFL,Yes,1.0,1.0,1.0,N/A,N/A,N/A,N/A,N/A,N/A,N/A,N/A,N/A,N/A,N/A,N/A,1,1,1
Codec,6,boostnsift,Yes,1.0,1.0,1.0,11.034069538116457,2025-11-18T16:28:36.426735,2025-12-22T16:51:28.189176,55.35,77.31,195181936.0,309120204.0,134861973094.0,516.0,0.0,0.0,,1,1,1
Codec,6,buglocator,Yes,1.0,1.0,1.0,6.533390283584595,2025-12-17T14:18:02.865833,2025-12-22T16:51:28.189176,,,,,,,,,,1,1,1
Codec,6,locus,Yes,2.0,0.5,0.5,8.623705387115479,2025-11-18T16:28:32.035620,2025-12-22T16:51:28.189176,,,,,,,,,,0,1,1
Codec,7,FlexFL,Yes,1.0,1.0,1.0,N/A,N/A,N/A,N/A,N/A,N/A,N/A,N/A,N/A,N/A,N/A,N/A,1,1,1
Codec,7,boostnsift,Yes,1.0,1.0,1.0,15.092483043670654,2025-11-18T16:28:52.646372,2025-12-22T16:51:28.189176,32.31333333333333,64.32,230522442.66666663,317718528.0,134861973094.0,586.0,0.0,0.0,,1,1,1
Codec,7,buglocator,Yes,1.0,1.0,1.0,7.785615205764771,2025-12-17T14:18:09.923327,2025-12-22T16:51:28.189176,,,,,,,,,,1,1,1
Codec,7,locus,Yes,1.0,1.0,1.0,8.15966796875,2025-11-18T16:28:44.590118,2025-12-22T16:51:28.189176,,,,,,,,,,1,1,1
Codec,8,FlexFL,Yes,1.0,1.0,1.0,N/A,N/A,N/A,N/A,N/A,N/A,N/A,N/A,N/A,N/A,N/A,N/A,1,1,1
Codec,8,boostnsift,Yes,2.0,0.5,0.5,11.432205200195312,2025-11-18T16:29:04.082014,2025-12-22T16:51:28.189176,18.73,20.85,184093245.0,336278323.0,134861973094.0,516.0,0.0,0.0,,0,1,1
Codec,8,buglocator,Yes,2.0,0.5,0.5,6.9140708446502686,2025-12-17T14:18:09.779959,2025-12-22T16:51:28.189176,,,,,,,,,,0,1,1
Codec,8,locus,Yes,2.0,0.5,0.5,8.178285121917725,2025-11-18T16:28:59.437660,2025-12-22T16:51:28.189176,,,,,,,,,,0,1,1
Codec,9,FlexFL,Yes,1.0,1.0,1.0,N/A,N/A,N/A,N/A,N/A,N/A,N/A,N/A,N/A,N/A,N/A,N/A,1,1,1
Codec,9,boostnsift,Yes,1.0,1.0,1.0,15.887873888015749,2025-11-18T16:29:20.726516,2025-12-22T16:51:28.189176,10.406666666666666,16.53,109349000.33333331,296432435.0,134861973094.0,516.0,0.0,0.0,0.0,1,1,1
Codec,9,buglocator,Yes,1.0,1.0,1.0,6.513041973114014,2025-12-17T14:18:16.293058,2025-12-22T16:51:28.189176,,,,,,,,,,1,1,1
Codec,9,locus,Yes,1.0,1.0,1.0,10.47195553779602,2025-11-18T16:29:14.558149,2025-12-22T16:51:28.189176,,,,,,,,,,1,1,1
Codec,10,FlexFL,Yes,1.0,1.0,1.0,N/A,N/A,N/A,N/A,N/A,N/A,N/A,N/A,N/A,N/A,N/A,N/A,1,1,1
Codec,10,boostnsift,Yes,1.0,1.0,1.0,14.096548318862917,2025-11-18T16:25:17.354240,2025-12-22T16:51:28.189176,35.59,92.01,118195486.33333331,264031436.0,134861973094.0,516.0,0.0,0.0,0.0,1,1,1
Codec,10,buglocator,Yes,1.0,1.0,1.0,11.635082244873049,2025-12-17T14:16:46.151294,2025-12-22T16:51:28.189176,,,,,,,,,,1,1,1
Codec,10,locus,Yes,1.0,1.0,1.0,8.99011754989624,2025-11-18T16:25:08.939794,2025-12-22T16:51:28.189176,,,,,,,,,,1,1,1
Codec,11,FlexFL,Yes,1.0,1.0,0.3333333333333333,N/A,N/A,N/A,N/A,N/A,N/A,N/A,N/A,N/A,N/A,N/A,N/A,1,1,1
Codec,11,boostnsift,Yes,1.0,1.0,1.0,14.088991403579712,2025-11-18T16:25:31.446237,2025-12-22T16:51:28.189176,37.355,73.33,151666032.0,280074649.0,134861973094.0,736.0,0.0,0.0,0.0,1,1,1
Codec,11,buglocator,Yes,2.0,0.5,0.5,14.14069437980652,2025-12-17T14:16:56.915313,2025-12-22T16:51:28.189176,,,,,,,,,,0,1,1
Codec,11,locus,Yes,1.0,1.0,1.0,8.851516246795654,2025-11-18T16:25:23.218555,2025-12-22T16:51:28.189176,,,,,,,,,,1,1,1
Codec,12,FlexFL,No,,0.0,0.0,N/A,N/A,N/A,N/A,N/A,N/A,N/A,N/A,N/A,N/A,N/A,N/A,0,0,0
Codec,12,boostnsift,Yes,4.0,0.25,0.25,14.95598077774048,2025-11-18T16:25:46.405313,2025-12-22T16:51:28.189176,5.026666666666666,12.12,114556928.0,320864256.0,134861973094.0,516.0,0.0,0.0,0.0,0,1,1
Codec,12,buglocator,Yes,4.0,0.25,0.25,14.61133861541748,2025-12-17T14:17:00.762690,2025-12-22T16:51:28.189176,,,,,,,,,,0,1,1
Codec,12,locus,Yes,3.0,0.333333,0.333333,11.849783658981323,2025-11-18T16:25:41.284202,2025-12-22T16:51:28.189176,,,,,,,,,,0,1,1
Codec,13,FlexFL,Yes,1.0,1.0,1.0,N/A,N/A,N/A,N/A,N/A,N/A,N/A,N/A,N/A,N/A,N/A,N/A,1,1,1
Codec,13,boostnsift,Yes,28.0,0.035714,0.035714,13.01365041732788,2025-11-18T16:26:00.696945,2025-12-22T16:51:28.189176,10.345,17.62,184738119.5,346554368.0,134861973094.0,586.0,0.0,0.0,0.0,0,0,0
Codec,13,buglocator,Yes,92.0,0.01087,0.01087,12.962295770645142,2025-12-17T14:17:09.877662,2025-12-22T16:51:28.189176,,,,,,,,,,0,0,0
Codec,13,locus,Yes,56.0,0.017857,0.017857,12.539467334747314,2025-11-18T16:25:58.948263,2025-12-22T16:51:28.189176,,,,,,,,,,0,0,0
Codec,14,FlexFL,No,,0.0,0.0,N/A,N/A,N/A,N/A,N/A,N/A,N/A,N/A,N/A,N/A,N/A,N/A,0,0,0
Codec,14,boostnsift,Yes,34.0,0.029412,0.029412,18.05488896369934,2025-11-18T16:26:24.271778,2025-12-22T16:51:28.189176,6.0566666666666675,15.99,106846398.66666669,297585868.0,134861973094.0,516.0,0.0,0.0,0.0,0,0,0
Codec,14,buglocator,Yes,7.0,0.142857,0.142857,14.707546710968018,2025-12-17T14:17:15.470293,2025-12-22T16:51:28.189176,,,,,,,,,,0,0,1
Codec,14,locus,Yes,15.0,0.066667,0.066667,11.851927042007446,2025-11-18T16:26:12.553020,2025-12-22T16:51:28.189176,,,,,,,,,,0,0,0
Codec,15,FlexFL,Yes,1.0,1.0,1.0,N/A,N/A,N/A,N/A,N/A,N/A,N/A,N/A,N/A,N/A,N/A,N/A,1,1,1
Codec,15,boostnsift,Yes,1.0,1.0,1.0,12.417723178863524,2025-11-18T16:26:36.692480,2025-12-22T16:51:28.189176,7.875,14.28,173161840.0,323590553.0,134861973094.0,516.0,0.0,0.0,,1,1,1
Codec,15,buglocator,Yes,1.0,1.0,1.0,13.594029903411863,2025-12-17T14:17:23.471746,2025-12-22T16:51:28.189176,,,,,,,,,,1,1,1
Codec,15,locus,Yes,1.0,1.0,1.0,15.58266258239746,2025-11-18T16:26:34.418357,2025-12-22T16:51:28.189176,,,,,,,,,,1,1,1
Codec,16,FlexFL,No,,0.0,0.0,N/A,N/A,N/A,N/A,N/A,N/A,N/A,N/A,N/A,N/A,N/A,N/A,0,0,0
Codec,16,boostnsift,Yes,1.0,1.0,1.0,13.637586832046509,2025-11-18T16:26:54.525532,2025-12-22T16:51:28.189176,18.29,19.94,176679813.0,322122547.0,134861973094.0,516.0,0.0,0.0,,1,1,1
Codec,16,buglocator,Yes,1.0,1.0,1.0,14.61645483970642,2025-12-17T14:17:30.086807,2025-12-22T16:51:28.189176,,,,,,,,,,1,1,1
Codec,16,locus,Yes,1.0,1.0,1.0,12.501885652542114,2025-11-18T16:26:49.197975,2025-12-22T16:51:28.189176,,,,,,,,,,1,1,1
Codec,17,FlexFL,Yes,2.0,0.5,0.5,N/A,N/A,N/A,N/A,N/A,N/A,N/A,N/A,N/A,N/A,N/A,N/A,1,1,1
Codec,17,boostnsift,Yes,3.0,0.333333,0.333333,13.260204315185549,2025-11-18T16:27:08.794083,2025-12-22T16:51:28.189176,7.905,13.48,199229439.5,375599923.0,134861973094.0,516.0,0.0,0.0,0.0,0,1,1
Codec,17,buglocator,Yes,1.0,1.0,1.0,14.83716320991516,2025-12-17T14:17:38.308963,2025-12-22T16:51:28.189176,,,,,,,,,,1,1,1
Codec,17,locus,Yes,1.0,1.0,1.0,16.521202087402344,2025-11-18T16:27:11.051606,2025-12-22T16:51:28.189176,,,,,,,,,,1,1,1
Codec,18,FlexFL,Yes,4.0,0.25,0.25,N/A,N/A,N/A,N/A,N/A,N/A,N/A,N/A,N/A,N/A,N/A,N/A,0,1,1
Codec,18,boostnsift,Yes,1.0,1.0,1.0,14.181652545928957,2025-11-18T16:27:30.050661,2025-12-22T16:51:28.189176,7.455,11.83,204257361.5,385771110.0,134861973094.0,516.0,0.0,0.0,,1,1,1
Codec,18,buglocator,Yes,5.0,0.2,0.2,18.883220195770264,2025-12-17T14:17:48.970092,2025-12-22T16:51:28.189176,,,,,,,,,,0,1,1
Codec,18,locus,Yes,1.0,1.0,1.0,16.73118495941162,2025-11-18T16:27:27.786107,2025-12-22T16:51:28.189176,,,,,,,,,,1,1,1
Collections,1,boostnsift,No,,0.0,0.0,1.2525634765625,2025-11-27T08:04:00.769137,2025-12-22T16:51:28.653894,,,,,,,,,,0,0,0
Collections,1,buglocator,No,,0.0,0.0,0.2235302925109863,2025-11-18T16:29:21.642233,2025-12-22T16:51:28.653894,,,,,,,,,,0,0,0
Collections,1,locus,No,,0.0,0.0,9.25286626815796,2025-12-10T13:54:33.787753,2025-12-22T16:51:28.653894,,,,,,,,,,0,0,0
Collections,2,boostnsift,No,,0.0,0.0,0.2373363971710205,2025-11-18T16:29:26.318633,2025-12-22T16:51:28.653894,,,,,,,,,,0,0,0
Collections,2,buglocator,No,,0.0,0.0,0.2303640842437744,2025-11-18T16:29:26.437366,2025-12-22T16:51:28.653894,,,,,,,,,,0,0,0
Collections,2,locus,No,,0.0,0.0,5.147430181503296,2025-12-10T13:55:32.701988,2025-12-22T16:51:28.653894,,,,,,,,,,0,0,0
Collections,3,boostnsift,No,,0.0,0.0,0.2195165157318115,2025-11-18T16:31:03.586996,2025-12-22T16:51:28.653894,,,,,,,,,,0,0,0
Collections,3,buglocator,No,,0.0,0.0,0.2318735122680664,2025-11-18T16:31:03.818909,2025-12-22T16:51:28.653894,,,,,,,,,,0,0,0
Collections,3,locus,No,,0.0,0.0,8.72895860671997,2025-12-10T13:57:08.122270,2025-12-22T16:51:28.653894,,,,,,,,,,0,0,0
Collections,4,boostnsift,No,,0.0,0.0,0.2115087509155273,2025-11-18T16:31:04.320425,2025-12-22T16:51:28.653894,,,,,,,,,,0,0,0
Collections,4,buglocator,No,,0.0,0.0,0.2555701732635498,2025-11-18T16:31:04.576033,2025-12-22T16:51:28.653894,,,,,,,,,,0,0,0
Collections,4,locus,No,,0.0,0.0,4.856000900268555,2025-12-10T13:57:12.983202,2025-12-22T16:51:28.653894,,,,,,,,,,0,0,0
Collections,5,boostnsift,No,,0.0,0.0,0.2182960510253906,2025-11-18T16:31:05.100272,2025-12-22T16:51:28.653894,,,,,,,,,,0,0,0
Collections,5,buglocator,No,,0.0,0.0,0.2341923713684082,2025-11-18T16:31:05.334505,2025-12-22T16:51:28.653894,,,,,,,,,,0,0,0
Collections,5,locus,No,,0.0,0.0,5.568836212158203,2025-12-10T13:57:18.556468,2025-12-22T16:51:28.653894,,,,,,,,,,0,0,0
Collections,6,boostnsift,No,,0.0,0.0,0.2165539264678955,2025-11-18T16:31:05.839535,2025-12-22T16:51:28.653894,,,,,,,,,,0,0,0
Collections,6,buglocator,No,,0.0,0.0,0.250978946685791,2025-11-18T16:31:06.090589,2025-12-22T16:51:28.653894,,,,,,,,,,0,0,0
Collections,6,locus,No,,0.0,0.0,12.643718481063845,2025-12-10T13:57:30.265748,2025-12-22T16:51:28.653894,,,,,,,,,,0,0,0
Collections,7,boostnsift,No,,0.0,0.0,0.232560396194458,2025-11-18T16:31:06.633544,2025-12-22T16:51:28.653894,,,,,,,,,,0,0,0
Collections,7,buglocator,No,,0.0,0.0,0.2187426090240478,2025-11-18T16:31:06.852343,2025-12-22T16:51:28.653894,,,,,,,,,,0,0,0
Collections,7,locus,No,,0.0,0.0,13.680573225021362,2025-12-10T13:57:32.241313,2025-12-22T16:51:28.653894,,,,,,,,,,0,0,0
Collections,8,boostnsift,No,,0.0,0.0,0.2479434013366699,2025-11-18T16:31:07.394403,2025-12-22T16:51:28.653894,,,,,,,,,,0,0,0
Collections,8,buglocator,No,,0.0,0.0,0.2104332447052002,2025-11-18T16:31:07.604891,2025-12-22T16:51:28.653894,,,,,,,,,,0,0,0
Collections,8,locus,No,,0.0,0.0,4.713693141937256,2025-12-10T13:57:34.983855,2025-12-22T16:51:28.653894,,,,,,,,,,0,0,0
Collections,9,boostnsift,No,,0.0,0.0,0.2412333488464355,2025-11-18T16:31:08.180198,2025-12-22T16:51:28.653894,,,,,,,,,,0,0,0
Collections,9,buglocator,No,,0.0,0.0,0.2484116554260254,2025-11-18T16:31:08.428678,2025-12-22T16:51:28.653894,,,,,,,,,,0,0,0
Collections,9,locus,No,,0.0,0.0,12.525291442871094,2025-12-10T13:57:44.771034,2025-12-22T16:51:28.653894,,,,,,,,,,0,0,0
Collections,10,boostnsift,No,,0.0,0.0,0.2501294612884521,2025-11-18T16:29:21.892417,2025-12-22T16:51:28.653894,,,,,,,,,,0,0,0
Collections,10,buglocator,No,,0.0,0.0,0.2539315223693847,2025-11-18T16:29:22.142050,2025-12-22T16:51:28.653894,,,,,,,,,,0,0,0
Collections,10,locus,No,,0.0,0.0,9.878917455673218,2025-12-10T13:54:34.423814,2025-12-22T16:51:28.653894,,,,,,,,,,0,0,0
Collections,11,boostnsift,No,,0.0,0.0,0.2446098327636718,2025-11-18T16:29:22.386694,2025-12-22T16:51:28.653894,,,,,,,,,,0,0,0
Collections,11,buglocator,No,,0.0,0.0,0.2339808940887451,2025-11-18T16:29:22.452552,2025-12-22T16:51:28.653894,,,,,,,,,,0,0,0
Collections,11,locus,No,,0.0,0.0,12.293784141540527,2025-12-10T13:54:46.085555,2025-12-22T16:51:28.653894,,,,,,,,,,0,0,0
Collections,12,boostnsift,No,,0.0,0.0,0.2365269660949707,2025-11-18T16:29:22.689156,2025-12-22T16:51:28.653894,,,,,,,,,,0,0,0
Collections,12,buglocator,No,,0.0,0.0,0.2574923038482666,2025-11-18T16:29:22.946696,2025-12-22T16:51:28.653894,,,,,,,,,,0,0,0
Collections,12,locus,No,,0.0,0.0,13.675361156463625,2025-12-10T13:54:48.102759,2025-12-22T16:51:28.653894,,,,,,,,,,0,0,0
Collections,13,boostnsift,No,,0.0,0.0,0.2489855289459228,2025-11-18T16:29:23.195724,2025-12-22T16:51:28.653894,,,,,,,,,,0,0,0
Collections,13,buglocator,No,,0.0,0.0,0.2678894996643066,2025-11-18T16:29:23.310936,2025-12-22T16:51:28.653894,,,,,,,,,,0,0,0
Collections,13,locus,No,,0.0,0.0,13.040706157684326,2025-12-10T13:54:59.130524,2025-12-22T16:51:28.653894,,,,,,,,,,0,0,0
Collections,14,boostnsift,No,,0.0,0.0,0.2171521186828613,2025-11-18T16:29:23.528121,2025-12-22T16:51:28.653894,,,,,,,,,,0,0,0
Collections,14,buglocator,No,,0.0,0.0,0.2695505619049072,2025-11-18T16:29:23.764181,2025-12-22T16:51:28.653894,,,,,,,,,,0,0,0
Collections,14,locus,No,,0.0,0.0,12.935477018356323,2025-12-10T13:55:01.042277,2025-12-22T16:51:28.653894,,,,,,,,,,0,0,0
Collections,15,boostnsift,No,,0.0,0.0,0.2279696464538574,2025-11-18T16:29:23.992214,2025-12-22T16:51:28.653894,,,,,,,,,,0,0,0
Collections,15,buglocator,No,,0.0,0.0,0.2254672050476074,2025-11-18T16:29:24.098980,2025-12-22T16:51:28.653894,,,,,,,,,,0,0,0
Collections,15,locus,No,,0.0,0.0,12.91128396987915,2025-12-10T13:55:12.047008,2025-12-22T16:51:28.653894,,,,,,,,,,0,0,0
Collections,16,boostnsift,No,,0.0,0.0,0.5782785415649414,2025-11-18T16:29:24.677292,2025-12-22T16:51:28.653894,,,,,,,,,,0,0,0
Collections,16,buglocator,No,,0.0,0.0,0.2353255748748779,2025-11-18T16:29:24.522922,2025-12-22T16:51:28.653894,,,,,,,,,,0,0,0
Collections,16,locus,No,,0.0,0.0,12.982904434204102,2025-12-10T13:55:14.029869,2025-12-22T16:51:28.653894,,,,,,,,,,0,0,0
Collections,17,boostnsift,No,,0.0,0.0,0.2932074069976806,2025-11-18T16:29:24.970529,2025-12-22T16:51:28.653894,,,,,,,,,,0,0,0
Collections,17,buglocator,No,,0.0,0.0,0.2618546485900879,2025-11-18T16:29:25.232414,2025-12-22T16:51:28.653894,,,,,,,,,,0,0,0
Collections,17,locus,No,,0.0,0.0,4.8752760887146,2025-12-10T13:55:16.926645,2025-12-22T16:51:28.653894,,,,,,,,,,0,0,0
Collections,18,boostnsift,No,,0.0,0.0,0.2773580551147461,2025-11-18T16:29:25.509839,2025-12-22T16:51:28.653894,,,,,,,,,,0,0,0
Collections,18,buglocator,No,,0.0,0.0,0.2360639572143554,2025-11-18T16:29:25.607039,2025-12-22T16:51:28.653894,,,,,,,,,,0,0,0
Collections,18,locus,No,,0.0,0.0,13.514512538909912,2025-12-10T13:55:27.549457,2025-12-22T16:51:28.653894,,,,,,,,,,0,0,0
Collections,19,boostnsift,No,,0.0,0.0,0.2465436458587646,2025-11-18T16:29:25.853614,2025-12-22T16:51:28.653894,,,,,,,,,,0,0,0
Collections,19,buglocator,No,,0.0,0.0,0.2704803943634033,2025-11-18T16:29:26.081242,2025-12-22T16:51:28.653894,,,,,,,,,,0,0,0
Collections,19,locus,No,,0.0,0.0,16.575189113616943,2025-12-10T13:55:33.506414,2025-12-22T16:51:28.653894,,,,,,,,,,0,0,0
Collections,20,boostnsift,No,,0.0,0.0,0.2323648929595947,2025-11-18T16:29:26.669765,2025-12-22T16:51:28.653894,,,,,,,,,,0,0,0
Collections,20,buglocator,No,,0.0,0.0,0.254556655883789,2025-11-18T16:29:26.885532,2025-12-22T16:51:28.653894,,,,,,,,,,0,0,0
Collections,20,locus,No,,0.0,0.0,16.608954429626465,2025-12-10T13:55:49.315314,2025-12-22T16:51:28.653894,,,,,,,,,,0,0,0
Collections,21,boostnsift,No,,0.0,0.0,0.2358627319335937,2025-11-18T16:29:27.121460,2025-12-22T16:51:28.653894,,,,,,,,,,0,0,0
Collections,21,buglocator,No,,0.0,0.0,0.2329773902893066,2025-11-18T16:29:27.219852,2025-12-22T16:51:28.653894,,,,,,,,,,0,0,0
Collections,21,locus,No,,0.0,0.0,13.79568576812744,2025-12-10T13:55:47.307260,2025-12-22T16:51:28.653894,,,,,,,,,,0,0,0
Collections,22,boostnsift,No,,0.0,0.0,0.2276358604431152,2025-11-18T16:29:27.447526,2025-12-22T16:51:28.653894,,,,,,,,,,0,0,0
Collections,22,buglocator,No,,0.0,0.0,0.3042559623718261,2025-11-18T16:29:27.747644,2025-12-22T16:51:28.653894,,,,,,,,,,0,0,0
Collections,22,locus,Yes,5.0,0.2,0.2,17.181008338928223,2025-12-10T13:56:04.493291,2025-12-22T16:51:28.653894,,,,,,,,,,0,1,1
Collections,23,boostnsift,No,,0.0,0.0,0.2562518119812011,2025-11-18T16:29:28.003930,2025-12-22T16:51:28.653894,,,,,,,,,,0,0,0
Collections,23,buglocator,No,,0.0,0.0,0.2449257373809814,2025-11-18T16:29:28.041819,2025-12-22T16:51:28.653894,,,,,,,,,,0,0,0
Collections,23,locus,Yes,27.0,0.037037,0.037037,21.11459970474243,2025-12-10T13:56:10.435371,2025-12-22T16:51:28.653894,,,,,,,,,,0,0,0
Collections,24,boostnsift,No,,0.0,0.0,0.2713663578033447,2025-11-18T16:29:28.313215,2025-12-22T16:51:28.653894,,,,,,,,,,0,0,0
Collections,24,buglocator,No,,0.0,0.0,0.2596220970153808,2025-11-18T16:29:28.572873,2025-12-22T16:51:28.653894,,,,,,,,,,0,0,0
Collections,24,locus,Yes,2.0,0.5,0.5,20.974109411239624,2025-12-10T13:56:25.471924,2025-12-22T16:51:28.653894,,,,,,,,,,0,1,1
Collections,25,FlexFL,Yes,1.0,1.0,0.3333333333333333,N/A,N/A,N/A,N/A,N/A,N/A,N/A,N/A,N/A,N/A,N/A,N/A,1,1,1
Collections,25,boostnsift,Yes,3.0,0.333333,0.333333,30.940024614334103,2025-11-18T16:29:59.698710,2025-12-22T16:51:28.653894,61.7375,167.8,410071858.75,839489945.0,134861973094.0,806.0,0.0,0.0,0.0,0,1,1
Collections,25,buglocator,Yes,2.0,0.5,0.5,22.710689783096313,2025-11-18T16:29:51.425645,2025-12-22T16:51:28.653894,134.395,268.79,116129792.0,232259584.0,134861973094.0,646.0,0.0,0.0,0.0,0,1,1
Collections,25,locus,Yes,5.0,0.2,0.2,24.4721040725708,2025-12-10T13:56:34.912407,2025-12-22T16:51:28.653894,,,,,,,,,,0,1,1
Collections,26,FlexFL,Yes,3.0,0.3333333333333333,0.3333333333333333,N/A,N/A,N/A,N/A,N/A,N/A,N/A,N/A,N/A,N/A,N/A,N/A,0,1,1
Collections,26,boostnsift,Yes,6.0,0.166667,0.166667,35.40445613861084,2025-11-18T16:30:27.172385,2025-12-22T16:51:28.653894,39.044,149.57,363205754.6,665321472.0,134861973094.0,806.0,0.0,0.0,0.0,0,0,1
Collections,26,buglocator,Yes,1.0,1.0,1.0,14.50354027748108,2025-11-18T16:30:14.211485,2025-12-22T16:51:28.653894,635.2,635.2,373817344.0,373817344.0,134861973094.0,536.0,0.0,0.0,0.0,1,1,1
Collections,26,locus,Yes,1.0,1.0,1.0,24.363141536712646,2025-12-10T13:56:49.841349,2025-12-22T16:51:28.653894,,,,,,,,,,1,1,1
Collections,27,FlexFL,No,,0.0,0.0,N/A,N/A,N/A,N/A,N/A,N/A,N/A,N/A,N/A,N/A,N/A,N/A,0,0,0
Collections,27,boostnsift,Yes,27.0,0.037037,0.037037,32.447572469711304,2025-11-18T16:30:46.981472,2025-12-22T16:51:28.653894,57.65,211.52,328047001.25,461373440.0,134861973094.0,806.0,0.0,0.0,,0,0,0
Collections,27,buglocator,Yes,20.0,0.05,0.05,10.152522802352903,2025-11-18T16:30:37.328107,2025-12-22T16:51:28.653894,560.53,560.53,317089382.0,317089382.0,134861973094.0,376.0,0.0,0.0,0.0,0,0,0
Collections,27,locus,Yes,26.0,0.038462,0.038462,24.472415924072266,2025-12-10T13:56:59.389238,2025-12-22T16:51:28.653894,,,,,,,,,,0,0,0
Collections,28,FlexFL,No,,0.0,0.0,N/A,N/A,N/A,N/A,N/A,N/A,N/A,N/A,N/A,N/A,N/A,N/A,0,0,0
Collections,28,boostnsift,Yes,2.0,0.5,0.5,34.97000980377197,2025-11-18T16:31:12.652797,2025-12-22T16:51:28.653894,84.35249999999999,192.27,231132364.5,431174451.0,134861973094.0,696.0,0.0,0.0,0.0,0,1,1
Collections,28,buglocator,Yes,6.0,0.166667,0.166667,16.07099723815918,2025-11-18T16:31:03.055366,2025-12-22T16:51:28.653894,112.665,225.33,95577702.0,191155404.0,134861973094.0,486.0,0.0,0.0,0.0,0,0,1
Collections,28,locus,Yes,7.0,0.142857,0.142857,27.77178430557251,2025-12-10T13:57:17.617722,2025-12-22T16:51:28.653894,,,,,,,,,,0,0,1
Compress,1,FlexFL,No,,0.0,0.0,N/A,N/A,N/A,N/A,N/A,N/A,N/A,N/A,N/A,N/A,N/A,N/A,0,0,0
Compress,1,boostnsift,Yes,3.0,0.333333,0.333333,12.448007345199583,2025-11-18T16:31:25.603751,2025-12-22T16:51:28.948576,149.94,299.25,266862591.5,280703795.0,134861973094.0,626.0,0.0,0.0,,0,1,1
Compress,1,buglocator,Yes,12.0,0.083333,0.083333,4.92560338973999,2025-12-17T14:21:27.373418,2025-12-22T16:51:28.948576,,,,,,,,,,0,0,0
Compress,1,locus,No,,0.0,0.0,16.503276824951172,2025-12-10T13:58:01.718543,2025-12-22T16:51:28.948576,,,,,,,,,,0,0,0
Compress,2,FlexFL,Yes,2.0,0.5,0.125,N/A,N/A,N/A,N/A,N/A,N/A,N/A,N/A,N/A,N/A,N/A,N/A,0,1,1
Compress,2,boostnsift,Yes,4.0,0.25,0.25,10.333867073059082,2025-11-18T16:33:48.406957,2025-12-22T16:51:28.948576,13.13,23.25,179673497.5,336592896.0,134861973094.0,736.0,0.0,0.0,,0,1,1
Compress,2,buglocator,Yes,52.0,0.019231,0.019231,5.518289566040039,2025-12-17T14:22:17.691662,2025-12-22T16:51:28.948576,,,,,,,,,,0,0,0
Compress,2,locus,No,,0.0,0.0,8.918004035949707,2025-12-10T13:59:00.027732,2025-12-22T16:51:28.948576,,,,,,,,,,0,0,0
Compress,3,FlexFL,Yes,3.0,0.3333333333333333,0.1111111111111111,N/A,N/A,N/A,N/A,N/A,N/A,N/A,N/A,N/A,N/A,N/A,N/A,0,1,1
Compress,3,boostnsift,Yes,4.0,0.25,0.25,11.742435455322266,2025-11-18T16:36:05.994291,2025-12-22T16:51:28.948576,0.97,1.94,11487150.0,22974300.0,134861973094.0,486.0,0.0,0.0,0.0,0,1,1
Compress,3,buglocator,Yes,8.0,0.125,0.125,5.265149831771851,2025-12-17T14:23:13.851585,2025-12-22T16:51:28.948576,,,,,,,,,,0,0,1
Compress,3,locus,Yes,2.0,0.5,0.5,8.248049259185791,2025-12-10T14:00:28.224703,2025-12-22T16:51:28.948576,,,,,,,,,,0,1,1
Compress,4,FlexFL,Yes,1.0,1.0,1.0,N/A,N/A,N/A,N/A,N/A,N/A,N/A,N/A,N/A,N/A,N/A,N/A,1,1,1
Compress,4,boostnsift,Yes,5.0,0.2,0.2,14.04408597946167,2025-11-18T16:38:49.952243,2025-12-22T16:51:28.948576,42.75,84.02,154392330.0,285736960.0,134861973094.0,736.0,0.0,0.0,0.0,0,1,1
Compress,4,buglocator,Yes,12.0,0.083333,0.083333,11.584620475769045,2025-12-17T14:24:52.259746,2025-12-22T16:51:28.948576,,,,,,,,,,0,0,0
Compress,4,locus,Yes,2.0,0.5,0.5,9.03555965423584,2025-12-10T14:02:22.228575,2025-12-22T16:51:28.948576,,,,,,,,,,0,1,1
Compress,5,FlexFL,Yes,1.0,1.0,1.0,N/A,N/A,N/A,N/A,N/A,N/A,N/A,N/A,N/A,N/A,N/A,N/A,1,1,1
Compress,5,boostnsift,Yes,1.0,1.0,1.0,10.347935676574709,2025-11-18T16:41:05.609848,2025-12-22T16:51:28.948576,44.46,86.26,150685613.5,278606643.0,134861973094.0,516.0,0.0,0.0,0.0,1,1,1
Compress,5,buglocator,Yes,2.0,0.5,0.5,8.558919668197632,2025-12-17T14:26:53.022989,2025-12-22T16:51:28.948576,,,,,,,,,,0,1,1
Compress,5,locus,Yes,1.0,1.0,1.0,8.559771060943604,2025-12-10T14:04:00.632630,2025-12-22T16:51:28.948576,,,,,,,,,,1,1,1
Compress,6,FlexFL,Yes,1.0,1.0,0.5,N/A,N/A,N/A,N/A,N/A,N/A,N/A,N/A,N/A,N/A,N/A,N/A,1,1,1
Compress,6,boostnsift,Yes,6.0,0.166667,0.166667,11.273033618927002,2025-11-18T16:41:17.240081,2025-12-22T16:51:28.948576,37.74,73.76,168254504.5,313629081.0,134861973094.0,736.0,0.0,0.0,0.0,0,0,1
Compress,6,buglocator,Yes,1.0,1.0,1.0,7.093310117721558,2025-12-17T14:26:51.829785,2025-12-22T16:51:28.948576,,,,,,,,,,1,1,1
Compress,6,locus,Yes,1.0,1.0,1.0,9.371432304382324,2025-12-10T14:04:07.366381,2025-12-22T16:51:28.948576,,,,,,,,,,1,1,1
Compress,7,FlexFL,Yes,1.0,1.0,1.0,N/A,N/A,N/A,N/A,N/A,N/A,N/A,N/A,N/A,N/A,N/A,N/A,1,1,1
Compress,7,boostnsift,Yes,4.0,0.25,0.25,10.338562965393066,2025-11-18T16:41:26.481914,2025-12-22T16:51:28.948576,29.130000000000003,57.63,181592391.5,340472627.0,134861973094.0,736.0,0.0,0.0,,0,1,1
Compress,7,buglocator,Yes,2.0,0.5,0.5,10.310457468032835,2025-12-17T14:27:02.140298,2025-12-22T16:51:28.948576,,,,,,,,,,0,1,1
Compress,7,locus,Yes,1.0,1.0,1.0,8.715322017669678,2025-12-10T14:04:09.351745,2025-12-22T16:51:28.948576,,,,,,,,,,1,1,1
Compress,8,FlexFL,Yes,2.0,0.5,0.5,N/A,N/A,N/A,N/A,N/A,N/A,N/A,N/A,N/A,N/A,N/A,N/A,0,1,1
Compress,8,boostnsift,Yes,1.0,1.0,1.0,10.65209937095642,2025-11-18T16:41:35.007774,2025-12-22T16:51:28.948576,11.145,19.31,181251604.0,339738624.0,134861973094.0,736.0,0.0,0.0,,1,1,1
Compress,8,buglocator,Yes,1.0,1.0,1.0,11.326291561126707,2025-12-17T14:27:04.349337,2025-12-22T16:51:28.948576,,,,,,,,,,1,1,1
Compress,8,locus,Yes,1.0,1.0,1.0,8.740162134170532,2025-12-10T14:04:16.110098,2025-12-22T16:51:28.948576,,,,,,,,,,1,1,1
Compress,9,FlexFL,Yes,1.0,1.0,1.0,N/A,N/A,N/A,N/A,N/A,N/A,N/A,N/A,N/A,N/A,N/A,N/A,1,1,1
Compress,9,boostnsift,Yes,1.0,1.0,1.0,14.827692031860352,2025-11-18T16:41:47.643694,2025-12-22T16:51:28.948576,6.41,12.06,188942909.0,355152691.0,134861973094.0,736.0,0.0,0.0,0.0,1,1,1
Compress,9,buglocator,Yes,1.0,1.0,1.0,12.985557794570925,2025-12-17T14:27:15.125911,2025-12-22T16:51:28.948576,,,,,,,,,,1,1,1
Compress,9,locus,Yes,1.0,1.0,1.0,8.771958827972412,2025-12-10T14:04:18.128010,2025-12-22T16:51:28.948576,,,,,,,,,,1,1,1
Compress,10,FlexFL,Yes,1.0,1.0,1.0,N/A,N/A,N/A,N/A,N/A,N/A,N/A,N/A,N/A,N/A,N/A,N/A,1,1,1
Compress,10,boostnsift,Yes,1.0,1.0,1.0,15.825299739837646,2025-11-18T16:31:37.596880,2025-12-22T16:51:28.948576,181.105,273.65,277872639.5,337536614.0,134861973094.0,696.0,0.0,0.0,,1,1,1
Compress,10,buglocator,Yes,1.0,1.0,1.0,8.688386678695679,2025-12-17T14:21:31.136325,2025-12-22T16:51:28.948576,,,,,,,,,,1,1,1
Compress,10,locus,Yes,1.0,1.0,1.0,18.51653409004211,2025-12-10T13:58:03.741050,2025-12-22T16:51:28.948576,,,,,,,,,,1,1,1
Compress,11,FlexFL,Yes,1.0,1.0,1.0,N/A,N/A,N/A,N/A,N/A,N/A,N/A,N/A,N/A,N/A,N/A,N/A,1,1,1
Compress,11,boostnsift,Yes,1.0,1.0,1.0,15.979614973068236,2025-11-18T16:31:49.429802,2025-12-22T16:51:28.948576,37.545,53.83,183411671.0,306184192.0,134861973094.0,626.0,0.0,0.0,0.0,1,1,1
Compress,11,buglocator,Yes,1.0,1.0,1.0,8.33085012435913,2025-12-17T14:21:35.704330,2025-12-22T16:51:28.948576,,,,,,,,,,1,1,1
Compress,11,locus,Yes,3.0,0.333333,0.333333,8.92725419998169,2025-12-10T13:58:10.650653,2025-12-22T16:51:28.948576,,,,,,,,,,0,1,1
Compress,12,FlexFL,Yes,3.0,0.3333333333333333,0.3333333333333333,N/A,N/A,N/A,N/A,N/A,N/A,N/A,N/A,N/A,N/A,N/A,N/A,0,1,1
Compress,12,boostnsift,Yes,6.0,0.166667,0.166667,20.78432035446167,2025-11-18T16:32:06.025016,2025-12-22T16:51:28.948576,12.075,23.94,189320396.0,355257548.0,134861973094.0,736.0,0.0,0.0,0.0,0,0,1
Compress,12,buglocator,Yes,2.0,0.5,0.5,9.90454387664795,2025-12-17T14:21:41.040924,2025-12-22T16:51:28.948576,,,,,,,,,,0,1,1
Compress,12,locus,Yes,7.0,0.142857,0.142857,12.641147375106812,2025-12-10T13:58:16.386815,2025-12-22T16:51:28.948576,,,,,,,,,,0,0,1
Compress,13,FlexFL,No,,0.0,0.0,N/A,N/A,N/A,N/A,N/A,N/A,N/A,N/A,N/A,N/A,N/A,N/A,0,0,0
Compress,13,boostnsift,Yes,3.0,0.333333,0.333333,17.185917615890503,2025-11-18T16:32:21.348977,2025-12-22T16:51:28.948576,152.365,208.36,230948864.0,309329920.0,134861973094.0,626.0,0.0,0.0,0.0,0,1,1
Compress,13,buglocator,Yes,10.0,0.1,0.1,9.450293064117432,2025-12-17T14:21:45.154675,2025-12-22T16:51:28.948576,,,,,,,,,,0,0,1
Compress,13,locus,Yes,19.0,0.052632,0.052632,12.65552043914795,2025-12-10T13:58:23.310531,2025-12-22T16:51:28.948576,,,,,,,,,,0,0,0
Compress,14,FlexFL,Yes,2.0,0.5,0.5,N/A,N/A,N/A,N/A,N/A,N/A,N/A,N/A,N/A,N/A,N/A,N/A,0,1,1
Compress,14,boostnsift,Yes,23.0,0.043478,0.043478,22.277974367141724,2025-11-18T16:32:39.417265,2025-12-22T16:51:28.948576,0.2133333333333333,0.43,115703370.66666669,323590553.0,134861973094.0,736.0,0.0,0.0,0.0,0,0,0
Compress,14,buglocator,Yes,5.0,0.2,0.2,10.753230810165403,2025-12-17T14:21:51.794210,2025-12-22T16:51:28.948576,,,,,,,,,,0,1,1
Compress,14,locus,Yes,5.0,0.2,0.2,9.12469744682312,2025-12-10T13:58:25.515810,2025-12-22T16:51:28.948576,,,,,,,,,,0,1,1
Compress,15,FlexFL,Yes,2.0,0.5,0.5,N/A,N/A,N/A,N/A,N/A,N/A,N/A,N/A,N/A,N/A,N/A,N/A,0,1,1
Compress,15,boostnsift,Yes,3.0,0.333333,0.333333,15.074922323226929,2025-11-18T16:32:49.441602,2025-12-22T16:51:28.948576,10.385,18.61,170314956.5,317823385.0,134861973094.0,736.0,0.0,0.0,,0,1,1
Compress,15,buglocator,Yes,2.0,0.5,0.5,10.785157442092896,2025-12-17T14:21:55.939881,2025-12-22T16:51:28.948576,,,,,,,,,,0,1,1
Compress,15,locus,Yes,11.0,0.090909,0.090909,12.958887815475464,2025-12-10T13:58:36.274069,2025-12-22T16:51:28.948576,,,,,,,,,,0,0,0
Compress,16,FlexFL,No,,0.0,0.0,N/A,N/A,N/A,N/A,N/A,N/A,N/A,N/A,N/A,N/A,N/A,N/A,0,0,0
Compress,16,boostnsift,Yes,7.0,0.142857,0.142857,16.55066728591919,2025-11-18T16:33:03.853383,2025-12-22T16:51:28.948576,31.235,61.92,170430300.0,317194240.0,134861973094.0,736.0,0.0,0.0,0.0,0,0,1
Compress,16,buglocator,Yes,9.0,0.111111,0.111111,9.97226858139038,2025-12-17T14:22:01.766533,2025-12-22T16:51:28.948576,,,,,,,,,,0,0,1
Compress,16,locus,Yes,6.0,0.166667,0.166667,12.713284254074097,2025-12-10T13:58:38.233415,2025-12-22T16:51:28.948576,,,,,,,,,,0,0,1
Compress,17,FlexFL,Yes,1.0,1.0,1.0,N/A,N/A,N/A,N/A,N/A,N/A,N/A,N/A,N/A,N/A,N/A,N/A,1,1,1
Compress,17,boostnsift,Yes,1.0,1.0,1.0,16.52687382698059,2025-11-18T16:33:18.331273,2025-12-22T16:51:28.948576,197.64,263.48,218680524.5,261514854.0,134861973094.0,696.0,0.0,0.0,0.0,1,1,1
Compress,17,buglocator,Yes,2.0,0.5,0.5,10.21720027923584,2025-12-17T14:22:06.157135,2025-12-22T16:51:28.948576,,,,,,,,,,0,1,1
Compress,17,locus,Yes,2.0,0.5,0.5,12.973987579345703,2025-12-10T13:58:49.252897,2025-12-22T16:51:28.948576,,,,,,,,,,0,1,1
Compress,18,FlexFL,Yes,1.0,1.0,1.0,N/A,N/A,N/A,N/A,N/A,N/A,N/A,N/A,N/A,N/A,N/A,N/A,1,1,1
Compress,18,boostnsift,Yes,1.0,1.0,1.0,13.633601665496826,2025-11-18T16:33:27.794698,2025-12-22T16:51:28.948576,10.77,20.67,186856243.0,350958387.0,134861973094.0,736.0,0.0,0.0,,1,1,1
Compress,18,buglocator,Yes,1.0,1.0,1.0,10.406729459762571,2025-12-17T14:22:12.173316,2025-12-22T16:51:28.948576,,,,,,,,,,1,1,1
Compress,18,locus,Yes,2.0,0.5,0.5,12.867416143417358,2025-12-10T13:58:51.105153,2025-12-22T16:51:28.948576,,,,,,,,,,0,1,1
Compress,19,FlexFL,Yes,1.0,1.0,1.0,N/A,N/A,N/A,N/A,N/A,N/A,N/A,N/A,N/A,N/A,N/A,N/A,1,1,1
Compress,19,boostnsift,Yes,4.0,0.25,0.25,14.54393982887268,2025-11-18T16:33:40.251696,2025-12-22T16:51:28.948576,13.135,26.05,216541429.0,409783500.0,134861973094.0,736.0,0.0,0.0,0.0,0,1,1
Compress,19,buglocator,Yes,3.0,0.333333,0.333333,9.734652996063232,2025-12-17T14:22:15.891843,2025-12-22T16:51:28.948576,,,,,,,,,,0,1,1
Compress,19,locus,Yes,6.0,0.166667,0.166667,12.790408611297607,2025-12-10T13:59:02.047860,2025-12-22T16:51:28.948576,,,,,,,,,,0,0,1
Compress,20,FlexFL,Yes,2.0,0.5,0.3888888888888888,N/A,N/A,N/A,N/A,N/A,N/A,N/A,N/A,N/A,N/A,N/A,N/A,1,1,1
Compress,20,boostnsift,Yes,3.0,0.333333,0.333333,14.59556007385254,2025-11-18T16:34:00.899296,2025-12-22T16:51:28.948576,118.77,187.39,255642828.5,357249843.0,134861973094.0,696.0,0.0,0.0,0.0,0,1,1
Compress,20,buglocator,Yes,5.0,0.2,0.2,9.453590869903564,2025-12-17T14:22:25.345489,2025-12-22T16:51:28.948576,,,,,,,,,,0,1,1
Compress,20,locus,Yes,16.0,0.0625,0.0625,12.8418927192688,2025-12-10T13:59:12.874421,2025-12-22T16:51:28.948576,,,,,,,,,,0,0,0
Compress,21,FlexFL,Yes,1.0,1.0,1.0,N/A,N/A,N/A,N/A,N/A,N/A,N/A,N/A,N/A,N/A,N/A,N/A,1,1,1
Compress,21,boostnsift,Yes,2.0,0.5,0.5,13.833251953125,2025-11-18T16:34:10.527350,2025-12-22T16:51:28.948576,7.76,13.49,191721635.5,360395571.0,134861973094.0,806.0,0.0,0.0,0.0,0,1,1
Compress,21,buglocator,Yes,1.0,1.0,1.0,10.355743169784546,2025-12-17T14:22:28.047460,2025-12-22T16:51:28.948576,,,,,,,,,,1,1,1
Compress,21,locus,Yes,7.0,0.142857,0.142857,16.85588765144348,2025-12-10T13:59:18.908413,2025-12-22T16:51:28.948576,,,,,,,,,,0,0,1
Compress,22,FlexFL,Yes,1.0,1.0,1.0,N/A,N/A,N/A,N/A,N/A,N/A,N/A,N/A,N/A,N/A,N/A,N/A,1,1,1
Compress,22,boostnsift,Yes,1.0,1.0,1.0,20.19310736656189,2025-11-18T16:34:29.099448,2025-12-22T16:51:28.948576,49.696666666666665,131.52,164556526.66666666,377382502.0,134861973094.0,626.0,0.0,0.0,0.0,1,1,1
Compress,22,buglocator,Yes,9.0,0.111111,0.111111,10.022828578948976,2025-12-17T14:22:35.368372,2025-12-22T16:51:28.948576,,,,,,,,,,0,0,1
Compress,22,locus,Yes,12.0,0.083333,0.083333,16.818031311035156,2025-12-10T13:59:29.696866,2025-12-22T16:51:28.948576,,,,,,,,,,0,0,0
Compress,23,FlexFL,Yes,3.0,0.3333333333333333,0.3333333333333333,N/A,N/A,N/A,N/A,N/A,N/A,N/A,N/A,N/A,N/A,N/A,N/A,0,1,1
Compress,23,boostnsift,Yes,28.0,0.035714,0.035714,15.978402137756348,2025-11-18T16:34:37.425486,2025-12-22T16:51:28.948576,19.055,36.35,216111513.5,409154355.0,134861973094.0,736.0,0.0,0.0,0.0,0,0,0
Compress,23,buglocator,Yes,2.0,0.5,0.5,9.96325182914734,2025-12-17T14:22:38.010766,2025-12-22T16:51:28.948576,,,,,,,,,,0,1,1
Compress,23,locus,Yes,3.0,0.333333,0.333333,16.52058982849121,2025-12-10T13:59:35.434003,2025-12-22T16:51:28.948576,,,,,,,,,,0,1,1
Compress,24,FlexFL,Yes,1.0,1.0,1.0,N/A,N/A,N/A,N/A,N/A,N/A,N/A,N/A,N/A,N/A,N/A,N/A,1,1,1
Compress,24,boostnsift,Yes,2.0,0.5,0.5,13.491553544998167,2025-11-18T16:34:51.328272,2025-12-22T16:51:28.948576,30.534999999999997,55.16,180218757.0,332608307.0,134861973094.0,736.0,0.0,0.0,0.0,0,1,1
Compress,24,buglocator,Yes,2.0,0.5,0.5,9.980005741119385,2025-12-17T14:22:45.348434,2025-12-22T16:51:28.948576,,,,,,,,,,0,1,1
Compress,24,locus,Yes,2.0,0.5,0.5,16.61793279647827,2025-12-10T13:59:46.319690,2025-12-22T16:51:28.948576,,,,,,,,,,0,1,1
Compress,25,FlexFL,Yes,1.0,1.0,1.0,N/A,N/A,N/A,N/A,N/A,N/A,N/A,N/A,N/A,N/A,N/A,N/A,1,1,1
Compress,25,boostnsift,Yes,4.0,0.25,0.25,17.23131012916565,2025-11-18T16:35:06.273528,2025-12-22T16:51:28.948576,24.526666666666667,71.86,132484082.0,373397913.0,134861973094.0,736.0,0.0,0.0,0.0,0,1,1
Compress,25,buglocator,Yes,1.0,1.0,1.0,9.783440351486206,2025-12-17T14:22:47.794258,2025-12-22T16:51:28.948576,,,,,,,,,,1,1,1
Compress,25,locus,Yes,2.0,0.5,0.5,16.813344717025757,2025-12-10T13:59:52.251883,2025-12-22T16:51:28.948576,,,,,,,,,,0,1,1
Compress,26,FlexFL,Yes,2.0,0.5,0.5,N/A,N/A,N/A,N/A,N/A,N/A,N/A,N/A,N/A,N/A,N/A,N/A,0,1,1
Compress,26,boostnsift,Yes,1.0,1.0,1.0,19.92424249649048,2025-11-18T16:35:20.473953,2025-12-22T16:51:28.948576,27.78,80.36,126905657.66666669,357983846.0,134861973094.0,736.0,0.0,0.0,0.0,1,1,1
Compress,26,buglocator,Yes,1.0,1.0,1.0,12.74918508529663,2025-12-17T14:22:58.097669,2025-12-22T16:51:28.948576,,,,,,,,,,1,1,1
Compress,26,locus,Yes,1.0,1.0,1.0,16.94768261909485,2025-12-10T14:00:03.271901,2025-12-22T16:51:28.948576,,,,,,,,,,1,1,1
Compress,27,FlexFL,Yes,1.0,1.0,1.0,N/A,N/A,N/A,N/A,N/A,N/A,N/A,N/A,N/A,N/A,N/A,N/A,1,1,1
Compress,27,boostnsift,Yes,4.0,0.25,0.25,19.283854722976685,2025-11-18T16:35:33.857874,2025-12-22T16:51:28.948576,32.080000000000005,79.12,241944930.66666663,358088704.0,134861973094.0,806.0,0.0,0.0,0.0,0,1,1
Compress,27,buglocator,Yes,3.0,0.333333,0.333333,11.864389896392822,2025-12-17T14:22:59.658698,2025-12-22T16:51:28.948576,,,,,,,,,,0,1,1
Compress,27,locus,Yes,5.0,0.2,0.2,16.755295753479004,2025-12-10T14:00:09.011790,2025-12-22T16:51:28.948576,,,,,,,,,,0,1,1
Compress,28,FlexFL,Yes,1.0,1.0,1.0,N/A,N/A,N/A,N/A,N/A,N/A,N/A,N/A,N/A,N/A,N/A,N/A,1,1,1
Compress,28,boostnsift,Yes,6.0,0.166667,0.166667,15.6912682056427,2025-11-18T16:35:44.720937,2025-12-22T16:51:28.948576,10.495,18.7,179977584.0,336907468.0,134861973094.0,736.0,0.0,0.0,0.0,0,0,1
Compress,28,buglocator,Yes,1.0,1.0,1.0,10.488655805587769,2025-12-17T14:23:08.586378,2025-12-22T16:51:28.948576,,,,,,,,,,1,1,1
Compress,28,locus,Yes,4.0,0.25,0.25,16.694965600967407,2025-12-10T14:00:19.971472,2025-12-22T16:51:28.948576,,,,,,,,,,0,1,1
Compress,29,FlexFL,Yes,1.0,1.0,1.0,N/A,N/A,N/A,N/A,N/A,N/A,N/A,N/A,N/A,N/A,N/A,N/A,1,1,1
Compress,29,boostnsift,Yes,1.0,1.0,1.0,15.298252820968628,2025-11-18T16:35:58.358635,2025-12-22T16:51:28.948576,84.39,146.49,249403801.5,371195904.0,134861973094.0,696.0,0.0,0.0,0.0,1,1,1
Compress,29,buglocator,Yes,1.0,1.0,1.0,12.928216457366943,2025-12-17T14:23:12.586964,2025-12-22T16:51:28.948576,,,,,,,,,,1,1,1
Compress,29,locus,Yes,1.0,1.0,1.0,21.29333519935608,2025-12-10T14:00:30.309769,2025-12-22T16:51:28.948576,,,,,,,,,,1,1,1
Compress,30,FlexFL,Yes,1.0,1.0,1.0,N/A,N/A,N/A,N/A,N/A,N/A,N/A,N/A,N/A,N/A,N/A,N/A,1,1,1
Compress,30,boostnsift,Yes,25.0,0.04,0.04,18.349666595458984,2025-11-18T16:36:22.696682,2025-12-22T16:51:28.948576,30.873333333333335,56.67,138352612.33333334,359766425.0,134861973094.0,626.0,0.0,0.0,0.0,0,0,0
Compress,30,buglocator,Yes,16.0,0.0625,0.0625,12.626779794692991,2025-12-17T14:23:25.213796,2025-12-22T16:51:28.948576,,,,,,,,,,0,0,0
Compress,30,locus,Yes,28.0,0.035714,0.035714,21.05238175392151,2025-12-10T14:00:49.281984,2025-12-22T16:51:28.948576,,,,,,,,,,0,0,0
Compress,31,FlexFL,Yes,2.0,0.5,0.5,N/A,N/A,N/A,N/A,N/A,N/A,N/A,N/A,N/A,N/A,N/A,N/A,0,1,1
Compress,31,boostnsift,Yes,6.0,0.166667,0.166667,23.653705835342407,2025-11-18T16:36:38.600390,2025-12-22T16:51:28.948576,8.8225,32.61,176108339.0,346134937.0,134861973094.0,806.0,0.0,0.0,0.0,0,0,1
Compress,31,buglocator,Yes,3.0,0.333333,0.333333,11.979122877120972,2025-12-17T14:23:25.830765,2025-12-22T16:51:28.948576,,,,,,,,,,0,1,1
Compress,31,locus,Yes,3.0,0.333333,0.333333,20.969306230545044,2025-12-10T14:00:51.283707,2025-12-22T16:51:28.948576,,,,,,,,,,0,1,1
Compress,32,FlexFL,Yes,1.0,1.0,1.0,N/A,N/A,N/A,N/A,N/A,N/A,N/A,N/A,N/A,N/A,N/A,N/A,1,1,1
Compress,32,boostnsift,Yes,1.0,1.0,1.0,22.495893478393555,2025-11-18T16:36:53.360633,2025-12-22T16:51:28.948576,13.746666666666664,35.26,131498420.66666669,366372454.0,134861973094.0,806.0,0.0,0.0,0.0,1,1,1
Compress,32,buglocator,Yes,1.0,1.0,1.0,10.145935297012327,2025-12-17T14:23:35.359780,2025-12-22T16:51:28.948576,,,,,,,,,,1,1,1
Compress,32,locus,Yes,1.0,1.0,1.0,20.878814935684204,2025-12-10T14:01:10.165866,2025-12-22T16:51:28.948576,,,,,,,,,,1,1,1
Compress,33,FlexFL,Yes,1.0,1.0,1.0,N/A,N/A,N/A,N/A,N/A,N/A,N/A,N/A,N/A,N/A,N/A,N/A,1,1,1
Compress,33,boostnsift,Yes,2.0,0.5,0.5,17.94579005241394,2025-11-18T16:37:06.103792,2025-12-22T16:51:28.948576,12.805,22.7,187034500.5,351168102.0,134861973094.0,736.0,0.0,0.0,0.0,0,1,1
Compress,33,buglocator,Yes,18.0,0.055556,0.055556,10.383860111236572,2025-12-17T14:23:36.214679,2025-12-22T16:51:28.948576,,,,,,,,,,0,0,0
Compress,33,locus,Yes,9.0,0.111111,0.111111,20.865458250045776,2025-12-10T14:01:12.154095,2025-12-22T16:51:28.948576,,,,,,,,,,0,0,1
Compress,34,FlexFL,Yes,1.0,1.0,1.0,N/A,N/A,N/A,N/A,N/A,N/A,N/A,N/A,N/A,N/A,N/A,N/A,1,1,1
Compress,34,boostnsift,Yes,10.0,0.1,0.1,16.770453929901123,2025-11-18T16:37:22.896627,2025-12-22T16:51:28.948576,29.790000000000003,57.02,183967416.0,345191219.0,134861973094.0,736.0,0.0,0.0,0.0,0,0,1
Compress,34,buglocator,Yes,5.0,0.2,0.2,13.59084439277649,2025-12-17T14:23:48.950677,2025-12-22T16:51:28.948576,,,,,,,,,,0,1,1
Compress,34,locus,Yes,1.0,1.0,1.0,20.888227224349976,2025-12-10T14:01:31.059099,2025-12-22T16:51:28.948576,,,,,,,,,,1,1,1
Compress,35,FlexFL,Yes,1.0,1.0,1.0,N/A,N/A,N/A,N/A,N/A,N/A,N/A,N/A,N/A,N/A,N/A,N/A,1,1,1
Compress,35,boostnsift,Yes,1.0,1.0,1.0,20.523482084274292,2025-11-18T16:37:40.360369,2025-12-22T16:51:28.948576,79.98499999999999,140.14,244003634.5,372034764.0,134861973094.0,696.0,0.0,0.0,0.0,1,1,1
Compress,35,buglocator,Yes,1.0,1.0,1.0,15.177140712738035,2025-12-17T14:23:51.391872,2025-12-22T16:51:28.948576,,,,,,,,,,1,1,1
Compress,35,locus,Yes,1.0,1.0,1.0,20.8966760635376,2025-12-10T14:01:33.055659,2025-12-22T16:51:28.948576,,,,,,,,,,1,1,1
Compress,36,FlexFL,Yes,1.0,1.0,1.0,N/A,N/A,N/A,N/A,N/A,N/A,N/A,N/A,N/A,N/A,N/A,N/A,1,1,1
Compress,36,boostnsift,Yes,1.0,1.0,1.0,21.22541832923889,2025-11-18T16:37:57.048627,2025-12-22T16:51:28.948576,17.986666666666668,51.58,159547828.66666666,453194547.0,134861973094.0,736.0,0.0,0.0,0.0,1,1,1
Compress,36,buglocator,Yes,1.0,1.0,1.0,25.80777788162231,2025-12-17T14:24:14.758515,2025-12-22T16:51:28.948576,,,,,,,,,,1,1,1
Compress,36,locus,Yes,5.0,0.2,0.2,20.89078378677368,2025-12-10T14:01:51.953914,2025-12-22T16:51:28.948576,,,,,,,,,,0,1,1
Compress,37,FlexFL,Yes,1.0,1.0,1.0,N/A,N/A,N/A,N/A,N/A,N/A,N/A,N/A,N/A,N/A,N/A,N/A,1,1,1
Compress,37,boostnsift,Yes,1.0,1.0,1.0,21.611517906188965,2025-11-18T16:38:12.969933,2025-12-22T16:51:28.948576,39.42666666666666,115.96,131515897.0,371720192.0,134861973094.0,736.0,0.0,0.0,0.0,1,1,1
Compress,37,buglocator,Yes,1.0,1.0,1.0,26.593199968338013,2025-12-17T14:24:17.985124,2025-12-22T16:51:28.948576,,,,,,,,,,1,1,1
Compress,37,locus,Yes,2.0,0.5,0.5,20.919408321380615,2025-12-10T14:01:53.979883,2025-12-22T16:51:28.948576,,,,,,,,,,0,1,1
Compress,38,FlexFL,Yes,1.0,1.0,1.0,N/A,N/A,N/A,N/A,N/A,N/A,N/A,N/A,N/A,N/A,N/A,N/A,1,1,1
Compress,38,boostnsift,Yes,3.0,0.333333,0.333333,18.62952709197998,2025-11-18T16:38:26.428691,2025-12-22T16:51:28.948576,79.06,132.63,228274995.0,333447168.0,134861973094.0,626.0,0.0,0.0,0.0,0,1,1
Compress,38,buglocator,Yes,1.0,1.0,1.0,25.916502952575684,2025-12-17T14:24:40.675072,2025-12-22T16:51:28.948576,,,,,,,,,,1,1,1
Compress,38,locus,Yes,1.0,1.0,1.0,21.23046350479126,2025-12-10T14:02:13.188584,2025-12-22T16:51:28.948576,,,,,,,,,,1,1,1
Compress,39,FlexFL,No,,0.0,0.0,N/A,N/A,N/A,N/A,N/A,N/A,N/A,N/A,N/A,N/A,N/A,N/A,0,0,0
Compress,39,boostnsift,Yes,9.0,0.111111,0.111111,19.3919620513916,2025-11-18T16:38:41.611455,2025-12-22T16:51:28.948576,34.34,100.68,224734303.0,331664588.0,134861973094.0,806.0,0.0,0.0,,0,0,1
Compress,39,buglocator,Yes,45.0,0.022222,0.022222,26.49492597579956,2025-12-17T14:24:44.480103,2025-12-22T16:51:28.948576,,,,,,,,,,0,0,0
Compress,39,locus,Yes,107.0,0.009346,0.009346,21.263216733932495,2025-12-10T14:02:15.247609,2025-12-22T16:51:28.948576,,,,,,,,,,0,0,0
Compress,40,FlexFL,Yes,1.0,1.0,1.0,N/A,N/A,N/A,N/A,N/A,N/A,N/A,N/A,N/A,N/A,N/A,N/A,1,1,1
Compress,40,boostnsift,Yes,1.0,1.0,1.0,18.97576141357422,2025-11-18T16:39:07.429051,2025-12-22T16:51:28.948576,84.13,134.6,258439031.0,341940633.0,134861973094.0,696.0,0.0,0.0,0.0,1,1,1
Compress,40,buglocator,Yes,1.0,1.0,1.0,29.101208209991455,2025-12-17T14:25:13.581372,2025-12-22T16:51:28.948576,,,,,,,,,,1,1,1
Compress,40,locus,Yes,1.0,1.0,1.0,21.64118981361389,2025-12-10T14:02:36.893231,2025-12-22T16:51:28.948576,,,,,,,,,,1,1,1
Compress,41,FlexFL,Yes,1.0,1.0,1.0,N/A,N/A,N/A,N/A,N/A,N/A,N/A,N/A,N/A,N/A,N/A,N/A,1,1,1
Compress,41,boostnsift,Yes,15.0,0.066667,0.066667,19.467326879501343,2025-11-18T16:39:19.189297,2025-12-22T16:51:28.948576,27.995,53.5,187233730.0,351692390.0,134861973094.0,736.0,0.0,0.0,,0,0,0
Compress,41,buglocator,Yes,2.0,0.5,0.5,21.0461950302124,2025-12-17T14:25:13.305997,2025-12-22T16:51:28.948576,,,,,,,,,,0,1,1
Compress,41,locus,Yes,2.0,0.5,0.5,20.636481285095215,2025-12-10T14:02:42.869288,2025-12-22T16:51:28.948576,,,,,,,,,,0,1,1
Compress,42,FlexFL,Yes,1.0,1.0,1.0,N/A,N/A,N/A,N/A,N/A,N/A,N/A,N/A,N/A,N/A,N/A,N/A,1,1,1
Compress,42,boostnsift,Yes,2.0,0.5,0.5,19.067870140075684,2025-11-18T16:39:36.443114,2025-12-22T16:51:28.948576,106.98666666666668,129.42,195446526.66666663,470915481.0,134861973094.0,696.0,0.0,0.0,0.0,0,1,1
Compress,42,buglocator,Yes,1.0,1.0,1.0,27.59547638893127,2025-12-17T14:25:40.901527,2025-12-22T16:51:28.948576,,,,,,,,,,1,1,1
Compress,42,locus,Yes,3.0,0.333333,0.333333,24.894795656204224,2025-12-10T14:03:01.792257,2025-12-22T16:51:28.948576,,,,,,,,,,0,1,1
Compress,43,FlexFL,Yes,1.0,1.0,1.0,N/A,N/A,N/A,N/A,N/A,N/A,N/A,N/A,N/A,N/A,N/A,N/A,1,1,1
Compress,43,boostnsift,Yes,1.0,1.0,1.0,20.73891520500183,2025-11-18T16:39:49.963116,2025-12-22T16:51:28.948576,18.706666666666667,52.74,130715484.0,369098752.0,134861973094.0,736.0,0.0,0.0,0.0,1,1,1
Compress,43,buglocator,Yes,1.0,1.0,1.0,31.21883463859558,2025-12-17T14:25:44.800260,2025-12-22T16:51:28.948576,,,,,,,,,,1,1,1
Compress,43,locus,Yes,1.0,1.0,1.0,24.759555339813232,2025-12-10T14:03:07.632899,2025-12-22T16:51:28.948576,,,,,,,,,,1,1,1
Compress,44,FlexFL,Yes,1.0,1.0,1.0,N/A,N/A,N/A,N/A,N/A,N/A,N/A,N/A,N/A,N/A,N/A,N/A,1,1,1
Compress,44,boostnsift,Yes,3.0,0.333333,0.333333,19.53070902824402,2025-11-18T16:40:05.255489,2025-12-22T16:51:28.948576,30.093333333333337,70.9,279620266.3333333,421317836.0,134861973094.0,806.0,0.0,0.0,0.0,0,1,1
Compress,44,buglocator,Yes,1.0,1.0,1.0,27.221075534820557,2025-12-17T14:26:08.122657,2025-12-22T16:51:28.948576,,,,,,,,,,1,1,1
Compress,44,locus,Yes,1.0,1.0,1.0,24.794227838516235,2025-12-10T14:03:26.593301,2025-12-22T16:51:28.948576,,,,,,,,,,1,1,1
Compress,45,FlexFL,Yes,1.0,1.0,1.0,N/A,N/A,N/A,N/A,N/A,N/A,N/A,N/A,N/A,N/A,N/A,N/A,1,1,1
Compress,45,boostnsift,Yes,1.0,1.0,1.0,21.690345764160156,2025-11-18T16:40:22.365493,2025-12-22T16:51:28.948576,44.126666666666665,131.92,136014287.66666666,385141964.0,134861973094.0,736.0,0.0,0.0,0.0,1,1,1
Compress,45,buglocator,Yes,1.0,1.0,1.0,22.99782919883728,2025-12-17T14:26:07.798145,2025-12-22T16:51:28.948576,,,,,,,,,,1,1,1
Compress,45,locus,Yes,1.0,1.0,1.0,25.167726039886475,2025-12-10T14:03:32.807645,2025-12-22T16:51:28.948576,,,,,,,,,,1,1,1
Compress,46,FlexFL,Yes,2.0,0.5,0.5,N/A,N/A,N/A,N/A,N/A,N/A,N/A,N/A,N/A,N/A,N/A,N/A,1,1,1
Compress,46,boostnsift,Yes,20.0,0.05,0.05,24.264099836349487,2025-11-18T16:40:40.853304,2025-12-22T16:51:28.948576,12.065,45.87,300597902.75,409154355.0,134861973094.0,806.0,0.0,0.0,0.0,0,0,0
Compress,46,buglocator,Yes,14.0,0.071429,0.071429,36.938220500946045,2025-12-17T14:26:44.736421,2025-12-22T16:51:28.948576,,,,,,,,,,0,0,0
Compress,46,locus,Yes,26.0,0.038462,0.038462,25.47089648246765,2025-12-10T14:03:52.068724,2025-12-22T16:51:28.948576,,,,,,,,,,0,0,0
Compress,47,FlexFL,Yes,3.0,0.3333333333333333,0.1666666666666666,N/A,N/A,N/A,N/A,N/A,N/A,N/A,N/A,N/A,N/A,N/A,N/A,1,1,1
Compress,47,boostnsift,Yes,1.0,1.0,1.0,31.613906145095825,2025-11-18T16:41:03.613836,2025-12-22T16:51:28.948576,46.45333333333334,102.08,158202156.0,383359385.0,134861973094.0,696.0,0.0,0.0,0.0,1,1,1
Compress,47,buglocator,Yes,2.0,0.5,0.5,36.34129500389099,2025-12-17T14:26:44.464008,2025-12-22T16:51:28.948576,,,,,,,,,,0,1,1
Compress,47,locus,Yes,1.0,1.0,1.0,25.179293870925903,2025-12-10T14:03:57.990968,2025-12-22T16:51:28.948576,,,,,,,,,,1,1,1
Csv,1,FlexFL,Yes,3.0,0.3333333333333333,0.3333333333333333,N/A,N/A,N/A,N/A,N/A,N/A,N/A,N/A,N/A,N/A,N/A,N/A,1,1,1
Csv,1,boostnsift,Yes,1.0,1.0,1.0,9.396305799484251,2025-11-18T16:41:57.436988,2025-12-22T16:51:29.247928,0.625,1.25,11880366.0,23760732.0,134861973094.0,486.0,0.0,0.0,0.0,1,1,1
Csv,1,buglocator,Yes,1.0,1.0,1.0,6.2944865226745605,2025-12-17T14:27:21.986596,2025-12-22T16:51:29.247928,,,,,,,,,,1,1,1
Csv,1,locus,Yes,1.0,1.0,1.0,4.272238969802856,2025-11-27T09:50:14.909268,2025-12-25T13:12:14.559491,,,,,,,,,,1,1,1
Csv,2,FlexFL,Yes,1.0,1.0,1.0,N/A,N/A,N/A,N/A,N/A,N/A,N/A,N/A,N/A,N/A,N/A,N/A,1,1,1
Csv,2,boostnsift,Yes,1.0,1.0,1.0,10.25552225112915,2025-11-18T16:43:03.695227,2025-12-22T16:51:29.247928,1.375,2.75,11382292.0,22764584.0,134861973094.0,486.0,0.0,0.0,0.0,1,1,1
Csv,2,buglocator,Yes,1.0,1.0,1.0,3.578083753585815,2025-12-17T14:27:39.557115,2025-12-22T16:51:29.247928,,,,,,,,,,1,1,1
Csv,2,locus,Yes,2.0,0.5,0.5,5.857175588607788,2025-11-22T10:37:58.086835,2025-12-25T13:12:14.559491,,,,,,,,,,0,1,1
Csv,3,FlexFL,Yes,1.0,1.0,1.0,N/A,N/A,N/A,N/A,N/A,N/A,N/A,N/A,N/A,N/A,N/A,N/A,1,1,1
Csv,3,boostnsift,Yes,1.0,1.0,1.0,10.329227685928345,2025-11-18T16:43:12.400904,2025-12-22T16:51:29.247928,6.245,12.49,15786311.5,31572623.0,134861973094.0,486.0,0.0,0.0,0.0,1,1,1
Csv,3,buglocator,Yes,2.0,0.5,0.5,5.377331018447876,2025-12-17T14:27:44.763383,2025-12-22T16:51:29.247928,,,,,,,,,,0,1,1
Csv,3,locus,No,,0.0,0.0,10.679110288619995,2025-11-22T10:38:08.770859,2025-12-25T13:12:14.559491,,,,,,,,,,0,0,0
Csv,4,FlexFL,Yes,4.0,0.25,0.25,N/A,N/A,N/A,N/A,N/A,N/A,N/A,N/A,N/A,N/A,N/A,N/A,1,1,1
Csv,4,boostnsift,Yes,1.0,1.0,1.0,10.227296113967896,2025-11-18T16:43:19.650713,2025-12-22T16:51:29.247928,1.72,2.98,145741578.0,268435456.0,134861973094.0,736.0,0.0,0.0,0.0,1,1,1
Csv,4,buglocator,Yes,1.0,1.0,1.0,4.57513165473938,2025-12-17T14:27:44.132295,2025-12-22T16:51:29.247928,,,,,,,,,,1,1,1
Csv,4,locus,Yes,1.0,1.0,1.0,7.6205360889434814,2025-11-22T10:38:06.166786,2025-12-25T13:12:14.559491,,,,,,,,,,1,1,1
Csv,5,FlexFL,Yes,3.0,0.3333333333333333,0.3333333333333333,N/A,N/A,N/A,N/A,N/A,N/A,N/A,N/A,N/A,N/A,N/A,N/A,0,1,1
Csv,5,boostnsift,Yes,3.0,0.333333,0.333333,9.801385164260864,2025-11-18T16:43:29.108211,2025-12-22T16:51:29.247928,0.23,0.46,11502878.5,23005757.0,134861973094.0,486.0,0.0,0.0,0.0,0,1,1
Csv,5,buglocator,Yes,6.0,0.166667,0.166667,5.257488012313843,2025-12-17T14:27:49.389836,2025-12-22T16:51:29.247928,,,,,,,,,,0,0,1
Csv,5,locus,Yes,3.0,0.333333,0.333333,5.393215179443359,2025-11-22T10:38:11.571796,2025-12-25T13:12:14.559491,,,,,,,,,,0,1,1
Csv,6,FlexFL,Yes,1.0,1.0,1.0,N/A,N/A,N/A,N/A,N/A,N/A,N/A,N/A,N/A,N/A,N/A,N/A,1,1,1
Csv,6,boostnsift,Yes,1.0,1.0,1.0,9.59736466407776,2025-11-18T16:43:36.579710,2025-12-22T16:51:29.247928,1.005,2.01,11424235.5,22848471.0,134861973094.0,486.0,0.0,0.0,0.0,1,1,1
Csv,6,buglocator,Yes,2.0,0.5,0.5,5.956347703933716,2025-12-17T14:27:50.719784,2025-12-22T16:51:29.247928,,,,,,,,,,0,1,1
Csv,6,locus,Yes,2.0,0.5,0.5,9.941893815994264,2025-11-22T10:38:18.725421,2025-12-25T13:12:14.559491,,,,,,,,,,0,1,1
Csv,7,FlexFL,Yes,4.0,0.25,0.25,N/A,N/A,N/A,N/A,N/A,N/A,N/A,N/A,N/A,N/A,N/A,N/A,1,1,1
Csv,7,boostnsift,Yes,3.0,0.333333,0.333333,10.05642795562744,2025-11-18T16:43:44.969513,2025-12-22T16:51:29.247928,1.805,3.61,11707351.0,23414702.0,134861973094.0,486.0,0.0,0.0,0.0,0,1,1
Csv,7,buglocator,Yes,3.0,0.333333,0.333333,4.5772645473480225,2025-12-17T14:27:53.967155,2025-12-22T16:51:29.247928,,,,,,,,,,0,1,1
Csv,7,locus,Yes,8.0,0.125,0.125,11.304978609085085,2025-11-22T10:38:22.882960,2025-12-25T13:12:14.559491,,,,,,,,,,0,0,1
Csv,8,FlexFL,Yes,1.0,1.0,1.0,N/A,N/A,N/A,N/A,N/A,N/A,N/A,N/A,N/A,N/A,N/A,N/A,1,1,1
Csv,8,boostnsift,Yes,3.0,0.333333,0.333333,11.420782089233398,2025-11-18T16:43:54.734418,2025-12-22T16:51:29.247928,1.35,2.7,11377049.5,22754099.0,134861973094.0,486.0,0.0,0.0,0.0,0,1,1
Csv,8,buglocator,Yes,1.0,1.0,1.0,3.366560935974121,2025-12-17T14:27:54.086400,2025-12-22T16:51:29.247928,,,,,,,,,,1,1,1
Csv,8,locus,Yes,3.0,0.333333,0.333333,6.142083406448364,2025-11-22T10:38:24.878594,2025-12-25T13:12:14.559491,,,,,,,,,,0,1,1
Csv,9,FlexFL,Yes,2.0,0.5,0.5,N/A,N/A,N/A,N/A,N/A,N/A,N/A,N/A,N/A,N/A,N/A,N/A,1,1,1
Csv,9,boostnsift,Yes,1.0,1.0,1.0,9.798034191131592,2025-11-18T16:44:02.332585,2025-12-22T16:51:29.247928,0.94,1.88,11513364.0,23026728.0,134861973094.0,486.0,0.0,0.0,0.0,1,1,1
Csv,9,buglocator,Yes,1.0,1.0,1.0,6.923099517822266,2025-12-17T14:28:00.890302,2025-12-22T16:51:29.247928,,,,,,,,,,1,1,1
Csv,9,locus,Yes,2.0,0.5,0.5,10.051556825637816,2025-11-22T10:38:32.940018,2025-12-25T13:12:14.559491,,,,,,,,,,0,1,1
Csv,10,FlexFL,Yes,1.0,1.0,1.0,N/A,N/A,N/A,N/A,N/A,N/A,N/A,N/A,N/A,N/A,N/A,N/A,1,1,1
Csv,10,boostnsift,Yes,1.0,1.0,1.0,9.900495767593384,2025-11-18T16:42:05.179778,2025-12-22T16:51:29.247928,0.91,1.82,11581521.5,23163043.0,134861973094.0,486.0,0.0,0.0,0.0,1,1,1
Csv,10,buglocator,Yes,1.0,1.0,1.0,6.9586334228515625,2025-12-17T14:27:22.650896,2025-12-22T16:51:29.247928,,,,,,,,,,1,1,1
Csv,10,locus,Yes,3.0,0.333333,0.333333,9.749260187149048,2025-11-22T10:37:28.904676,2025-12-25T13:12:14.559491,,,,,,,,,,0,1,1
Csv,11,FlexFL,Yes,3.0,0.3333333333333333,0.3333333333333333,N/A,N/A,N/A,N/A,N/A,N/A,N/A,N/A,N/A,N/A,N/A,N/A,0,1,1
Csv,11,boostnsift,Yes,2.0,0.5,0.5,11.679186820983888,2025-11-18T16:42:15.229106,2025-12-22T16:51:29.247928,1.32,2.64,11885608.5,23771217.0,134861973094.0,486.0,0.0,0.0,0.0,0,1,1
Csv,11,buglocator,Yes,5.0,0.2,0.2,4.684432744979858,2025-12-17T14:27:26.671084,2025-12-22T16:51:29.247928,,,,,,,,,,0,1,1
Csv,11,locus,Yes,11.0,0.090909,0.090909,6.633092403411865,2025-11-22T10:37:32.711480,2025-12-25T13:12:14.559491,,,,,,,,,,0,0,0
Csv,12,FlexFL,No,,0.0,0.0,N/A,N/A,N/A,N/A,N/A,N/A,N/A,N/A,N/A,N/A,N/A,N/A,0,0,0
Csv,12,boostnsift,Yes,1.0,1.0,1.0,9.843778848648071,2025-11-18T16:42:22.950464,2025-12-22T16:51:29.247928,1.09,2.18,11654922.0,23309844.0,134861973094.0,486.0,0.0,0.0,0.0,1,1,1
Csv,12,buglocator,Yes,4.0,0.25,0.25,6.02631950378418,2025-12-17T14:27:28.677272,2025-12-22T16:51:29.247928,,,,,,,,,,0,1,1
Csv,12,locus,Yes,3.0,0.333333,0.333333,6.276835680007935,2025-11-22T10:37:35.195843,2025-12-25T13:12:14.559491,,,,,,,,,,0,1,1
Csv,13,FlexFL,No,,0.0,0.0,N/A,N/A,N/A,N/A,N/A,N/A,N/A,N/A,N/A,N/A,N/A,N/A,0,0,0
Csv,13,boostnsift,Yes,2.0,0.5,0.5,9.74699568748474,2025-11-18T16:42:31.042728,2025-12-22T16:51:29.247928,1.725,3.45,11371806.5,22743613.0,134861973094.0,486.0,0.0,0.0,0.0,0,1,1
Csv,13,buglocator,Yes,4.0,0.25,0.25,4.728924989700317,2025-12-17T14:27:31.400065,2025-12-22T16:51:29.247928,,,,,,,,,,0,1,1
Csv,13,locus,Yes,2.0,0.5,0.5,13.070306301116943,2025-11-22T10:37:45.833978,2025-12-25T13:12:14.559491,,,,,,,,,,0,1,1
Csv,14,FlexFL,Yes,1.0,1.0,1.0,N/A,N/A,N/A,N/A,N/A,N/A,N/A,N/A,N/A,N/A,N/A,N/A,1,1,1
Csv,14,boostnsift,Yes,1.0,1.0,1.0,9.78331470489502,2025-11-18T16:42:39.192680,2025-12-22T16:51:29.247928,1.48,2.96,11387535.0,22775070.0,134861973094.0,486.0,0.0,0.0,0.0,1,1,1
Csv,14,buglocator,Yes,1.0,1.0,1.0,4.708544492721558,2025-12-17T14:27:33.385873,2025-12-22T16:51:29.247928,,,,,,,,,,1,1,1
Csv,14,locus,Yes,3.0,0.333333,0.333333,7.013711929321289,2025-11-22T10:37:42.215715,2025-12-25T13:12:14.559491,,,,,,,,,,0,1,1
Csv,15,FlexFL,Yes,1.0,1.0,1.0,N/A,N/A,N/A,N/A,N/A,N/A,N/A,N/A,N/A,N/A,N/A,N/A,1,1,1
Csv,15,boostnsift,Yes,1.0,1.0,1.0,9.762802124023438,2025-11-18T16:42:47.322270,2025-12-22T16:51:29.247928,1.305,2.61,11387535.0,22775070.0,134861973094.0,486.0,0.0,0.0,0.0,1,1,1
Csv,15,buglocator,Yes,1.0,1.0,1.0,4.578859806060791,2025-12-17T14:27:35.978979,2025-12-22T16:51:29.247928,,,,,,,,,,1,1,1
Csv,15,locus,Yes,2.0,0.5,0.5,9.987326622009276,2025-11-22T10:37:52.215564,2025-12-25T13:12:14.559491,,,,,,,,,,0,1,1
Csv,16,FlexFL,Yes,1.0,1.0,0.5,N/A,N/A,N/A,N/A,N/A,N/A,N/A,N/A,N/A,N/A,N/A,N/A,1,1,1
Csv,16,boostnsift,Yes,1.0,1.0,1.0,9.948221445083618,2025-11-18T16:42:55.663439,2025-12-22T16:51:29.247928,10.15,16.93,189902356.0,357040128.0,134861973094.0,736.0,0.0,0.0,,1,1,1
Csv,16,buglocator,Yes,1.0,1.0,1.0,6.000065803527832,2025-12-17T14:27:39.385996,2025-12-22T16:51:29.247928,,,,,,,,,,1,1,1
Csv,16,locus,Yes,1.0,1.0,1.0,12.689999341964722,2025-11-22T10:37:58.533967,2025-12-25T13:12:14.559491,,,,,,,,,,1,1,1
Gson,1,FlexFL,Yes,2.0,0.5,0.5,N/A,N/A,N/A,N/A,N/A,N/A,N/A,N/A,N/A,N/A,N/A,N/A,0,1,1
Gson,1,boostnsift,Yes,2.0,0.5,0.5,13.692070245742798,2025-11-18T16:44:16.384942,2025-12-22T16:51:29.527819,78.19999999999999,146.01,182756310.5,335754035.0,134861973094.0,736.0,0.0,0.0,0.0,0,1,1
Gson,1,buglocator,Yes,72.0,0.013889,0.013889,30.43940019607544,2025-12-17T14:28:31.985400,2025-12-22T16:51:29.527819,,,,,,,,,,0,0,0
Gson,1,locus,No,,0.0,0.0,18.04310297966003,2025-11-21T16:52:35.992206,2025-12-22T16:51:29.527819,,,,,,,,,,0,0,0
Gson,2,FlexFL,Yes,1.0,1.0,1.0,N/A,N/A,N/A,N/A,N/A,N/A,N/A,N/A,N/A,N/A,N/A,N/A,1,1,1
Gson,2,boostnsift,Yes,1.0,1.0,1.0,17.76020908355713,2025-11-18T16:46:36.671196,2025-12-22T16:51:29.527819,10.88,17.28,258047562.66666663,379794227.0,134861973094.0,806.0,0.0,0.0,0.0,1,1,1
Gson,2,buglocator,Yes,10.0,0.1,0.1,22.04663634300232,2025-12-17T14:30:23.975735,2025-12-22T16:51:29.527819,,,,,,,,,,0,0,1
Gson,2,locus,Yes,33.0,0.030303,0.030303,16.41001534461975,2025-11-21T16:54:41.896664,2025-12-22T16:51:29.527819,,,,,,,,,,0,0,0
Gson,3,FlexFL,Yes,3.0,0.3333333333333333,0.3333333333333333,N/A,N/A,N/A,N/A,N/A,N/A,N/A,N/A,N/A,N/A,N/A,N/A,0,1,1
Gson,3,boostnsift,Yes,10.0,0.1,0.1,13.871318817138672,2025-11-18T16:46:45.374945,2025-12-22T16:51:29.527819,23.105,43.29,179212123.5,335334604.0,134861973094.0,806.0,0.0,0.0,0.0,0,0,1
Gson,3,buglocator,Yes,74.0,0.013514,0.013514,20.820544719696045,2025-12-17T14:30:25.392911,2025-12-22T16:51:29.527819,,,,,,,,,,0,0,0
Gson,3,locus,Yes,31.0,0.032258,0.032258,16.405120611190796,2025-11-21T16:54:43.909504,2025-12-22T16:51:29.527819,,,,,,,,,,0,0,0
Gson,4,FlexFL,Yes,1.0,1.0,0.1,N/A,N/A,N/A,N/A,N/A,N/A,N/A,N/A,N/A,N/A,N/A,N/A,1,1,1
Gson,4,boostnsift,Yes,2.0,0.5,0.5,17.502342462539673,2025-11-18T16:47:02.531359,2025-12-22T16:51:29.527819,28.569999999999997,65.71,205866925.66666663,297376153.0,134861973094.0,806.0,0.0,0.0,0.0,0,1,1
Gson,4,buglocator,Yes,1.0,1.0,1.0,21.282901287078857,2025-12-17T14:30:45.258688,2025-12-22T16:51:29.527819,,,,,,,,,,1,1,1
Gson,4,locus,Yes,1.0,1.0,1.0,16.35062074661255,2025-11-21T16:54:58.250587,2025-12-22T16:51:29.527819,,,,,,,,,,1,1,1
Gson,5,FlexFL,Yes,1.0,1.0,1.0,N/A,N/A,N/A,N/A,N/A,N/A,N/A,N/A,N/A,N/A,N/A,N/A,1,1,1
Gson,5,boostnsift,Yes,2.0,0.5,0.5,14.9963960647583,2025-11-18T16:47:12.196157,2025-12-22T16:51:29.527819,46.805,90.96,183217684.0,343408640.0,134861973094.0,736.0,0.0,0.0,0.0,0,1,1
Gson,5,buglocator,Yes,4.0,0.25,0.25,24.484533309936523,2025-12-17T14:30:49.877498,2025-12-22T16:51:29.527819,,,,,,,,,,0,1,1
Gson,5,locus,Yes,4.0,0.25,0.25,16.364965677261353,2025-11-21T16:55:00.278245,2025-12-22T16:51:29.527819,,,,,,,,,,0,1,1
Gson,6,FlexFL,Yes,1.0,1.0,1.0,N/A,N/A,N/A,N/A,N/A,N/A,N/A,N/A,N/A,N/A,N/A,N/A,1,1,1
Gson,6,boostnsift,Yes,4.0,0.25,0.25,40.636579513549805,2025-11-18T16:47:51.184078,2025-12-22T16:51:29.527819,29.462857142857143,87.32,282212246.4285714,345715507.0,134861973094.0,876.0,0.0,0.0,0.0,0,1,1
Gson,6,buglocator,Yes,110.0,0.009091,0.009091,28.34385323524475,2025-12-17T14:31:13.602596,2025-12-22T16:51:29.527819,,,,,,,,,,0,0,0
Gson,6,locus,Yes,21.0,0.047619,0.047619,20.38377165794373,2025-11-21T16:55:18.637787,2025-12-22T16:51:29.527819,,,,,,,,,,0,0,0
Gson,7,FlexFL,Yes,1.0,1.0,1.0,N/A,N/A,N/A,N/A,N/A,N/A,N/A,N/A,N/A,N/A,N/A,N/A,1,1,1
Gson,7,boostnsift,Yes,3.0,0.333333,0.333333,13.78920555114746,2025-11-18T16:47:45.579978,2025-12-22T16:51:29.527819,23.385,44.5,166817955.0,310693068.0,134861973094.0,516.0,0.0,0.0,0.0,0,1,1
Gson,7,buglocator,Yes,4.0,0.25,0.25,25.95785140991211,2025-12-17T14:31:15.835406,2025-12-22T16:51:29.527819,,,,,,,,,,0,1,1
Gson,7,locus,Yes,14.0,0.071429,0.071429,16.412205457687378,2025-11-21T16:55:16.694420,2025-12-22T16:51:29.527819,,,,,,,,,,0,0,0
Gson,8,FlexFL,Yes,3.0,0.3333333333333333,0.3333333333333333,N/A,N/A,N/A,N/A,N/A,N/A,N/A,N/A,N/A,N/A,N/A,N/A,0,1,1
Gson,8,boostnsift,Yes,10.0,0.1,0.1,12.796465873718262,2025-11-18T16:48:04.347763,2025-12-22T16:51:29.527819,20.665000000000003,39.74,195292036.5,367840460.0,134861973094.0,736.0,0.0,0.0,,0,0,1
Gson,8,buglocator,Yes,3.0,0.333333,0.333333,20.391850233078003,2025-12-17T14:31:33.994499,2025-12-22T16:51:29.527819,,,,,,,,,,0,1,1
Gson,8,locus,Yes,1.0,1.0,1.0,20.415730476379395,2025-11-21T16:55:37.114157,2025-12-22T16:51:29.527819,,,,,,,,,,1,1,1
Gson,9,FlexFL,No,,0.0,0.0,N/A,N/A,N/A,N/A,N/A,N/A,N/A,N/A,N/A,N/A,N/A,N/A,0,0,0
Gson,9,boostnsift,Yes,1.0,1.0,1.0,26.604029417037964,2025-11-18T16:48:28.579916,2025-12-22T16:51:29.527819,19.765,54.05,257331035.75,337536614.0,134861973094.0,696.0,0.0,0.0,0.0,1,1,1
Gson,9,buglocator,Yes,5.0,0.2,0.2,22.43413281440735,2025-12-17T14:31:38.269595,2025-12-22T16:51:29.527819,,,,,,,,,,0,1,1
Gson,9,locus,Yes,10.0,0.1,0.1,20.450098752975464,2025-11-21T16:55:39.091810,2025-12-22T16:51:29.527819,,,,,,,,,,0,0,1
Gson,10,FlexFL,Yes,3.0,0.3333333333333333,0.3333333333333333,N/A,N/A,N/A,N/A,N/A,N/A,N/A,N/A,N/A,N/A,N/A,N/A,0,1,1
Gson,10,boostnsift,Yes,2.0,0.5,0.5,15.96538019180298,2025-11-18T16:44:30.251631,2025-12-22T16:51:29.527819,56.760000000000005,80.0,174504017.5,307652198.0,134861973094.0,696.0,0.0,0.0,0.0,0,1,1
Gson,10,buglocator,Yes,21.0,0.047619,0.047619,28.293015003204346,2025-12-17T14:28:29.839164,2025-12-22T16:51:29.527819,,,,,,,,,,0,0,0
Gson,10,locus,Yes,6.0,0.166667,0.166667,20.457505226135257,2025-11-21T16:52:38.407038,2025-12-22T16:51:29.527819,,,,,,,,,,0,0,1
Gson,11,FlexFL,No,,0.0,0.0,N/A,N/A,N/A,N/A,N/A,N/A,N/A,N/A,N/A,N/A,N/A,N/A,0,0,0
Gson,11,boostnsift,Yes,9.0,0.111111,0.111111,18.09923815727234,2025-11-18T16:44:44.126000,2025-12-22T16:51:29.527819,13.803333333333333,19.96,216069570.33333337,325268275.0,134861973094.0,806.0,0.0,0.0,0.0,0,0,1
Gson,11,buglocator,Yes,27.0,0.037037,0.037037,21.24411392211914,2025-12-17T14:28:51.083332,2025-12-22T16:51:29.527819,,,,,,,,,,0,0,0
Gson,11,locus,Yes,41.0,0.02439,0.02439,24.89283227920532,2025-11-21T16:53:00.888756,2025-12-22T16:51:29.527819,,,,,,,,,,0,0,0
Gson,12,FlexFL,Yes,1.0,1.0,1.0,N/A,N/A,N/A,N/A,N/A,N/A,N/A,N/A,N/A,N/A,N/A,N/A,1,1,1
Gson,12,boostnsift,Yes,10.0,0.1,0.1,16.146467924118042,2025-11-18T16:44:54.696544,2025-12-22T16:51:29.527819,38.62,74.05,182693396.0,342569779.0,134861973094.0,736.0,0.0,0.0,,0,0,1
Gson,12,buglocator,Yes,1.0,1.0,1.0,21.527008295059204,2025-12-17T14:28:53.512466,2025-12-22T16:51:29.527819,,,,,,,,,,1,1,1
Gson,12,locus,Yes,1.0,1.0,1.0,24.473468780517575,2025-11-21T16:53:02.885828,2025-12-22T16:51:29.527819,,,,,,,,,,1,1,1
Gson,13,FlexFL,Yes,1.0,1.0,1.0,N/A,N/A,N/A,N/A,N/A,N/A,N/A,N/A,N/A,N/A,N/A,N/A,1,1,1
Gson,13,boostnsift,Yes,2.0,0.5,0.5,12.703482627868652,2025-11-18T16:45:05.176614,2025-12-22T16:51:29.527819,42.0,81.13,152934809.5,283115520.0,134861973094.0,736.0,0.0,0.0,,0,1,1
Gson,13,buglocator,Yes,1.0,1.0,1.0,28.937721729278564,2025-12-17T14:29:20.021108,2025-12-22T16:51:29.527819,,,,,,,,,,1,1,1
Gson,13,locus,Yes,3.0,0.333333,0.333333,28.53065848350525,2025-11-21T16:53:29.423359,2025-12-22T16:51:29.527819,,,,,,,,,,0,1,1
Gson,14,FlexFL,No,,0.0,0.0,N/A,N/A,N/A,N/A,N/A,N/A,N/A,N/A,N/A,N/A,N/A,N/A,0,0,0
Gson,14,boostnsift,Yes,1.0,1.0,1.0,15.77770471572876,2025-11-18T16:45:18.797133,2025-12-22T16:51:29.527819,76.03999999999999,84.34,224405749.5,378745651.0,134861973094.0,696.0,0.0,0.0,0.0,1,1,1
Gson,14,buglocator,Yes,1.0,1.0,1.0,28.445815801620483,2025-12-17T14:29:21.958338,2025-12-22T16:51:29.527819,,,,,,,,,,1,1,1
Gson,14,locus,No,,0.0,0.0,27.23943591117859,2025-11-21T16:53:30.129057,2025-12-22T16:51:29.527819,,,,,,,,,,0,0,0
Gson,15,FlexFL,Yes,1.0,1.0,1.0,N/A,N/A,N/A,N/A,N/A,N/A,N/A,N/A,N/A,N/A,N/A,N/A,1,1,1
Gson,15,boostnsift,Yes,1.0,1.0,1.0,14.281343460083008,2025-11-18T16:45:28.850835,2025-12-22T16:51:29.527819,1.535,3.07,11602493.0,23204986.0,134861973094.0,646.0,0.0,0.0,0.0,1,1,1
Gson,15,buglocator,Yes,4.0,0.25,0.25,21.21483683586121,2025-12-17T14:29:41.236002,2025-12-22T16:51:29.527819,,,,,,,,,,0,1,1
Gson,15,locus,Yes,4.0,0.25,0.25,27.508168935775757,2025-11-21T16:53:56.935437,2025-12-22T16:51:29.527819,,,,,,,,,,0,1,1
Gson,16,FlexFL,No,,0.0,0.0,N/A,N/A,N/A,N/A,N/A,N/A,N/A,N/A,N/A,N/A,N/A,N/A,0,0,0
Gson,16,boostnsift,Yes,1.0,1.0,1.0,28.889062643051147,2025-11-18T16:45:55.931945,2025-12-22T16:51:29.527819,19.411666666666665,82.66,268882848.0,328414003.0,134861973094.0,876.0,0.0,0.0,0.0,1,1,1
Gson,16,buglocator,Yes,2.0,0.5,0.5,17.27524471282959,2025-12-17T14:29:39.233639,2025-12-22T16:51:29.527819,,,,,,,,,,0,1,1
Gson,16,locus,No,,0.0,0.0,28.787800788879395,2025-11-21T16:53:58.919916,2025-12-22T16:51:29.527819,,,,,,,,,,0,0,0
Gson,17,FlexFL,Yes,1.0,1.0,1.0,N/A,N/A,N/A,N/A,N/A,N/A,N/A,N/A,N/A,N/A,N/A,N/A,1,1,1
Gson,17,boostnsift,Yes,3.0,0.333333,0.333333,34.90742039680481,2025-11-18T16:46:14.040798,2025-12-22T16:51:29.527819,31.06,76.57,249045188.4,322332262.0,134861973094.0,876.0,0.0,0.0,0.0,0,1,1
Gson,17,buglocator,Yes,2.0,0.5,0.5,22.69535183906555,2025-12-17T14:30:01.929044,2025-12-22T16:51:29.527819,,,,,,,,,,0,1,1
Gson,17,locus,No,,0.0,0.0,28.544445991516113,2025-11-21T16:54:25.483258,2025-12-22T16:51:29.527819,,,,,,,,,,0,0,0
Gson,18,FlexFL,No,,0.0,0.0,N/A,N/A,N/A,N/A,N/A,N/A,N/A,N/A,N/A,N/A,N/A,N/A,0,0,0
Gson,18,boostnsift,Yes,18.0,0.055556,0.055556,13.798840761184692,2025-11-18T16:46:18.573190,2025-12-22T16:51:29.527819,51.91,83.28,191082004.0,350748672.0,134861973094.0,516.0,0.0,0.0,0.0,0,0,0
Gson,18,buglocator,Yes,8.0,0.125,0.125,23.336230516433716,2025-12-17T14:30:04.572289,2025-12-22T16:51:29.527819,,,,,,,,,,0,0,1
Gson,18,locus,No,,0.0,0.0,28.571717977523804,2025-11-21T16:54:27.495835,2025-12-22T16:51:29.527819,,,,,,,,,,0,0,0
JacksonCore,1,FlexFL,No,,0.0,0.0,N/A,N/A,N/A,N/A,N/A,N/A,N/A,N/A,N/A,N/A,N/A,N/A,0,0,0
JacksonCore,1,boostnsift,Yes,12.0,0.083333,0.083333,11.631859064102173,2025-11-18T16:48:40.618378,2025-12-22T16:51:30.823703,134.345,268.69,104228454.0,208456908.0,134861973094.0,536.0,0.0,0.0,0.0,0,0,0
JacksonCore,1,buglocator,Yes,30.0,0.033333,0.033333,6.396513223648071,2025-11-18T16:48:36.067154,2025-12-22T16:51:30.823703,429.07,429.07,298529587.0,298529587.0,134861973094.0,486.0,0.0,0.0,0.0,0,0,0
JacksonCore,1,locus,Yes,68.0,0.014706,0.014706,8.693294525146484,2025-11-27T08:57:54.913642,2025-12-24T17:04:55.099438,,,,,,,,,,0,0,0
JacksonCore,2,FlexFL,Yes,1.0,1.0,0.1666666666666666,N/A,N/A,N/A,N/A,N/A,N/A,N/A,N/A,N/A,N/A,N/A,N/A,1,1,1
JacksonCore,2,boostnsift,Yes,2.0,0.5,0.5,11.381847858428957,2025-11-18T16:50:27.655411,2025-12-22T16:51:30.823703,68.41,131.56,136587509.5,246415360.0,134861973094.0,736.0,0.0,0.0,0.0,0,1,1
JacksonCore,2,buglocator,Yes,1.0,1.0,1.0,6.728167295455933,2025-11-18T16:50:25.200163,2025-12-22T16:51:30.823703,0.0,0.0,0.0,0.0,0.0,0.0,0.0,0.0,0.0,1,1,1
JacksonCore,2,locus,Yes,16.0,0.0625,0.0625,8.877103805541992,2025-12-10T14:08:59.822968,2025-12-24T17:04:55.099438,,,,,,,,,,0,0,0
JacksonCore,3,FlexFL,Yes,1.0,1.0,1.0,N/A,N/A,N/A,N/A,N/A,N/A,N/A,N/A,N/A,N/A,N/A,N/A,1,1,1
JacksonCore,3,boostnsift,Yes,1.0,1.0,1.0,12.625974893569946,2025-11-18T16:51:58.620953,2025-12-22T16:51:30.823703,1.58,3.16,11408506.5,22817013.0,134861973094.0,266.0,0.0,0.0,0.0,1,1,1
JacksonCore,3,buglocator,Yes,1.0,1.0,1.0,6.54738450050354,2025-11-18T16:51:59.625411,2025-12-22T16:51:30.823703,601.36,601.36,315411660.0,315411660.0,134861973094.0,516.0,0.0,0.0,,1,1,1
JacksonCore,3,locus,Yes,1.0,1.0,1.0,8.478220224380493,2025-12-10T14:10:38.470952,2025-12-24T17:04:55.099438,,,,,,,,,,1,1,1
JacksonCore,4,FlexFL,Yes,1.0,1.0,1.0,N/A,N/A,N/A,N/A,N/A,N/A,N/A,N/A,N/A,N/A,N/A,N/A,1,1,1
JacksonCore,4,boostnsift,Yes,17.0,0.058824,0.058824,11.075254678726196,2025-11-18T16:52:10.109865,2025-12-22T16:51:30.823703,139.84,279.68,114452070.0,228904140.0,134861973094.0,536.0,0.0,0.0,0.0,0,0,0
JacksonCore,4,buglocator,Yes,1.0,1.0,1.0,5.9259562492370605,2025-11-18T16:52:05.554889,2025-12-22T16:51:30.823703,459.7,459.7,328204288.0,328204288.0,134861973094.0,486.0,0.0,0.0,0.0,1,1,1
JacksonCore,4,locus,Yes,1.0,1.0,1.0,13.531613826751707,2025-12-10T14:10:49.460283,2025-12-24T17:04:55.099438,,,,,,,,,,1,1,1
JacksonCore,5,FlexFL,Yes,2.0,0.5,0.5,N/A,N/A,N/A,N/A,N/A,N/A,N/A,N/A,N/A,N/A,N/A,N/A,1,1,1
JacksonCore,5,boostnsift,Yes,1.0,1.0,1.0,10.973084211349487,2025-11-18T16:52:16.851890,2025-12-22T16:51:30.823703,7.975,13.5,200812789.0,378326220.0,134861973094.0,806.0,0.0,0.0,0.0,1,1,1
JacksonCore,5,buglocator,Yes,1.0,1.0,1.0,5.7174224853515625,2025-11-18T16:52:15.830551,2025-12-22T16:51:30.823703,404.01,404.01,309329920.0,309329920.0,134861973094.0,266.0,0.0,0.0,0.0,1,1,1
JacksonCore,5,locus,Yes,1.0,1.0,1.0,12.974595308303831,2025-12-10T14:10:51.449980,2025-12-24T17:04:55.099438,,,,,,,,,,1,1,1
JacksonCore,6,FlexFL,Yes,2.0,0.5,0.5,N/A,N/A,N/A,N/A,N/A,N/A,N/A,N/A,N/A,N/A,N/A,N/A,0,1,1
JacksonCore,6,boostnsift,Yes,1.0,1.0,1.0,11.935438394546509,2025-11-18T16:52:28.154547,2025-12-22T16:51:30.823703,172.2,344.4,148740505.5,297481011.0,134861973094.0,626.0,0.0,0.0,0.0,1,1,1
JacksonCore,6,buglocator,Yes,1.0,1.0,1.0,6.743102788925171,2025-11-18T16:52:23.598508,2025-12-22T16:51:30.823703,464.09,464.09,323800268.0,323800268.0,134861973094.0,486.0,0.0,0.0,0.0,1,1,1
JacksonCore,6,locus,Yes,1.0,1.0,1.0,13.070451736450195,2025-12-10T14:11:02.534687,2025-12-24T17:04:55.099438,,,,,,,,,,1,1,1
JacksonCore,7,FlexFL,No,,0.0,0.0,N/A,N/A,N/A,N/A,N/A,N/A,N/A,N/A,N/A,N/A,N/A,N/A,0,0,0
JacksonCore,7,boostnsift,Yes,6.0,0.166667,0.166667,11.951237201690674,2025-11-18T16:52:35.874418,2025-12-22T16:51:30.823703,1.47,2.94,11450449.5,22900899.0,134861973094.0,486.0,0.0,0.0,0.0,0,0,1
JacksonCore,7,buglocator,Yes,17.0,0.058824,0.058824,5.704648733139038,2025-11-18T16:52:33.875085,2025-12-22T16:51:30.823703,401.17,401.17,291818700.0,291818700.0,134861973094.0,266.0,0.0,0.0,0.0,0,0,0
JacksonCore,7,locus,Yes,9.0,0.111111,0.111111,13.050818920135498,2025-12-10T14:11:04.505408,2025-12-24T17:04:55.099438,,,,,,,,,,0,0,1
JacksonCore,8,FlexFL,Yes,1.0,1.0,1.0,N/A,N/A,N/A,N/A,N/A,N/A,N/A,N/A,N/A,N/A,N/A,N/A,1,1,1
JacksonCore,8,boostnsift,Yes,2.0,0.5,0.5,10.625397205352783,2025-11-18T16:52:44.877585,2025-12-22T16:51:30.823703,1.555,3.11,11382292.0,22764584.0,134861973094.0,486.0,0.0,0.0,0.0,0,1,1
JacksonCore,8,buglocator,Yes,1.0,1.0,1.0,6.979896306991577,2025-11-18T16:52:42.869683,2025-12-22T16:51:30.823703,0.0,0.0,0.0,0.0,0.0,0.0,0.0,0.0,0.0,1,1,1
JacksonCore,8,locus,Yes,1.0,1.0,1.0,13.048431634902954,2025-12-10T14:11:15.587902,2025-12-24T17:04:55.099438,,,,,,,,,,1,1,1
JacksonCore,9,FlexFL,Yes,4.0,0.25,0.1083333333333333,N/A,N/A,N/A,N/A,N/A,N/A,N/A,N/A,N/A,N/A,N/A,N/A,1,1,1
JacksonCore,9,boostnsift,Yes,5.0,0.2,0.2,10.8103768825531,2025-11-18T16:52:54.072062,2025-12-22T16:51:30.823703,43.92,84.86,198427278.5,374131916.0,134861973094.0,736.0,0.0,0.0,0.0,0,1,1
JacksonCore,9,buglocator,Yes,7.0,0.142857,0.142857,6.627495050430298,2025-11-18T16:52:51.521540,2025-12-22T16:51:30.823703,646.39,646.39,362912153.0,362912153.0,134861973094.0,376.0,0.0,0.0,0.0,0,0,1
JacksonCore,9,locus,Yes,4.0,0.25,0.25,16.657312631607056,2025-12-10T14:11:21.167088,2025-12-24T17:04:55.099438,,,,,,,,,,0,1,1
JacksonCore,10,FlexFL,Yes,2.0,0.5,0.25,N/A,N/A,N/A,N/A,N/A,N/A,N/A,N/A,N/A,N/A,N/A,N/A,1,1,1
JacksonCore,10,boostnsift,Yes,5.0,0.2,0.2,12.31387734413147,2025-11-18T16:48:48.758152,2025-12-22T16:51:30.823703,40.879999999999995,78.41,191165890.5,359137280.0,134861973094.0,806.0,0.0,0.0,0.0,0,1,1
JacksonCore,10,buglocator,Yes,1.0,1.0,1.0,6.126395225524902,2025-11-18T16:48:46.748051,2025-12-22T16:51:30.823703,429.54,429.54,335439462.0,335439462.0,134861973094.0,266.0,0.0,0.0,0.0,1,1,1
JacksonCore,10,locus,Yes,3.0,0.333333,0.333333,19.05989384651184,2025-12-10T14:07:39.344530,2025-12-24T17:04:55.099438,,,,,,,,,,0,1,1
JacksonCore,11,FlexFL,Yes,1.0,1.0,1.0,N/A,N/A,N/A,N/A,N/A,N/A,N/A,N/A,N/A,N/A,N/A,N/A,1,1,1
JacksonCore,11,boostnsift,Yes,25.0,0.04,0.04,14.235884666442873,2025-11-18T16:49:01.419108,2025-12-22T16:51:30.823703,203.705,299.83,309854207.5,366791884.0,134861973094.0,626.0,0.0,0.0,0.0,0,0,0
JacksonCore,11,buglocator,Yes,4.0,0.25,0.25,8.107643127441406,2025-11-18T16:48:56.868918,2025-12-22T16:51:30.823703,373.66,373.66,269484032.0,269484032.0,134861973094.0,486.0,0.0,0.0,0.0,0,1,1
JacksonCore,11,locus,Yes,19.0,0.052632,0.052632,17.089524745941162,2025-12-10T14:07:50.233399,2025-12-24T17:04:55.099438,,,,,,,,,,0,0,0
JacksonCore,12,FlexFL,Yes,2.0,0.5,0.0714285714285714,N/A,N/A,N/A,N/A,N/A,N/A,N/A,N/A,N/A,N/A,N/A,N/A,1,1,1
JacksonCore,12,boostnsift,Yes,2.0,0.5,0.5,11.103400945663452,2025-11-18T16:49:08.312696,2025-12-22T16:51:30.823703,48.2,95.13,217988464.5,413138944.0,134861973094.0,736.0,0.0,0.0,0.0,0,1,1
JacksonCore,12,buglocator,Yes,3.0,0.333333,0.333333,5.862333536148071,2025-11-18T16:49:07.296384,2025-12-22T16:51:30.823703,453.3,453.3,328938291.0,328938291.0,134861973094.0,266.0,0.0,0.0,0.0,0,1,1
JacksonCore,12,locus,No,,0.0,0.0,8.84498906135559,2025-12-10T14:07:48.193839,2025-12-24T17:04:55.099438,,,,,,,,,,0,0,0
JacksonCore,13,FlexFL,No,,0.0,0.0,N/A,N/A,N/A,N/A,N/A,N/A,N/A,N/A,N/A,N/A,N/A,N/A,0,0,0
JacksonCore,13,boostnsift,Yes,12.0,0.083333,0.083333,17.379929065704346,2025-11-18T16:49:25.064535,2025-12-22T16:51:30.823703,7.175000000000001,21.05,175948430.75,341626060.0,134861973094.0,806.0,0.0,0.0,0.0,0,0,0
JacksonCore,13,buglocator,Yes,45.0,0.022222,0.022222,7.104763984680176,2025-11-18T16:49:15.435948,2025-12-22T16:51:30.823703,501.64,501.64,409993216.0,409993216.0,134861973094.0,536.0,0.0,0.0,0.0,0,0,0
JacksonCore,13,locus,Yes,30.0,0.033333,0.033333,17.61307144165039,2025-12-10T14:08:05.811237,2025-12-24T17:04:55.099438,,,,,,,,,,0,0,0
JacksonCore,14,FlexFL,Yes,5.0,0.2,0.0666666666666666,N/A,N/A,N/A,N/A,N/A,N/A,N/A,N/A,N/A,N/A,N/A,N/A,1,1,1
JacksonCore,14,boostnsift,Yes,10.0,0.1,0.1,14.835030555725098,2025-11-18T16:49:30.639165,2025-12-22T16:51:30.823703,71.28999999999999,75.66,252103884.0,430230732.0,134861973094.0,736.0,0.0,0.0,0.0,0,0,1
JacksonCore,14,buglocator,Yes,2.0,0.5,0.5,6.562113285064697,2025-11-18T16:49:31.638963,2025-12-22T16:51:30.823703,413.1,413.1,317718528.0,317718528.0,134861973094.0,426.0,0.0,0.0,,0,1,1
JacksonCore,14,locus,Yes,1.0,1.0,1.0,17.39063858985901,2025-12-10T14:08:07.628557,2025-12-24T17:04:55.099438,,,,,,,,,,1,1,1
JacksonCore,15,FlexFL,Yes,3.0,0.3333333333333333,0.3333333333333333,N/A,N/A,N/A,N/A,N/A,N/A,N/A,N/A,N/A,N/A,N/A,N/A,0,1,1
JacksonCore,15,boostnsift,Yes,1.0,1.0,1.0,11.58179235458374,2025-11-18T16:49:42.601563,2025-12-22T16:51:30.823703,51.98,94.71,232637071.0,435683328.0,134861973094.0,736.0,0.0,0.0,0.0,1,1,1
JacksonCore,15,buglocator,Yes,1.0,1.0,1.0,8.58049988746643,2025-11-18T16:49:40.222467,2025-12-22T16:51:30.823703,0.0,0.0,0.0,0.0,0.0,0.0,0.0,0.0,0.0,1,1,1
JacksonCore,15,locus,Yes,1.0,1.0,1.0,17.21729016304016,2025-12-10T14:08:23.032747,2025-12-24T17:04:55.099438,,,,,,,,,,1,1,1
JacksonCore,16,FlexFL,Yes,1.0,1.0,0.75,N/A,N/A,N/A,N/A,N/A,N/A,N/A,N/A,N/A,N/A,N/A,N/A,1,1,1
JacksonCore,16,boostnsift,Yes,1.0,1.0,1.0,11.686269283294678,2025-11-18T16:49:52.254117,2025-12-22T16:51:30.823703,7.275,10.96,241759682.0,460744294.0,134861973094.0,736.0,0.0,0.0,,1,1,1
JacksonCore,16,buglocator,Yes,1.0,1.0,1.0,7.649511098861694,2025-11-18T16:49:50.263179,2025-12-22T16:51:30.823703,630.06,630.06,345086361.0,345086361.0,134861973094.0,516.0,0.0,0.0,0.0,1,1,1
JacksonCore,16,locus,Yes,1.0,1.0,1.0,21.979309797286987,2025-12-10T14:08:29.611647,2025-12-24T17:04:55.099438,,,,,,,,,,1,1,1
JacksonCore,17,FlexFL,Yes,1.0,1.0,1.0,N/A,N/A,N/A,N/A,N/A,N/A,N/A,N/A,N/A,N/A,N/A,N/A,1,1,1
JacksonCore,17,boostnsift,Yes,7.0,0.142857,0.142857,10.175088882446287,2025-11-18T16:50:00.806739,2025-12-22T16:51:30.823703,43.63,84.7,188350464.0,353894400.0,134861973094.0,736.0,0.0,0.0,,0,0,1
JacksonCore,17,buglocator,Yes,1.0,1.0,1.0,6.002588272094727,2025-11-18T16:49:58.267775,2025-12-22T16:51:30.823703,426.92,426.92,241172480.0,241172480.0,134861973094.0,426.0,0.0,0.0,0.0,1,1,1
JacksonCore,17,locus,Yes,3.0,0.333333,0.333333,21.99977231025696,2025-12-10T14:08:45.037409,2025-12-24T17:04:55.099438,,,,,,,,,,0,1,1
JacksonCore,18,FlexFL,Yes,1.0,1.0,0.5555555555555555,N/A,N/A,N/A,N/A,N/A,N/A,N/A,N/A,N/A,N/A,N/A,N/A,1,1,1
JacksonCore,18,boostnsift,Yes,9.0,0.111111,0.111111,10.729401111602783,2025-11-18T16:50:09.333101,2025-12-22T16:51:30.823703,55.940000000000005,109.48,199370997.5,375390208.0,134861973094.0,736.0,0.0,0.0,0.0,0,0,1
JacksonCore,18,buglocator,Yes,4.0,0.25,0.25,6.521644353866577,2025-11-18T16:50:07.331892,2025-12-22T16:51:30.823703,721.5,721.5,320339968.0,320339968.0,134861973094.0,426.0,0.0,0.0,0.0,0,1,1
JacksonCore,18,locus,Yes,3.0,0.333333,0.333333,21.325653314590458,2025-12-10T14:08:50.941500,2025-12-24T17:04:55.099438,,,,,,,,,,0,1,1
JacksonCore,19,FlexFL,Yes,1.0,1.0,1.0,N/A,N/A,N/A,N/A,N/A,N/A,N/A,N/A,N/A,N/A,N/A,N/A,1,1,1
JacksonCore,19,boostnsift,Yes,6.0,0.166667,0.166667,10.753662586212158,2025-11-18T16:50:18.447221,2025-12-22T16:51:30.823703,14.035,27.56,189330882.5,355467264.0,134861973094.0,736.0,0.0,0.0,,0,0,1
JacksonCore,19,buglocator,Yes,2.0,0.5,0.5,6.562680006027222,2025-11-18T16:50:15.898990,2025-12-22T16:51:30.823703,681.34,681.34,308386201.0,308386201.0,134861973094.0,426.0,0.0,0.0,0.0,0,1,1
JacksonCore,19,locus,Yes,1.0,1.0,1.0,20.87851881980896,2025-12-10T14:09:05.920553,2025-12-24T17:04:55.099438,,,,,,,,,,1,1,1
JacksonCore,20,FlexFL,Yes,1.0,1.0,1.0,N/A,N/A,N/A,N/A,N/A,N/A,N/A,N/A,N/A,N/A,N/A,N/A,1,1,1
JacksonCore,20,boostnsift,Yes,2.0,0.5,0.5,13.91868782043457,2025-11-18T16:50:39.537585,2025-12-22T16:51:30.823703,151.14499999999998,282.71,316302950.0,402653184.0,134861973094.0,696.0,0.0,0.0,0.0,0,1,1
JacksonCore,20,buglocator,Yes,1.0,1.0,1.0,7.142257452011108,2025-11-18T16:50:34.801082,2025-12-22T16:51:30.823703,366.51,366.51,290140979.0,290140979.0,134861973094.0,486.0,0.0,0.0,0.0,1,1,1
JacksonCore,20,locus,Yes,1.0,1.0,1.0,21.149609327316284,2025-12-10T14:09:20.976601,2025-12-24T17:04:55.099438,,,,,,,,,,1,1,1
JacksonCore,21,FlexFL,Yes,3.0,0.3333333333333333,0.3333333333333333,N/A,N/A,N/A,N/A,N/A,N/A,N/A,N/A,N/A,N/A,N/A,N/A,1,1,1
JacksonCore,21,boostnsift,Yes,1.0,1.0,1.0,19.525498867034912,2025-11-18T16:50:54.674060,2025-12-22T16:51:30.823703,113.46666666666664,248.66,183081369.33333337,364904448.0,134861973094.0,696.0,0.0,0.0,0.0,1,1,1
JacksonCore,21,buglocator,Yes,4.0,0.25,0.25,6.313377618789673,2025-11-18T16:50:45.867779,2025-12-22T16:51:30.823703,364.4,364.4,302514176.0,302514176.0,134861973094.0,486.0,0.0,0.0,0.0,0,1,1
JacksonCore,21,locus,Yes,3.0,0.333333,0.333333,24.71883463859558,2025-12-10T14:09:30.643267,2025-12-24T17:04:55.099438,,,,,,,,,,0,1,1
JacksonCore,22,FlexFL,Yes,2.0,0.5,0.5,N/A,N/A,N/A,N/A,N/A,N/A,N/A,N/A,N/A,N/A,N/A,N/A,0,1,1
JacksonCore,22,boostnsift,Yes,4.0,0.25,0.25,15.763686656951904,2025-11-18T16:51:01.954671,2025-12-22T16:51:30.823703,1.375,2.75,11403264.0,22806528.0,134861973094.0,486.0,0.0,0.0,0.0,0,1,1
JacksonCore,22,buglocator,Yes,3.0,0.333333,0.333333,6.281545162200928,2025-11-18T16:51:00.973865,2025-12-22T16:51:30.823703,338.03,338.03,276614348.0,276614348.0,134861973094.0,266.0,0.0,0.0,0.0,0,1,1
JacksonCore,22,locus,Yes,2.0,0.5,0.5,16.86043930053711,2025-12-10T14:09:37.841474,2025-12-24T17:04:55.099438,,,,,,,,,,0,1,1
JacksonCore,23,FlexFL,Yes,1.0,1.0,1.0,N/A,N/A,N/A,N/A,N/A,N/A,N/A,N/A,N/A,N/A,N/A,N/A,1,1,1
JacksonCore,23,boostnsift,Yes,6.0,0.166667,0.166667,12.427384614944458,2025-11-18T16:51:13.803780,2025-12-22T16:51:30.823703,79.04,149.49,238131609.0,345296076.0,134861973094.0,696.0,0.0,0.0,0.0,0,0,1
JacksonCore,23,buglocator,Yes,1.0,1.0,1.0,7.297785520553589,2025-11-18T16:51:09.255888,2025-12-22T16:51:30.823703,330.31,330.31,273783193.0,273783193.0,134861973094.0,486.0,0.0,0.0,0.0,1,1,1
JacksonCore,23,locus,Yes,2.0,0.5,0.5,30.028913736343384,2025-12-10T14:10:00.676676,2025-12-24T17:04:55.099438,,,,,,,,,,0,1,1
JacksonCore,24,FlexFL,Yes,4.0,0.25,0.0625,N/A,N/A,N/A,N/A,N/A,N/A,N/A,N/A,N/A,N/A,N/A,N/A,1,1,1
JacksonCore,24,boostnsift,Yes,5.0,0.2,0.2,14.751326084136965,2025-11-18T16:51:24.353393,2025-12-22T16:51:30.823703,17.39,32.97,187280916.0,351377817.0,134861973094.0,736.0,0.0,0.0,0.0,0,1,1
JacksonCore,24,buglocator,Yes,4.0,0.25,0.25,8.047982454299927,2025-11-18T16:51:21.855269,2025-12-22T16:51:30.823703,490.05,490.05,316355379.0,316355379.0,134861973094.0,266.0,0.0,0.0,0.0,0,1,1
JacksonCore,24,locus,Yes,18.0,0.055556,0.055556,28.996696949005127,2025-12-10T14:10:06.842394,2025-12-24T17:04:55.099438,,,,,,,,,,0,0,0
JacksonCore,25,FlexFL,Yes,2.0,0.5,0.5,N/A,N/A,N/A,N/A,N/A,N/A,N/A,N/A,N/A,N/A,N/A,N/A,0,1,1
JacksonCore,25,boostnsift,Yes,14.0,0.071429,0.071429,20.309956312179565,2025-11-18T16:51:43.645487,2025-12-22T16:51:30.823703,52.1375,101.78,254093557.25,333237452.0,134861973094.0,806.0,0.0,0.0,0.0,0,0,0
JacksonCore,25,buglocator,Yes,2.0,0.5,0.5,9.156150579452516,2025-11-18T16:51:33.512596,2025-12-22T16:51:30.823703,481.05,481.05,423729561.0,423729561.0,134861973094.0,536.0,0.0,0.0,0.0,0,1,1
JacksonCore,25,locus,Yes,8.0,0.125,0.125,29.307313919067383,2025-12-10T14:10:29.988569,2025-12-24T17:04:55.099438,,,,,,,,,,0,0,1
JacksonCore,26,FlexFL,Yes,1.0,1.0,1.0,N/A,N/A,N/A,N/A,N/A,N/A,N/A,N/A,N/A,N/A,N/A,N/A,1,1,1
JacksonCore,26,boostnsift,Yes,15.0,0.066667,0.066667,11.821842193603516,2025-11-18T16:51:45.651459,2025-12-22T16:51:30.823703,29.275,54.95,218502266.0,413977804.0,134861973094.0,516.0,0.0,0.0,0.0,0,0,0
JacksonCore,26,buglocator,Yes,10.0,0.1,0.1,9.425540924072266,2025-11-18T16:51:53.074719,2025-12-22T16:51:30.823703,352.07,352.07,302723891.0,302723891.0,134861973094.0,486.0,0.0,0.0,0.0,0,0,1
JacksonCore,26,locus,Yes,2.0,0.5,0.5,29.077935695648193,2025-12-10T14:10:35.924518,2025-12-24T17:04:55.099438,,,,,,,,,,0,1,1
JacksonDatabind,1,FlexFL,Yes,1.0,1.0,1.0,N/A,N/A,N/A,N/A,N/A,N/A,N/A,N/A,N/A,N/A,N/A,N/A,1,1,1
JacksonDatabind,1,boostnsift,Yes,1.0,1.0,1.0,18.45159363746643,2025-11-18T16:53:12.956225,2025-12-22T16:51:35.010325,77.96333333333334,218.86,250655101.66666663,389650841.0,134861973094.0,806.0,0.0,0.0,0.0,1,1,1
JacksonDatabind,1,buglocator,Yes,1.0,1.0,1.0,41.738922119140625,2025-12-17T14:34:49.106481,2025-12-22T16:51:35.010325,,,,,,,,,,1,1,1
JacksonDatabind,1,locus,Yes,1.0,1.0,1.0,25.862264394760132,2025-11-22T10:47:15.402526,2025-12-25T12:38:07.219373,,,,,,,,,,1,1,1
JacksonDatabind,2,FlexFL,No,,0.0,0.0,N/A,N/A,N/A,N/A,N/A,N/A,N/A,N/A,N/A,N/A,N/A,N/A,0,0,0
JacksonDatabind,2,boostnsift,Yes,2.0,0.5,0.5,25.15551257133484,2025-11-18T17:01:50.761451,2025-12-22T16:51:35.010325,78.655,287.05,357414993.75,925053747.0,134861973094.0,806.0,0.0,0.0,0.0,0,1,1
JacksonDatabind,2,buglocator,Yes,2.0,0.5,0.5,37.29578185081482,2025-12-17T14:43:11.013140,2025-12-22T16:51:35.010325,,,,,,,,,,0,1,1
JacksonDatabind,2,locus,Yes,8.0,0.125,0.125,33.45772457122803,2025-11-22T11:00:49.636647,2025-12-25T12:38:07.219373,,,,,,,,,,0,0,1
JacksonDatabind,3,FlexFL,Yes,1.0,1.0,1.0,N/A,N/A,N/A,N/A,N/A,N/A,N/A,N/A,N/A,N/A,N/A,N/A,1,1,1
JacksonDatabind,3,boostnsift,Yes,80.0,0.0125,0.0125,23.94626259803772,2025-11-18T17:05:32.100050,2025-12-22T16:51:35.010325,74.67999999999999,204.59,271955175.6666667,439038771.0,134861973094.0,806.0,0.0,0.0,0.0,0,0,0
JacksonDatabind,3,buglocator,Yes,272.0,0.003676,0.003676,33.90601873397827,2025-12-17T14:46:32.665021,2025-12-22T16:51:35.010325,,,,,,,,,,0,0,0
JacksonDatabind,3,locus,Yes,247.0,0.004049,0.004049,29.61652135848999,2025-11-22T11:04:48.175144,2025-12-25T12:38:07.219373,,,,,,,,,,0,0,0
JacksonDatabind,4,FlexFL,No,,0.0,0.0,N/A,N/A,N/A,N/A,N/A,N/A,N/A,N/A,N/A,N/A,N/A,N/A,0,0,0
JacksonDatabind,4,boostnsift,Yes,100.0,0.01,0.01,20.446484088897705,2025-11-18T17:09:15.446599,2025-12-22T16:51:35.010325,60.693333333333335,154.05,322776159.0,538548633.0,134861973094.0,806.0,0.0,0.0,0.0,0,0,0
JacksonDatabind,4,buglocator,Yes,342.0,0.002924,0.002924,34.704113245010376,2025-12-17T14:49:29.953959,2025-12-22T16:51:35.010325,,,,,,,,,,0,0,0
JacksonDatabind,4,locus,Yes,249.0,0.004016,0.004016,30.871124267578125,2025-11-22T11:08:56.753361,2025-12-25T12:38:07.219373,,,,,,,,,,0,0,0
JacksonDatabind,5,FlexFL,Yes,1.0,1.0,1.0,N/A,N/A,N/A,N/A,N/A,N/A,N/A,N/A,N/A,N/A,N/A,N/A,1,1,1
JacksonDatabind,5,boostnsift,Yes,2.0,0.5,0.5,23.42043709754944,2025-11-18T17:16:10.081416,2025-12-22T16:51:35.010325,97.79,134.83,360745096.0,566440755.0,134861973094.0,696.0,0.0,0.0,0.0,0,1,1
JacksonDatabind,5,buglocator,Yes,3.0,0.333333,0.333333,22.935652494430546,2025-12-17T14:53:41.380373,2025-12-22T16:51:35.010325,,,,,,,,,,0,1,1
JacksonDatabind,5,locus,Yes,2.0,0.5,0.5,36.32121562957764,2025-11-22T11:13:49.153656,2025-12-25T12:38:07.219373,,,,,,,,,,0,1,1
JacksonDatabind,6,FlexFL,Yes,1.0,1.0,1.0,N/A,N/A,N/A,N/A,N/A,N/A,N/A,N/A,N/A,N/A,N/A,N/A,1,1,1
JacksonDatabind,6,boostnsift,Yes,1.0,1.0,1.0,20.218621969223022,2025-11-18T17:19:55.524530,2025-12-22T16:51:35.010325,82.43,220.24,377913780.6666667,706949939.0,134861973094.0,806.0,0.0,0.0,0.0,1,1,1
JacksonDatabind,6,buglocator,Yes,1.0,1.0,1.0,16.251194715499878,2025-12-17T14:56:58.419586,2025-12-22T16:51:35.010325,,,,,,,,,,1,1,1
JacksonDatabind,6,locus,Yes,2.0,0.5,0.5,36.197744607925415,2025-11-22T11:18:33.714321,2025-12-25T12:38:07.219373,,,,,,,,,,0,1,1
JacksonDatabind,7,FlexFL,Yes,1.0,1.0,1.0,N/A,N/A,N/A,N/A,N/A,N/A,N/A,N/A,N/A,N/A,N/A,N/A,1,1,1
JacksonDatabind,7,boostnsift,Yes,10.0,0.1,0.1,21.828563451766968,2025-11-18T17:23:19.460710,2025-12-22T16:51:35.010325,81.21,240.04,306816832.3333333,507825356.0,134861973094.0,806.0,0.0,0.0,0.0,0,0,1
JacksonDatabind,7,buglocator,Yes,3.0,0.333333,0.333333,24.131566524505615,2025-12-17T14:58:42.025457,2025-12-22T16:51:35.010325,,,,,,,,,,0,1,1
JacksonDatabind,7,locus,Yes,1.0,1.0,1.0,28.08767819404602,2025-11-22T11:23:29.389372,2025-12-25T12:38:07.219373,,,,,,,,,,1,1,1
JacksonDatabind,8,FlexFL,Yes,5.0,0.2,0.2,N/A,N/A,N/A,N/A,N/A,N/A,N/A,N/A,N/A,N/A,N/A,N/A,0,1,1
JacksonDatabind,8,boostnsift,Yes,13.0,0.076923,0.076923,28.686975955963135,2025-11-18T17:27:23.339714,2025-12-22T16:51:35.010325,93.628,416.53,282018709.2,580701388.0,134861973094.0,806.0,0.0,0.0,0.0,0,0,0
JacksonDatabind,8,buglocator,Yes,10.0,0.1,0.1,33.979276180267334,2025-12-17T15:01:09.770703,2025-12-22T16:51:35.010325,,,,,,,,,,0,0,1
JacksonDatabind,8,locus,Yes,69.0,0.014493,0.014493,33.62501239776611,2025-11-22T11:28:47.358847,2025-12-25T12:38:07.219373,,,,,,,,,,0,0,0
JacksonDatabind,9,FlexFL,No,,0.0,0.0,N/A,N/A,N/A,N/A,N/A,N/A,N/A,N/A,N/A,N/A,N/A,N/A,0,0,0
JacksonDatabind,9,boostnsift,Yes,146.0,0.006849,0.006849,20.20597982406616,2025-11-18T17:30:49.103370,2025-12-22T16:51:35.010325,64.41333333333334,166.54,292433865.0,520303411.0,134861973094.0,806.0,0.0,0.0,,0,0,0
JacksonDatabind,9,buglocator,Yes,210.0,0.004762,0.004762,31.965653896331787,2025-12-17T15:04:21.853959,2025-12-22T16:51:35.010325,,,,,,,,,,0,0,0
JacksonDatabind,9,locus,Yes,96.0,0.010417,0.010417,38.9070188999176,2025-11-22T11:34:12.703511,2025-12-25T12:38:07.219373,,,,,,,,,,0,0,0
JacksonDatabind,10,FlexFL,Yes,1.0,1.0,1.0,N/A,N/A,N/A,N/A,N/A,N/A,N/A,N/A,N/A,N/A,N/A,N/A,1,1,1
JacksonDatabind,10,boostnsift,Yes,9.0,0.111111,0.111111,28.501434564590458,2025-11-18T16:53:35.743455,2025-12-22T16:51:35.010325,55.17999999999999,135.25,382593924.8,613941248.0,134861973094.0,876.0,0.0,0.0,0.0,0,0,1
JacksonDatabind,10,buglocator,Yes,34.0,0.029412,0.029412,48.35108137130737,2025-12-17T14:34:55.718771,2025-12-22T16:51:35.010325,,,,,,,,,,0,0,0
JacksonDatabind,10,locus,Yes,18.0,0.055556,0.055556,42.93274545669556,2025-11-22T10:47:32.465600,2025-12-25T12:38:07.219373,,,,,,,,,,0,0,0
JacksonDatabind,11,FlexFL,Yes,1.0,1.0,1.0,N/A,N/A,N/A,N/A,N/A,N/A,N/A,N/A,N/A,N/A,N/A,N/A,1,1,1
JacksonDatabind,11,boostnsift,Yes,22.0,0.045455,0.045455,26.5055570602417,2025-11-18T16:57:47.461086,2025-12-22T16:51:35.010325,75.1325,165.56,339576094.25,601568051.0,134861973094.0,806.0,0.0,0.0,0.0,0,0,0
JacksonDatabind,11,buglocator,Yes,102.0,0.009804,0.009804,33.55356311798096,2025-12-17T14:39:31.147307,2025-12-22T16:51:35.010325,,,,,,,,,,0,0,0
JacksonDatabind,11,locus,Yes,119.0,0.008403,0.008403,41.451091051101685,2025-11-22T10:55:39.632171,2025-12-25T12:38:07.219373,,,,,,,,,,0,0,0
JacksonDatabind,12,FlexFL,No,,0.0,0.0,N/A,N/A,N/A,N/A,N/A,N/A,N/A,N/A,N/A,N/A,N/A,N/A,0,0,0
JacksonDatabind,12,boostnsift,Yes,4.0,0.25,0.25,24.21426224708557,2025-11-18T16:59:15.271024,2025-12-22T16:51:35.010325,95.01333333333332,131.13,380912708.0,554696704.0,134861973094.0,696.0,0.0,0.0,0.0,0,1,1
JacksonDatabind,12,buglocator,Yes,15.0,0.066667,0.066667,32.37680792808533,2025-12-17T14:40:46.523137,2025-12-22T16:51:35.010325,,,,,,,,,,0,0,0
JacksonDatabind,12,locus,Yes,111.0,0.009009,0.009009,40.9515655040741,2025-11-22T10:57:58.099854,2025-12-25T12:38:07.219373,,,,,,,,,,0,0,0
JacksonDatabind,13,FlexFL,Yes,4.0,0.25,0.25,N/A,N/A,N/A,N/A,N/A,N/A,N/A,N/A,N/A,N/A,N/A,N/A,0,1,1
JacksonDatabind,13,boostnsift,Yes,1.0,1.0,1.0,22.5394926071167,2025-11-18T16:59:32.595669,2025-12-22T16:51:35.010325,57.77333333333333,147.92,279700657.3333333,477626368.0,134861973094.0,806.0,0.0,0.0,0.0,1,1,1
JacksonDatabind,13,buglocator,Yes,112.0,0.008929,0.008929,34.908092737197876,2025-12-17T14:41:16.086885,2025-12-22T16:51:35.010325,,,,,,,,,,0,0,0
JacksonDatabind,13,locus,Yes,22.0,0.045455,0.045455,43.18919634819031,2025-11-22T10:58:41.300995,2025-12-25T12:38:07.219373,,,,,,,,,,0,0,0
JacksonDatabind,14,FlexFL,Yes,2.0,0.5,0.5,N/A,N/A,N/A,N/A,N/A,N/A,N/A,N/A,N/A,N/A,N/A,N/A,0,1,1
JacksonDatabind,14,boostnsift,Yes,6.0,0.166667,0.166667,25.785980224609375,2025-11-18T16:59:55.353021,2025-12-22T16:51:35.010325,78.2025,277.9,353634876.75,546412953.0,134861973094.0,806.0,0.0,0.0,0.0,0,0,1
JacksonDatabind,14,buglocator,Yes,2.0,0.5,0.5,39.53655767440796,2025-12-17T14:41:26.059749,2025-12-22T16:51:35.010325,,,,,,,,,,0,1,1
JacksonDatabind,14,locus,Yes,1.0,1.0,1.0,41.45260548591614,2025-11-22T10:58:58.450456,2025-12-25T12:38:07.219373,,,,,,,,,,1,1,1
JacksonDatabind,15,FlexFL,Yes,1.0,1.0,1.0,N/A,N/A,N/A,N/A,N/A,N/A,N/A,N/A,N/A,N/A,N/A,N/A,1,1,1
JacksonDatabind,15,boostnsift,Yes,3.0,0.333333,0.333333,24.18436336517334,2025-11-18T17:00:10.510585,2025-12-22T16:51:35.010325,59.26,99.85,301518028.6666667,566440755.0,134861973094.0,806.0,0.0,0.0,0.0,0,1,1
JacksonDatabind,15,buglocator,Yes,18.0,0.055556,0.055556,33.65243673324585,2025-12-17T14:41:49.739375,2025-12-22T16:51:35.010325,,,,,,,,,,0,0,0
JacksonDatabind,15,locus,Yes,18.0,0.055556,0.055556,40.60843634605408,2025-11-22T10:59:21.952891,2025-12-25T12:38:07.219373,,,,,,,,,,0,0,0
JacksonDatabind,16,FlexFL,No,,0.0,0.0,N/A,N/A,N/A,N/A,N/A,N/A,N/A,N/A,N/A,N/A,N/A,N/A,0,0,0
JacksonDatabind,16,boostnsift,Yes,212.0,0.004717,0.004717,21.70514941215515,2025-11-18T17:00:30.445590,2025-12-22T16:51:35.010325,103.6,279.7,305548055.3333333,521351987.0,134861973094.0,806.0,0.0,0.0,0.0,0,0,0
JacksonDatabind,16,buglocator,Yes,291.0,0.003436,0.003436,33.75097966194153,2025-12-17T14:41:59.810781,2025-12-22T16:51:35.010325,,,,,,,,,,0,0,0
JacksonDatabind,16,locus,Yes,303.0,0.0033,0.0033,41.50468182563782,2025-11-22T10:59:39.967678,2025-12-25T12:38:07.219373,,,,,,,,,,0,0,0
JacksonDatabind,17,FlexFL,No,,0.0,0.0,N/A,N/A,N/A,N/A,N/A,N/A,N/A,N/A,N/A,N/A,N/A,N/A,0,0,0
JacksonDatabind,17,boostnsift,Yes,4.0,0.25,0.25,24.59554386138916,2025-11-18T17:00:53.064927,2025-12-22T16:51:35.010325,66.145,199.84,449516666.5,719847424.0,134861973094.0,876.0,0.0,0.0,0.0,0,1,1
JacksonDatabind,17,buglocator,Yes,1.0,1.0,1.0,38.61546492576599,2025-12-17T14:42:28.354896,2025-12-22T16:51:35.010325,,,,,,,,,,1,1,1
JacksonDatabind,17,locus,Yes,3.0,0.333333,0.333333,38.153433084487915,2025-11-22T11:00:00.110481,2025-12-25T12:38:07.219373,,,,,,,,,,0,1,1
JacksonDatabind,18,FlexFL,Yes,3.0,0.3333333333333333,0.0833333333333333,N/A,N/A,N/A,N/A,N/A,N/A,N/A,N/A,N/A,N/A,N/A,N/A,0,1,1
JacksonDatabind,18,boostnsift,Yes,1.0,1.0,1.0,24.749022245407104,2025-11-18T17:01:09.063087,2025-12-22T16:51:35.010325,84.265,260.43,380349972.0,577975091.0,134861973094.0,806.0,0.0,0.0,0.0,1,1,1
JacksonDatabind,18,buglocator,Yes,5.0,0.2,0.2,33.90646553039551,2025-12-17T14:42:33.717303,2025-12-22T16:51:35.010325,,,,,,,,,,0,1,1
JacksonDatabind,18,locus,Yes,4.0,0.25,0.25,36.159597396850586,2025-11-22T11:00:16.137344,2025-12-25T12:38:07.219373,,,,,,,,,,0,1,1
JacksonDatabind,19,FlexFL,No,,0.0,0.0,N/A,N/A,N/A,N/A,N/A,N/A,N/A,N/A,N/A,N/A,N/A,N/A,0,0,0
JacksonDatabind,19,boostnsift,Yes,8.0,0.125,0.125,24.106486797332764,2025-11-18T17:01:30.785088,2025-12-22T16:51:35.010325,91.98,130.56,521072366.3333333,734317772.0,134861973094.0,696.0,0.0,0.0,0.0,0,0,1
JacksonDatabind,19,buglocator,Yes,4.0,0.25,0.25,34.80760097503662,2025-12-17T14:43:03.162549,2025-12-22T16:51:35.010325,,,,,,,,,,0,1,1
JacksonDatabind,19,locus,Yes,14.0,0.071429,0.071429,34.79389810562134,2025-11-22T11:00:34.914883,2025-12-25T12:38:07.219373,,,,,,,,,,0,0,0
JacksonDatabind,20,FlexFL,No,,0.0,0.0,N/A,N/A,N/A,N/A,N/A,N/A,N/A,N/A,N/A,N/A,N/A,N/A,0,0,0
JacksonDatabind,20,boostnsift,Yes,9.0,0.111111,0.111111,21.157568216323853,2025-11-18T17:02:06.981474,2025-12-22T16:51:35.010325,101.95,273.87,324887292.0,582798540.0,134861973094.0,806.0,0.0,0.0,,0,0,1
JacksonDatabind,20,buglocator,Yes,9.0,0.111111,0.111111,30.591811418533325,2025-12-17T14:43:33.754413,2025-12-22T16:51:35.010325,,,,,,,,,,0,0,1
JacksonDatabind,20,locus,Yes,12.0,0.083333,0.083333,39.82394742965698,2025-11-22T11:01:14.742935,2025-12-25T12:38:07.219373,,,,,,,,,,0,0,0
JacksonDatabind,21,FlexFL,No,,0.0,0.0,N/A,N/A,N/A,N/A,N/A,N/A,N/A,N/A,N/A,N/A,N/A,N/A,0,0,0
JacksonDatabind,21,boostnsift,Yes,82.0,0.012195,0.012195,23.34774422645569,2025-11-18T17:02:28.412469,2025-12-22T16:51:35.010325,32.336666666666666,71.55,367781041.0,640994508.0,134861973094.0,806.0,0.0,0.0,0.0,0,0,0
JacksonDatabind,21,buglocator,Yes,339.0,0.00295,0.00295,33.29462480545044,2025-12-17T14:43:44.307815,2025-12-22T16:51:35.010325,,,,,,,,,,0,0,0
JacksonDatabind,21,locus,Yes,177.0,0.00565,0.00565,44.11022353172302,2025-11-22T11:01:33.758578,2025-12-25T12:38:07.219373,,,,,,,,,,0,0,0
JacksonDatabind,22,FlexFL,Yes,5.0,0.2,0.2,N/A,N/A,N/A,N/A,N/A,N/A,N/A,N/A,N/A,N/A,N/A,N/A,0,1,1
JacksonDatabind,22,boostnsift,Yes,1.0,1.0,1.0,24.34903907775879,2025-11-18T17:02:47.530465,2025-12-22T16:51:35.010325,18.6625,62.01,258513305.5,618554982.0,134861973094.0,806.0,0.0,0.0,0.0,1,1,1
JacksonDatabind,22,buglocator,Yes,51.0,0.019608,0.019608,35.65130877494812,2025-12-17T14:44:09.405771,2025-12-22T16:51:35.010325,,,,,,,,,,0,0,0
JacksonDatabind,22,locus,Yes,3.0,0.333333,0.333333,43.972590923309326,2025-11-22T11:01:58.718927,2025-12-25T12:38:07.219373,,,,,,,,,,0,1,1
JacksonDatabind,23,FlexFL,No,,0.0,0.0,N/A,N/A,N/A,N/A,N/A,N/A,N/A,N/A,N/A,N/A,N/A,N/A,0,0,0
JacksonDatabind,23,boostnsift,Yes,372.0,0.002688,0.002688,20.94519829750061,2025-11-18T17:03:03.292748,2025-12-22T16:51:35.010325,45.26333333333334,113.92,322762178.3333333,598422323.0,134861973094.0,806.0,0.0,0.0,0.0,0,0,0
JacksonDatabind,23,buglocator,Yes,55.0,0.018182,0.018182,31.251490592956543,2025-12-17T14:44:15.559361,2025-12-22T16:51:35.010325,,,,,,,,,,0,0,0
JacksonDatabind,23,locus,Yes,229.0,0.004367,0.004367,44.0823016166687,2025-11-22T11:02:17.852131,2025-12-25T12:38:07.219373,,,,,,,,,,0,0,0
JacksonDatabind,24,FlexFL,No,,0.0,0.0,N/A,N/A,N/A,N/A,N/A,N/A,N/A,N/A,N/A,N/A,N/A,N/A,0,0,0
JacksonDatabind,24,boostnsift,Yes,6.0,0.166667,0.166667,25.77549457550049,2025-11-18T17:03:27.509696,2025-12-22T16:51:35.010325,75.5775,277.55,400833904.25,633444761.0,134861973094.0,806.0,0.0,0.0,0.0,0,0,1
JacksonDatabind,24,buglocator,Yes,16.0,0.0625,0.0625,37.77475595474243,2025-12-17T14:44:47.180581,2025-12-22T16:51:35.010325,,,,,,,,,,0,0,0
JacksonDatabind,24,locus,Yes,23.0,0.043478,0.043478,48.231828927993774,2025-11-22T11:02:46.954698,2025-12-25T12:38:07.219373,,,,,,,,,,0,0,0
JacksonDatabind,25,FlexFL,Yes,2.0,0.5,0.5,N/A,N/A,N/A,N/A,N/A,N/A,N/A,N/A,N/A,N/A,N/A,N/A,0,1,1
JacksonDatabind,25,boostnsift,Yes,131.0,0.007634,0.007634,23.271471977233887,2025-11-18T17:03:40.694253,2025-12-22T16:51:35.010325,103.67333333333332,290.08,367627249.6666667,652109414.0,134861973094.0,806.0,0.0,0.0,0.0,0,0,0
JacksonDatabind,25,buglocator,Yes,219.0,0.004566,0.004566,31.546409845352173,2025-12-17T14:44:47.105825,2025-12-22T16:51:35.010325,,,,,,,,,,0,0,0
JacksonDatabind,25,locus,Yes,297.0,0.003367,0.003367,43.73548364639282,2025-11-22T11:03:01.590818,2025-12-25T12:38:07.219373,,,,,,,,,,0,0,0
JacksonDatabind,26,FlexFL,No,,0.0,0.0,N/A,N/A,N/A,N/A,N/A,N/A,N/A,N/A,N/A,N/A,N/A,N/A,0,0,0
JacksonDatabind,26,boostnsift,Yes,5.0,0.2,0.2,25.380451440811157,2025-11-18T17:04:06.458029,2025-12-22T16:51:35.010325,77.50750000000001,277.16,426796646.0,687131852.0,134861973094.0,806.0,0.0,0.0,0.0,0,1,1
JacksonDatabind,26,buglocator,Yes,40.0,0.025,0.025,40.80586862564087,2025-12-17T14:45:27.911748,2025-12-22T16:51:35.010325,,,,,,,,,,0,0,0
JacksonDatabind,26,locus,Yes,39.0,0.025641,0.025641,45.64985537528992,2025-11-22T11:03:32.608400,2025-12-25T12:38:07.219373,,,,,,,,,,0,0,0
JacksonDatabind,27,FlexFL,Yes,4.0,0.25,0.25,N/A,N/A,N/A,N/A,N/A,N/A,N/A,N/A,N/A,N/A,N/A,N/A,0,1,1
JacksonDatabind,27,boostnsift,Yes,1.0,1.0,1.0,33.360538959503174,2025-11-18T17:04:34.629650,2025-12-22T16:51:35.010325,83.23750000000001,303.56,260290641.5,625790156.0,134861973094.0,806.0,0.0,0.0,0.0,1,1,1
JacksonDatabind,27,buglocator,Yes,1.0,1.0,1.0,32.83963084220886,2025-12-17T14:45:20.020254,2025-12-22T16:51:35.010325,,,,,,,,,,1,1,1
JacksonDatabind,27,locus,Yes,13.0,0.076923,0.076923,42.2155442237854,2025-11-22T11:03:43.849162,2025-12-25T12:38:07.219373,,,,,,,,,,0,0,0
JacksonDatabind,28,FlexFL,Yes,3.0,0.3333333333333333,0.3333333333333333,N/A,N/A,N/A,N/A,N/A,N/A,N/A,N/A,N/A,N/A,N/A,N/A,0,1,1
JacksonDatabind,28,boostnsift,Yes,33.0,0.030303,0.030303,25.1084144115448,2025-11-18T17:04:54.495097,2025-12-22T16:51:35.010325,65.24249999999999,225.64,244538408.75,594018304.0,134861973094.0,806.0,0.0,0.0,0.0,0,0,0
JacksonDatabind,28,buglocator,Yes,4.0,0.25,0.25,38.73863768577576,2025-12-17T14:45:58.758947,2025-12-22T16:51:35.010325,,,,,,,,,,0,1,1
JacksonDatabind,28,locus,Yes,3.0,0.333333,0.333333,45.920838356018066,2025-11-22T11:04:18.546779,2025-12-25T12:38:07.219373,,,,,,,,,,0,1,1
JacksonDatabind,29,FlexFL,Yes,2.0,0.5,0.5,N/A,N/A,N/A,N/A,N/A,N/A,N/A,N/A,N/A,N/A,N/A,N/A,0,1,1
JacksonDatabind,29,boostnsift,Yes,13.0,0.076923,0.076923,34.47422480583191,2025-11-18T17:05:20.402811,2025-12-22T16:51:35.010325,36.36666666666667,159.88,382221680.3333333,645398528.0,134861973094.0,876.0,0.0,0.0,0.0,0,0,0
JacksonDatabind,29,buglocator,Yes,7.0,0.142857,0.142857,34.230876445770264,2025-12-17T14:46:02.142686,2025-12-22T16:51:35.010325,,,,,,,,,,0,0,1
JacksonDatabind,29,locus,Yes,28.0,0.035714,0.035714,43.97331023216248,2025-11-22T11:04:27.825986,2025-12-25T12:38:07.219373,,,,,,,,,,0,0,0
JacksonDatabind,30,FlexFL,Yes,1.0,1.0,0.25,N/A,N/A,N/A,N/A,N/A,N/A,N/A,N/A,N/A,N/A,N/A,N/A,1,1,1
JacksonDatabind,30,boostnsift,Yes,8.0,0.125,0.125,28.804598093032837,2025-11-18T17:05:59.426397,2025-12-22T16:51:35.010325,43.45,138.87,381891379.0,618135552.0,134861973094.0,876.0,0.0,0.0,0.0,0,0,1
JacksonDatabind,30,buglocator,Yes,26.0,0.038462,0.038462,36.15830326080322,2025-12-17T14:46:38.301046,2025-12-22T16:51:35.010325,,,,,,,,,,0,0,0
JacksonDatabind,30,locus,Yes,9.0,0.111111,0.111111,46.47924327850342,2025-11-22T11:05:14.316976,2025-12-25T12:38:07.219373,,,,,,,,,,0,0,1
JacksonDatabind,31,FlexFL,Yes,4.0,0.25,0.0147058823529411,N/A,N/A,N/A,N/A,N/A,N/A,N/A,N/A,N/A,N/A,N/A,N/A,0,1,1
JacksonDatabind,31,boostnsift,Yes,6.0,0.166667,0.166667,24.7566659450531,2025-11-18T17:06:13.721746,2025-12-22T16:51:35.010325,105.48333333333332,290.59,343429611.3333333,634388480.0,134861973094.0,806.0,0.0,0.0,0.0,0,0,1
JacksonDatabind,31,buglocator,Yes,52.0,0.019231,0.019231,38.6539192199707,2025-12-17T14:47:11.318996,2025-12-22T16:51:35.010325,,,,,,,,,,0,0,0
JacksonDatabind,31,locus,Yes,30.0,0.033333,0.033333,46.82885551452637,2025-11-22T11:05:35.007511,2025-12-25T12:38:07.219373,,,,,,,,,,0,0,0
JacksonDatabind,32,FlexFL,Yes,1.0,1.0,1.0,N/A,N/A,N/A,N/A,N/A,N/A,N/A,N/A,N/A,N/A,N/A,N/A,1,1,1
JacksonDatabind,32,boostnsift,Yes,2.0,0.5,0.5,22.937654495239254,2025-11-18T17:06:37.041915,2025-12-22T16:51:35.010325,86.045,310.98,249555844.75,593598873.0,134861973094.0,806.0,0.0,0.0,0.0,0,1,1
JacksonDatabind,32,buglocator,Yes,3.0,0.333333,0.333333,25.050867795944217,2025-12-17T14:47:03.351969,2025-12-22T16:51:35.010325,,,,,,,,,,0,1,1
JacksonDatabind,32,locus,Yes,5.0,0.2,0.2,48.09012484550476,2025-11-22T11:06:02.426746,2025-12-25T12:38:07.219373,,,,,,,,,,0,1,1
JacksonDatabind,33,FlexFL,No,,0.0,0.0,N/A,N/A,N/A,N/A,N/A,N/A,N/A,N/A,N/A,N/A,N/A,N/A,0,0,0
JacksonDatabind,33,boostnsift,Yes,35.0,0.028571,0.028571,29.24866795539856,2025-11-18T17:07:00.564880,2025-12-22T16:51:35.010325,73.07666666666667,134.32,371790096.6666667,624217292.0,134861973094.0,696.0,0.0,0.0,0.0,0,0,0
JacksonDatabind,33,buglocator,Yes,106.0,0.009434,0.009434,33.91629147529602,2025-12-17T14:47:37.268321,2025-12-22T16:51:35.010325,,,,,,,,,,0,0,0
JacksonDatabind,33,locus,Yes,48.0,0.020833,0.020833,48.1640043258667,2025-11-22T11:06:23.174829,2025-12-25T12:38:07.219373,,,,,,,,,,0,0,0
JacksonDatabind,34,FlexFL,Yes,1.0,1.0,1.0,N/A,N/A,N/A,N/A,N/A,N/A,N/A,N/A,N/A,N/A,N/A,N/A,1,1,1
JacksonDatabind,34,boostnsift,Yes,3.0,0.333333,0.333333,24.06959056854248,2025-11-18T17:07:20.449178,2025-12-22T16:51:35.010325,121.965,378.0,506671922.75,890870169.0,134861973094.0,806.0,0.0,0.0,,0,1,1
JacksonDatabind,34,buglocator,Yes,112.0,0.008929,0.008929,36.67189264297485,2025-12-17T14:47:47.990945,2025-12-22T16:51:35.010325,,,,,,,,,,0,0,0
JacksonDatabind,34,locus,Yes,14.0,0.071429,0.071429,48.06018495559693,2025-11-22T11:06:50.530061,2025-12-25T12:38:07.219373,,,,,,,,,,0,0,0
JacksonDatabind,35,FlexFL,Yes,5.0,0.2,0.2,N/A,N/A,N/A,N/A,N/A,N/A,N/A,N/A,N/A,N/A,N/A,N/A,0,1,1
JacksonDatabind,35,boostnsift,Yes,3.0,0.333333,0.333333,25.343077182769775,2025-11-18T17:07:39.993342,2025-12-22T16:51:35.010325,58.0125,201.26,252428943.25,598212608.0,134861973094.0,806.0,0.0,0.0,0.0,0,1,1
JacksonDatabind,35,buglocator,Yes,42.0,0.02381,0.02381,36.58498787879944,2025-12-17T14:48:13.853368,2025-12-22T16:51:35.010325,,,,,,,,,,0,0,0
JacksonDatabind,35,locus,Yes,20.0,0.05,0.05,44.2283787727356,2025-11-22T11:07:07.406827,2025-12-25T12:38:07.219373,,,,,,,,,,0,0,0
JacksonDatabind,36,FlexFL,Yes,1.0,1.0,1.0,N/A,N/A,N/A,N/A,N/A,N/A,N/A,N/A,N/A,N/A,N/A,N/A,1,1,1
JacksonDatabind,36,boostnsift,Yes,1.0,1.0,1.0,25.990219831466675,2025-11-18T17:08:00.782716,2025-12-22T16:51:35.010325,111.5925,317.3,499145768.75,868954931.0,134861973094.0,806.0,0.0,0.0,,1,1,1
JacksonDatabind,36,buglocator,Yes,1.0,1.0,1.0,35.89488101005554,2025-12-17T14:48:23.885883,2025-12-22T16:51:35.010325,,,,,,,,,,1,1,1
JacksonDatabind,36,locus,Yes,1.0,1.0,1.0,43.2258517742157,2025-11-22T11:07:33.759331,2025-12-25T12:38:07.219373,,,,,,,,,,1,1,1
JacksonDatabind,37,FlexFL,No,,0.0,0.0,N/A,N/A,N/A,N/A,N/A,N/A,N/A,N/A,N/A,N/A,N/A,N/A,0,0,0
JacksonDatabind,37,boostnsift,Yes,145.0,0.006897,0.006897,25.06531071662903,2025-11-18T17:08:20.658565,2025-12-22T16:51:35.010325,101.015,277.16,534328114.75,900517068.0,134861973094.0,806.0,0.0,0.0,,0,0,0
JacksonDatabind,37,buglocator,Yes,61.0,0.016393,0.016393,35.98355746269226,2025-12-17T14:48:49.836981,2025-12-22T16:51:35.010325,,,,,,,,,,0,0,0
JacksonDatabind,37,locus,Yes,233.0,0.004292,0.004292,50.07351636886597,2025-11-22T11:07:57.483927,2025-12-25T12:38:07.219373,,,,,,,,,,0,0,0
JacksonDatabind,38,FlexFL,Yes,1.0,1.0,0.3333333333333333,N/A,N/A,N/A,N/A,N/A,N/A,N/A,N/A,N/A,N/A,N/A,N/A,1,1,1
JacksonDatabind,38,boostnsift,Yes,1.0,1.0,1.0,22.34421992301941,2025-11-18T17:08:37.113301,2025-12-22T16:51:35.010325,86.10333333333334,218.54,337148641.0,631976755.0,134861973094.0,806.0,0.0,0.0,0.0,1,1,1
JacksonDatabind,38,buglocator,Yes,1.0,1.0,1.0,31.36385440826416,2025-12-17T14:48:55.249791,2025-12-22T16:51:35.010325,,,,,,,,,,1,1,1
JacksonDatabind,38,locus,Yes,1.0,1.0,1.0,52.08652448654175,2025-11-22T11:08:25.866353,2025-12-25T12:38:07.219373,,,,,,,,,,1,1,1
JacksonDatabind,39,FlexFL,No,,0.0,0.0,N/A,N/A,N/A,N/A,N/A,N/A,N/A,N/A,N/A,N/A,N/A,N/A,0,0,0
JacksonDatabind,39,boostnsift,Yes,254.0,0.003937,0.003937,24.980783939361572,2025-11-18T17:09:00.189714,2025-12-22T16:51:35.010325,76.56,274.5,285417144.0,771856793.0,134861973094.0,806.0,0.0,0.0,0.0,0,0,0
JacksonDatabind,39,buglocator,Yes,478.0,0.002092,0.002092,39.21720886230469,2025-12-17T14:49:29.054244,2025-12-22T16:51:35.010325,,,,,,,,,,0,0,0
JacksonDatabind,39,locus,Yes,666.0,0.001502,0.001502,48.98422193527222,2025-11-22T11:08:46.471951,2025-12-25T12:38:07.219373,,,,,,,,,,0,0,0
JacksonDatabind,40,FlexFL,No,,0.0,0.0,N/A,N/A,N/A,N/A,N/A,N/A,N/A,N/A,N/A,N/A,N/A,N/A,0,0,0
JacksonDatabind,40,boostnsift,Yes,24.0,0.041667,0.041667,23.87391424179077,2025-11-18T17:09:37.683922,2025-12-22T16:51:35.010325,63.32333333333333,114.05,416095928.0,712402534.0,134861973094.0,586.0,0.0,0.0,0.0,0,0,0
JacksonDatabind,40,buglocator,Yes,2.0,0.5,0.5,32.71065711975098,2025-12-17T14:50:01.764956,2025-12-22T16:51:35.010325,,,,,,,,,,0,1,1
JacksonDatabind,40,locus,Yes,12.0,0.083333,0.083333,52.76224184036255,2025-11-22T11:09:39.258777,2025-12-25T12:38:07.219373,,,,,,,,,,0,0,0
JacksonDatabind,41,FlexFL,Yes,1.0,1.0,1.0,N/A,N/A,N/A,N/A,N/A,N/A,N/A,N/A,N/A,N/A,N/A,N/A,1,1,1
JacksonDatabind,41,boostnsift,Yes,13.0,0.076923,0.076923,24.527807474136353,2025-11-18T17:09:56.994645,2025-12-22T16:51:35.010325,66.3525,223.83,274134466.5,673185792.0,134861973094.0,806.0,0.0,0.0,0.0,0,0,0
JacksonDatabind,41,buglocator,Yes,1.0,1.0,1.0,30.677747011184692,2025-12-17T14:50:00.631758,2025-12-22T16:51:35.010325,,,,,,,,,,1,1,1
JacksonDatabind,41,locus,Yes,2.0,0.5,0.5,47.2512948513031,2025-11-22T11:09:44.008565,2025-12-25T12:38:07.219373,,,,,,,,,,0,1,1
JacksonDatabind,42,FlexFL,Yes,1.0,1.0,1.0,N/A,N/A,N/A,N/A,N/A,N/A,N/A,N/A,N/A,N/A,N/A,N/A,1,1,1
JacksonDatabind,42,boostnsift,Yes,27.0,0.037037,0.037037,20.488300800323486,2025-11-18T17:10:12.315721,2025-12-22T16:51:35.010325,90.43,245.92,354516554.6666667,640784793.0,134861973094.0,806.0,0.0,0.0,0.0,0,0,0
JacksonDatabind,42,buglocator,Yes,24.0,0.041667,0.041667,36.15429043769837,2025-12-17T14:50:36.786105,2025-12-22T16:51:35.010325,,,,,,,,,,0,0,0
JacksonDatabind,42,locus,Yes,344.0,0.002907,0.002907,54.1073784828186,2025-11-22T11:10:33.386701,2025-12-25T12:38:07.219373,,,,,,,,,,0,0,0
JacksonDatabind,43,FlexFL,No,,0.0,0.0,N/A,N/A,N/A,N/A,N/A,N/A,N/A,N/A,N/A,N/A,N/A,N/A,0,0,0
JacksonDatabind,43,boostnsift,Yes,38.0,0.026316,0.026316,38.967207193374634,2025-11-18T17:10:49.582812,2025-12-22T16:51:35.010325,47.38857142857143,282.11,679680970.8571428,933861785.0,134861973094.0,876.0,0.0,0.0,0.0,0,0,0
JacksonDatabind,43,buglocator,Yes,253.0,0.003953,0.003953,40.538618326187134,2025-12-17T14:50:42.303632,2025-12-22T16:51:35.010325,,,,,,,,,,0,0,0
JacksonDatabind,43,locus,Yes,84.0,0.011905,0.011905,52.66572713851929,2025-11-22T11:10:36.677458,2025-12-25T12:38:07.219373,,,,,,,,,,0,0,0
JacksonDatabind,44,FlexFL,No,,0.0,0.0,N/A,N/A,N/A,N/A,N/A,N/A,N/A,N/A,N/A,N/A,N/A,N/A,0,0,0
JacksonDatabind,44,boostnsift,Yes,48.0,0.020833,0.020833,215.4129223823547,2025-11-18T17:14:07.908835,2025-12-22T16:51:35.010325,104.53833333333334,500.23,525136996.5,1215475744.0,134861973094.0,656.0,0.0,0.0,0.0,0,0,0
JacksonDatabind,44,buglocator,Yes,160.0,0.00625,0.00625,365.3821806907654,2025-12-17T14:56:42.168338,2025-12-22T16:51:35.010325,,,,,,,,,,0,0,0
JacksonDatabind,44,locus,Yes,75.0,0.013333,0.013333,51.3336021900177,2025-11-22T11:11:24.725391,2025-12-25T12:38:07.219373,,,,,,,,,,0,0,0
JacksonDatabind,45,FlexFL,Yes,1.0,1.0,1.0,N/A,N/A,N/A,N/A,N/A,N/A,N/A,N/A,N/A,N/A,N/A,N/A,1,1,1
JacksonDatabind,45,boostnsift,Yes,3.0,0.333333,0.333333,30.948473930358887,2025-11-18T17:14:31.618034,2025-12-22T16:51:35.010325,43.42166666666666,218.34,719099439.5,1007681536.0,134861973094.0,876.0,0.0,0.0,0.0,0,1,1
JacksonDatabind,45,buglocator,Yes,26.0,0.038462,0.038462,37.57259154319763,2025-12-17T14:51:19.876280,2025-12-22T16:51:35.010325,,,,,,,,,,0,0,0
JacksonDatabind,45,locus,Yes,44.0,0.022727,0.022727,54.70319437980652,2025-11-22T11:11:31.422743,2025-12-25T12:38:07.219373,,,,,,,,,,0,0,0
JacksonDatabind,46,FlexFL,No,,0.0,0.0,N/A,N/A,N/A,N/A,N/A,N/A,N/A,N/A,N/A,N/A,N/A,N/A,0,0,0
JacksonDatabind,46,boostnsift,Yes,8.0,0.125,0.125,25.69878649711609,2025-11-18T17:14:47.796080,2025-12-22T16:51:35.010325,92.6375,348.58,248339496.5,609327513.0,134861973094.0,806.0,0.0,0.0,0.0,0,0,1
JacksonDatabind,46,buglocator,Yes,12.0,0.083333,0.083333,40.23803925514221,2025-12-17T14:52:00.114372,2025-12-22T16:51:35.010325,,,,,,,,,,0,0,0
JacksonDatabind,46,locus,Yes,23.0,0.043478,0.043478,54.03182792663574,2025-11-22T11:12:18.813083,2025-12-25T12:38:07.219373,,,,,,,,,,0,0,0
JacksonDatabind,47,FlexFL,Yes,1.0,1.0,1.0,N/A,N/A,N/A,N/A,N/A,N/A,N/A,N/A,N/A,N/A,N/A,N/A,1,1,1
JacksonDatabind,47,boostnsift,Yes,37.0,0.027027,0.027027,26.062551975250244,2025-11-18T17:15:11.679023,2025-12-22T16:51:35.010325,83.71249999999999,269.76,549857525.0,968989081.0,134861973094.0,806.0,0.0,0.0,0.0,0,0,0
JacksonDatabind,47,buglocator,Yes,7.0,0.142857,0.142857,31.060195207595825,2025-12-17T14:52:31.174620,2025-12-22T16:51:35.010325,,,,,,,,,,0,0,1
JacksonDatabind,47,locus,Yes,5.0,0.2,0.2,56.186763763427734,2025-11-22T11:12:27.628022,2025-12-25T12:38:07.219373,,,,,,,,,,0,1,1
JacksonDatabind,48,FlexFL,No,,0.0,0.0,N/A,N/A,N/A,N/A,N/A,N/A,N/A,N/A,N/A,N/A,N/A,N/A,0,0,0
JacksonDatabind,48,boostnsift,Yes,6.0,0.166667,0.166667,24.577969789505005,2025-11-18T17:15:31.558748,2025-12-22T16:51:35.010325,103.7975,226.42,617800007.25,1048576000.0,134861973094.0,806.0,0.0,0.0,0.0,0,0,1
JacksonDatabind,48,buglocator,Yes,31.0,0.032258,0.032258,28.921875,2025-12-17T14:53:00.096547,2025-12-22T16:51:35.010325,,,,,,,,,,0,0,0
JacksonDatabind,48,locus,Yes,21.0,0.047619,0.047619,54.00767159461975,2025-11-22T11:13:12.828260,2025-12-25T12:38:07.219373,,,,,,,,,,0,0,0
JacksonDatabind,49,FlexFL,No,,0.0,0.0,N/A,N/A,N/A,N/A,N/A,N/A,N/A,N/A,N/A,N/A,N/A,N/A,0,0,0
JacksonDatabind,49,boostnsift,Yes,17.0,0.058824,0.058824,21.7029070854187,2025-11-18T17:15:48.197479,2025-12-22T16:51:35.010325,58.07,141.62,341972090.3333333,638163353.0,134861973094.0,806.0,0.0,0.0,0.0,0,0,0
JacksonDatabind,49,buglocator,Yes,2.0,0.5,0.5,18.34806203842163,2025-12-17T14:53:18.444665,2025-12-22T16:51:35.010325,,,,,,,,,,0,1,1
JacksonDatabind,49,locus,Yes,1.0,1.0,1.0,59.48271679878235,2025-11-22T11:13:27.114166,2025-12-25T12:38:07.219373,,,,,,,,,,1,1,1
JacksonDatabind,50,FlexFL,Yes,1.0,1.0,1.0,N/A,N/A,N/A,N/A,N/A,N/A,N/A,N/A,N/A,N/A,N/A,N/A,1,1,1
JacksonDatabind,50,boostnsift,Yes,11.0,0.090909,0.090909,26.269302129745483,2025-11-18T17:16:31.141507,2025-12-22T16:51:35.010325,143.8425,383.42,482562539.0,811597824.0,134861973094.0,876.0,0.0,0.0,,0,0,0
JacksonDatabind,50,buglocator,Yes,50.0,0.02,0.02,18.332568168640137,2025-12-17T14:53:59.712997,2025-12-22T16:51:35.010325,,,,,,,,,,0,0,0
JacksonDatabind,50,locus,Yes,13.0,0.076923,0.076923,56.57595682144165,2025-11-22T11:14:23.708311,2025-12-25T12:38:07.219373,,,,,,,,,,0,0,0
JacksonDatabind,51,FlexFL,No,,0.0,0.0,N/A,N/A,N/A,N/A,N/A,N/A,N/A,N/A,N/A,N/A,N/A,N/A,0,0,0
JacksonDatabind,51,boostnsift,Yes,2.0,0.5,0.5,25.340578317642212,2025-11-18T17:16:51.316331,2025-12-22T16:51:35.010325,61.655,214.76,266506075.75,667628339.0,134861973094.0,806.0,0.0,0.0,0.0,0,1,1
JacksonDatabind,51,buglocator,Yes,47.0,0.021277,0.021277,19.501912593841553,2025-12-17T14:54:19.214967,2025-12-22T16:51:35.010325,,,,,,,,,,0,0,0
JacksonDatabind,51,locus,Yes,7.0,0.142857,0.142857,57.8921434879303,2025-11-22T11:14:47.049880,2025-12-25T12:38:07.219373,,,,,,,,,,0,0,1
JacksonDatabind,52,FlexFL,No,,0.0,0.0,N/A,N/A,N/A,N/A,N/A,N/A,N/A,N/A,N/A,N/A,N/A,N/A,0,0,0
JacksonDatabind,52,boostnsift,Yes,9.0,0.111111,0.111111,25.513762950897217,2025-11-18T17:17:11.616944,2025-12-22T16:51:35.010325,63.16,223.54,225808219.75,530264883.0,134861973094.0,806.0,0.0,0.0,0.0,0,0,1
JacksonDatabind,52,buglocator,Yes,7.0,0.142857,0.142857,19.50353240966797,2025-12-17T14:54:38.718565,2025-12-22T16:51:35.010325,,,,,,,,,,0,0,1
JacksonDatabind,52,locus,Yes,3.0,0.333333,0.333333,46.06513071060181,2025-11-22T11:15:09.776935,2025-12-25T12:38:07.219373,,,,,,,,,,0,1,1
JacksonDatabind,53,FlexFL,No,,0.0,0.0,N/A,N/A,N/A,N/A,N/A,N/A,N/A,N/A,N/A,N/A,N/A,N/A,0,0,0
JacksonDatabind,53,boostnsift,Yes,11.0,0.090909,0.090909,25.14719033241272,2025-11-18T17:17:31.712396,2025-12-22T16:51:35.010325,76.77,185.25,408260444.0,607544934.0,134861973094.0,806.0,0.0,0.0,0.0,0,0,0
JacksonDatabind,53,buglocator,Yes,40.0,0.025,0.025,17.572893142700195,2025-12-17T14:54:56.291520,2025-12-22T16:51:35.010325,,,,,,,,,,0,0,0
JacksonDatabind,53,locus,Yes,140.0,0.007143,0.007143,61.48454189300537,2025-11-22T11:15:48.546599,2025-12-25T12:38:07.219373,,,,,,,,,,0,0,0
JacksonDatabind,54,FlexFL,No,,0.0,0.0,N/A,N/A,N/A,N/A,N/A,N/A,N/A,N/A,N/A,N/A,N/A,N/A,0,0,0
JacksonDatabind,54,boostnsift,Yes,2.0,0.5,0.5,25.981414556503296,2025-11-18T17:17:52.522670,2025-12-22T16:51:35.010325,86.32000000000001,316.17,294510919.25,813485260.0,134861973094.0,806.0,0.0,0.0,0.0,0,1,1
JacksonDatabind,54,buglocator,Yes,1.0,1.0,1.0,17.776026248931885,2025-12-17T14:55:14.067600,2025-12-22T16:51:35.010325,,,,,,,,,,1,1,1
JacksonDatabind,54,locus,Yes,5.0,0.2,0.2,57.782872676849365,2025-11-22T11:16:07.572127,2025-12-25T12:38:07.219373,,,,,,,,,,0,1,1
JacksonDatabind,55,FlexFL,Yes,3.0,0.3333333333333333,0.3333333333333333,N/A,N/A,N/A,N/A,N/A,N/A,N/A,N/A,N/A,N/A,N/A,N/A,0,1,1
JacksonDatabind,55,boostnsift,Yes,70.0,0.014286,0.014286,25.29006838798523,2025-11-18T17:18:12.608345,2025-12-22T16:51:35.010325,62.355,215.07,256940441.25,640050790.0,134861973094.0,806.0,0.0,0.0,0.0,0,0,0
JacksonDatabind,55,buglocator,Yes,16.0,0.0625,0.0625,17.208388566970825,2025-12-17T14:55:31.276043,2025-12-22T16:51:35.010325,,,,,,,,,,0,0,0
JacksonDatabind,55,locus,Yes,38.0,0.026316,0.026316,60.27934765815735,2025-11-22T11:16:48.837170,2025-12-25T12:38:07.219373,,,,,,,,,,0,0,0
JacksonDatabind,56,FlexFL,Yes,2.0,0.5,0.5,N/A,N/A,N/A,N/A,N/A,N/A,N/A,N/A,N/A,N/A,N/A,N/A,0,1,1
JacksonDatabind,56,boostnsift,Yes,42.0,0.02381,0.02381,25.07159924507141,2025-11-18T17:18:32.462246,2025-12-22T16:51:35.010325,63.7625,219.29,444048342.75,721630003.0,134861973094.0,806.0,0.0,0.0,0.0,0,0,0
JacksonDatabind,56,buglocator,Yes,3.0,0.333333,0.333333,18.048007488250732,2025-12-17T14:55:49.324107,2025-12-22T16:51:35.010325,,,,,,,,,,0,1,1
JacksonDatabind,56,locus,Yes,6.0,0.166667,0.166667,59.66507029533386,2025-11-22T11:17:07.240639,2025-12-25T12:38:07.219373,,,,,,,,,,0,0,1
JacksonDatabind,57,FlexFL,Yes,1.0,1.0,1.0,N/A,N/A,N/A,N/A,N/A,N/A,N/A,N/A,N/A,N/A,N/A,N/A,1,1,1
JacksonDatabind,57,boostnsift,Yes,1.0,1.0,1.0,26.878883361816406,2025-11-18T17:18:56.753204,2025-12-22T16:51:35.010325,114.6975,309.83,392686468.5,726034022.0,134861973094.0,806.0,0.0,0.0,0.0,1,1,1
JacksonDatabind,57,buglocator,Yes,1.0,1.0,1.0,21.653594732284542,2025-12-17T14:56:10.977758,2025-12-22T16:51:35.010325,,,,,,,,,,1,1,1
JacksonDatabind,57,locus,Yes,1.0,1.0,1.0,67.07820224761963,2025-11-22T11:17:55.958087,2025-12-25T12:38:07.219373,,,,,,,,,,1,1,1
JacksonDatabind,58,FlexFL,Yes,2.0,0.5,0.5,N/A,N/A,N/A,N/A,N/A,N/A,N/A,N/A,N/A,N/A,N/A,N/A,0,1,1
JacksonDatabind,58,boostnsift,Yes,2.0,0.5,0.5,28.009528636932373,2025-11-18T17:19:20.276068,2025-12-22T16:51:35.010325,37.46,72.22,523312824.0,984508006.0,134861973094.0,586.0,0.0,0.0,0.0,0,1,1
JacksonDatabind,58,buglocator,Yes,1.0,1.0,1.0,22.547861099243164,2025-12-17T14:56:33.525676,2025-12-22T16:51:35.010325,,,,,,,,,,1,1,1
JacksonDatabind,58,locus,Yes,1.0,1.0,1.0,50.2133355140686,2025-11-22T11:17:57.498080,2025-12-25T12:38:07.219373,,,,,,,,,,1,1,1
JacksonDatabind,59,FlexFL,No,,0.0,0.0,N/A,N/A,N/A,N/A,N/A,N/A,N/A,N/A,N/A,N/A,N/A,N/A,0,0,0
JacksonDatabind,59,boostnsift,Yes,50.0,0.02,0.02,28.243736267089844,2025-11-18T17:19:43.316136,2025-12-22T16:51:35.010325,52.06999999999999,197.64,479327158.0,1043962265.0,134861973094.0,806.0,0.0,0.0,0.0,0,0,0
JacksonDatabind,59,buglocator,Yes,29.0,0.034483,0.034483,23.198697566986084,2025-12-17T14:56:56.724429,2025-12-22T16:51:35.010325,,,,,,,,,,0,0,0
JacksonDatabind,59,locus,Yes,192.0,0.005208,0.005208,62.32399821281433,2025-11-22T11:18:58.285985,2025-12-25T12:38:07.219373,,,,,,,,,,0,0,0
JacksonDatabind,60,FlexFL,Yes,1.0,1.0,1.0,N/A,N/A,N/A,N/A,N/A,N/A,N/A,N/A,N/A,N/A,N/A,N/A,1,1,1
JacksonDatabind,60,boostnsift,Yes,90.0,0.011111,0.011111,23.68771982192993,2025-11-18T17:20:17.394349,2025-12-22T16:51:35.010325,64.66,118.02,588726490.0,1024668467.0,134861973094.0,696.0,0.0,0.0,0.0,0,0,0
JacksonDatabind,60,buglocator,Yes,186.0,0.005376,0.005376,18.097387313842773,2025-12-17T14:57:14.821873,2025-12-22T16:51:35.010325,,,,,,,,,,0,0,0
JacksonDatabind,60,locus,Yes,18.0,0.055556,0.055556,59.52869486808777,2025-11-22T11:19:33.247859,2025-12-25T12:38:07.219373,,,,,,,,,,0,0,0
JacksonDatabind,61,FlexFL,No,,0.0,0.0,N/A,N/A,N/A,N/A,N/A,N/A,N/A,N/A,N/A,N/A,N/A,N/A,0,0,0
JacksonDatabind,61,boostnsift,Yes,27.0,0.037037,0.037037,25.703786849975582,2025-11-18T17:20:37.897309,2025-12-22T16:51:35.010325,104.2225,249.35,442491207.5,740294656.0,134861973094.0,806.0,0.0,0.0,0.0,0,0,0
JacksonDatabind,61,buglocator,Yes,5.0,0.2,0.2,16.959875345230103,2025-12-17T14:57:15.379514,2025-12-22T16:51:35.010325,,,,,,,,,,0,1,1
JacksonDatabind,61,locus,Yes,1.0,1.0,1.0,65.66208362579346,2025-11-22T11:20:03.952009,2025-12-25T12:38:07.219373,,,,,,,,,,1,1,1
JacksonDatabind,62,FlexFL,Yes,2.0,0.5,0.5,N/A,N/A,N/A,N/A,N/A,N/A,N/A,N/A,N/A,N/A,N/A,N/A,0,1,1
JacksonDatabind,62,boostnsift,Yes,18.0,0.055556,0.055556,27.845065116882324,2025-11-18T17:21:00.841491,2025-12-22T16:51:35.010325,64.7775,136.48,272026828.5,572732211.0,134861973094.0,696.0,0.0,0.0,0.0,0,0,0
JacksonDatabind,62,buglocator,Yes,2.0,0.5,0.5,20.228099584579468,2025-12-17T14:57:35.050027,2025-12-22T16:51:35.010325,,,,,,,,,,0,1,1
JacksonDatabind,62,locus,Yes,1.0,1.0,1.0,58.94762444496155,2025-11-22T11:20:32.233119,2025-12-25T12:38:07.219373,,,,,,,,,,1,1,1
JacksonDatabind,63,FlexFL,No,,0.0,0.0,N/A,N/A,N/A,N/A,N/A,N/A,N/A,N/A,N/A,N/A,N/A,N/A,0,0,0
JacksonDatabind,63,boostnsift,Yes,8.0,0.125,0.125,28.291144132614136,2025-11-18T17:21:21.532870,2025-12-22T16:51:35.010325,112.7125,417.26,285671423.75,737882931.0,134861973094.0,806.0,0.0,0.0,0.0,0,0,1
JacksonDatabind,63,buglocator,Yes,1.0,1.0,1.0,19.40297555923462,2025-12-17T14:57:34.782543,2025-12-22T16:51:35.010325,,,,,,,,,,1,1,1
JacksonDatabind,63,locus,Yes,6.0,0.166667,0.166667,58.32685208320618,2025-11-22T11:21:02.323187,2025-12-25T12:38:07.219373,,,,,,,,,,0,0,1
JacksonDatabind,64,FlexFL,Yes,1.0,1.0,1.0,N/A,N/A,N/A,N/A,N/A,N/A,N/A,N/A,N/A,N/A,N/A,N/A,1,1,1
JacksonDatabind,64,boostnsift,Yes,8.0,0.125,0.125,25.05170774459839,2025-11-18T17:21:41.385901,2025-12-22T16:51:35.010325,79.50333333333333,124.36,354278877.3333333,548195532.0,134861973094.0,806.0,0.0,0.0,0.0,0,0,1
JacksonDatabind,64,buglocator,Yes,1.0,1.0,1.0,18.45644760131836,2025-12-17T14:57:53.239059,2025-12-22T16:51:35.010325,,,,,,,,,,1,1,1
JacksonDatabind,64,locus,Yes,14.0,0.071429,0.071429,68.1216402053833,2025-11-22T11:21:40.375206,2025-12-25T12:38:07.219373,,,,,,,,,,0,0,0
JacksonDatabind,65,FlexFL,Yes,1.0,1.0,1.0,N/A,N/A,N/A,N/A,N/A,N/A,N/A,N/A,N/A,N/A,N/A,N/A,1,1,1
JacksonDatabind,66,FlexFL,No,,0.0,0.0,N/A,N/A,N/A,N/A,N/A,N/A,N/A,N/A,N/A,N/A,N/A,N/A,0,0,0
JacksonDatabind,66,boostnsift,Yes,94.0,0.010638,0.010638,25.052578926086422,2025-11-18T17:22:01.223347,2025-12-22T16:51:35.010325,53.8625,187.84,223178915.5,517052825.0,134861973094.0,806.0,0.0,0.0,0.0,0,0,0
JacksonDatabind,66,buglocator,Yes,8.0,0.125,0.125,19.535950660705566,2025-12-17T14:57:54.586031,2025-12-22T16:51:35.010325,,,,,,,,,,0,0,1
JacksonDatabind,66,locus,Yes,18.0,0.055556,0.055556,67.69307041168213,2025-11-22T11:22:10.028620,2025-12-25T12:38:07.219373,,,,,,,,,,0,0,0
JacksonDatabind,67,FlexFL,Yes,1.0,1.0,1.0,N/A,N/A,N/A,N/A,N/A,N/A,N/A,N/A,N/A,N/A,N/A,N/A,1,1,1
JacksonDatabind,67,boostnsift,Yes,1.0,1.0,1.0,26.61881995201111,2025-11-18T17:22:22.619321,2025-12-22T16:51:35.010325,70.9975,253.4,225902592.0,512753664.0,134861973094.0,806.0,0.0,0.0,0.0,1,1,1
JacksonDatabind,67,buglocator,Yes,13.0,0.076923,0.076923,24.654721975326535,2025-12-17T14:58:17.893844,2025-12-22T16:51:35.010325,,,,,,,,,,0,0,0
JacksonDatabind,67,locus,Yes,1.0,1.0,1.0,58.736958026885986,2025-11-22T11:22:39.116730,2025-12-25T12:38:07.219373,,,,,,,,,,1,1,1
JacksonDatabind,68,FlexFL,Yes,1.0,1.0,1.0,N/A,N/A,N/A,N/A,N/A,N/A,N/A,N/A,N/A,N/A,N/A,N/A,1,1,1
JacksonDatabind,68,boostnsift,Yes,7.0,0.142857,0.142857,25.515310525894165,2025-11-18T17:22:42.934754,2025-12-22T16:51:35.010325,70.1225,247.71,326592102.25,899153920.0,134861973094.0,806.0,0.0,0.0,0.0,0,0,1
JacksonDatabind,68,buglocator,Yes,4.0,0.25,0.25,23.181047201156616,2025-12-17T14:58:17.767131,2025-12-22T16:51:35.010325,,,,,,,,,,0,1,1
JacksonDatabind,68,locus,Yes,3.0,0.333333,0.333333,51.26507735252381,2025-11-22T11:23:01.297775,2025-12-25T12:38:07.219373,,,,,,,,,,0,1,1
JacksonDatabind,69,FlexFL,No,,0.0,0.0,N/A,N/A,N/A,N/A,N/A,N/A,N/A,N/A,N/A,N/A,N/A,N/A,0,0,0
JacksonDatabind,69,boostnsift,Yes,99.0,0.010101,0.010101,25.715240478515625,2025-11-18T17:23:03.470746,2025-12-22T16:51:35.010325,61.239999999999995,214.94,286442127.0,724880588.0,134861973094.0,806.0,0.0,0.0,0.0,0,0,0
JacksonDatabind,69,buglocator,Yes,112.0,0.008929,0.008929,24.748883724212646,2025-12-17T14:58:42.516070,2025-12-22T16:51:35.010325,,,,,,,,,,0,0,0
JacksonDatabind,69,locus,Yes,159.0,0.006289,0.006289,52.38468813896179,2025-11-22T11:23:31.505654,2025-12-25T12:38:07.219373,,,,,,,,,,0,0,0
JacksonDatabind,70,FlexFL,Yes,3.0,0.3333333333333333,0.3333333333333333,N/A,N/A,N/A,N/A,N/A,N/A,N/A,N/A,N/A,N/A,N/A,N/A,1,1,1
JacksonDatabind,70,boostnsift,Yes,25.0,0.04,0.04,25.30361008644104,2025-11-18T17:23:43.134615,2025-12-22T16:51:35.010325,81.8025,292.59,261239602.75,681888972.0,134861973094.0,806.0,0.0,0.0,0.0,0,0,0
JacksonDatabind,70,buglocator,Yes,1.0,1.0,1.0,15.434223175048828,2025-12-17T14:58:57.459744,2025-12-22T16:51:35.010325,,,,,,,,,,1,1,1
JacksonDatabind,70,locus,Yes,2.0,0.5,0.5,49.24685025215149,2025-11-22T11:24:18.639931,2025-12-25T12:38:07.219373,,,,,,,,,,0,1,1
JacksonDatabind,71,FlexFL,No,,0.0,0.0,N/A,N/A,N/A,N/A,N/A,N/A,N/A,N/A,N/A,N/A,N/A,N/A,0,0,0
JacksonDatabind,71,boostnsift,Yes,47.0,0.021277,0.021277,21.084083557128903,2025-11-18T17:23:59.013140,2025-12-22T16:51:35.010325,73.55999999999999,193.76,463456610.6666667,941726105.0,134861973094.0,806.0,0.0,0.0,0.0,0,0,0
JacksonDatabind,71,buglocator,Yes,8.0,0.125,0.125,13.32596731185913,2025-12-17T14:58:55.842090,2025-12-22T16:51:35.010325,,,,,,,,,,0,0,1
JacksonDatabind,71,locus,Yes,13.0,0.076923,0.076923,53.62360000610352,2025-11-22T11:24:25.142421,2025-12-25T12:38:07.219373,,,,,,,,,,0,0,0
JacksonDatabind,72,FlexFL,No,,0.0,0.0,N/A,N/A,N/A,N/A,N/A,N/A,N/A,N/A,N/A,N/A,N/A,N/A,0,0,0
JacksonDatabind,72,boostnsift,Yes,103.0,0.009709,0.009709,30.930116415023804,2025-11-18T17:24:28.313928,2025-12-22T16:51:35.010325,57.739999999999995,115.39,287312445.0,663538892.0,134861973094.0,696.0,0.0,0.0,0.0,0,0,0
JacksonDatabind,72,buglocator,Yes,76.0,0.013158,0.013158,13.308147192001345,2025-12-17T14:59:09.150290,2025-12-22T16:51:35.010325,,,,,,,,,,0,0,0
JacksonDatabind,72,locus,Yes,195.0,0.005128,0.005128,57.81823658943176,2025-11-22T11:25:16.464344,2025-12-25T12:38:07.219373,,,,,,,,,,0,0,0
JacksonDatabind,73,FlexFL,Yes,4.0,0.25,0.125,N/A,N/A,N/A,N/A,N/A,N/A,N/A,N/A,N/A,N/A,N/A,N/A,0,1,1
JacksonDatabind,73,boostnsift,Yes,4.0,0.25,0.25,23.209429502487183,2025-11-18T17:24:43.777687,2025-12-22T16:51:35.010325,106.6525,405.57,243634011.75,554486988.0,134861973094.0,806.0,0.0,0.0,0.0,0,1,1
JacksonDatabind,73,buglocator,Yes,22.0,0.045455,0.045455,14.779701471328735,2025-12-17T14:59:12.239498,2025-12-22T16:51:35.010325,,,,,,,,,,0,0,0
JacksonDatabind,73,locus,Yes,8.0,0.125,0.125,40.41653561592102,2025-11-22T11:25:05.564394,2025-12-25T12:38:07.219373,,,,,,,,,,0,0,1
JacksonDatabind,74,FlexFL,No,,0.0,0.0,N/A,N/A,N/A,N/A,N/A,N/A,N/A,N/A,N/A,N/A,N/A,N/A,0,0,0
JacksonDatabind,74,boostnsift,Yes,52.0,0.019231,0.019231,24.287805557250977,2025-11-18T17:25:07.710628,2025-12-22T16:51:35.010325,81.11333333333334,132.12,440279585.6666667,763782758.0,134861973094.0,696.0,0.0,0.0,0.0,0,0,0
JacksonDatabind,74,buglocator,Yes,1.0,1.0,1.0,14.234686851501465,2025-12-17T14:59:23.385036,2025-12-22T16:51:35.010325,,,,,,,,,,1,1,1
JacksonDatabind,74,locus,Yes,4.0,0.25,0.25,61.932049036026,2025-11-22T11:26:07.502642,2025-12-25T12:38:07.219373,,,,,,,,,,0,1,1
JacksonDatabind,75,FlexFL,Yes,1.0,1.0,0.3333333333333333,N/A,N/A,N/A,N/A,N/A,N/A,N/A,N/A,N/A,N/A,N/A,N/A,1,1,1
JacksonDatabind,75,boostnsift,Yes,13.0,0.076923,0.076923,33.9692108631134,2025-11-18T17:25:36.675952,2025-12-22T16:51:35.010325,86.705,314.75,327729807.25,891813888.0,134861973094.0,806.0,0.0,0.0,0.0,0,0,0
JacksonDatabind,75,buglocator,Yes,2.0,0.5,0.5,14.71873164176941,2025-12-17T14:59:26.958286,2025-12-22T16:51:35.010325,,,,,,,,,,0,1,1
JacksonDatabind,75,locus,Yes,13.0,0.076923,0.076923,61.85613417625427,2025-11-22T11:26:18.338412,2025-12-25T12:38:07.219373,,,,,,,,,,0,0,0
JacksonDatabind,76,FlexFL,Yes,1.0,1.0,1.0,N/A,N/A,N/A,N/A,N/A,N/A,N/A,N/A,N/A,N/A,N/A,N/A,1,1,1
JacksonDatabind,76,boostnsift,Yes,2.0,0.5,0.5,25.672994136810303,2025-11-18T17:25:57.197144,2025-12-22T16:51:35.010325,121.295,323.67,381686906.25,605867212.0,134861973094.0,806.0,0.0,0.0,,0,1,1
JacksonDatabind,76,buglocator,Yes,6.0,0.166667,0.166667,37.607794523239136,2025-12-17T15:00:00.992885,2025-12-22T16:51:35.010325,,,,,,,,,,0,0,1
JacksonDatabind,76,locus,Yes,7.0,0.142857,0.142857,61.959595918655396,2025-11-22T11:27:09.478038,2025-12-25T12:38:07.219373,,,,,,,,,,0,0,1
JacksonDatabind,77,FlexFL,No,,0.0,0.0,N/A,N/A,N/A,N/A,N/A,N/A,N/A,N/A,N/A,N/A,N/A,N/A,0,0,0
JacksonDatabind,77,boostnsift,Yes,15.0,0.066667,0.066667,25.841580152511597,2025-11-18T17:26:17.335789,2025-12-22T16:51:35.010325,73.1525,222.78,289742520.0,723202867.0,134861973094.0,876.0,0.0,0.0,0.0,0,0,0
JacksonDatabind,77,buglocator,Yes,39.0,0.025641,0.025641,36.11345052719116,2025-12-17T15:00:03.071795,2025-12-22T16:51:35.010325,,,,,,,,,,0,0,0
JacksonDatabind,77,locus,Yes,101.0,0.009901,0.009901,60.20916390419006,2025-11-22T11:27:18.551355,2025-12-25T12:38:07.219373,,,,,,,,,,0,0,0
JacksonDatabind,78,FlexFL,No,,0.0,0.0,N/A,N/A,N/A,N/A,N/A,N/A,N/A,N/A,N/A,N/A,N/A,N/A,0,0,0
JacksonDatabind,78,boostnsift,Yes,18.0,0.055556,0.055556,27.767061948776245,2025-11-18T17:26:39.869696,2025-12-22T16:51:35.010325,61.403333333333336,111.72,355844751.0,564553318.0,134861973094.0,696.0,0.0,0.0,0.0,0,0,0
JacksonDatabind,78,buglocator,Yes,37.0,0.027027,0.027027,45.81285047531128,2025-12-17T15:00:46.805792,2025-12-22T16:51:35.010325,,,,,,,,,,0,0,0
JacksonDatabind,78,locus,Yes,109.0,0.009174,0.009174,64.21663737297058,2025-11-22T11:28:13.705242,2025-12-25T12:38:07.219373,,,,,,,,,,0,0,0
JacksonDatabind,79,FlexFL,Yes,1.0,1.0,1.0,N/A,N/A,N/A,N/A,N/A,N/A,N/A,N/A,N/A,N/A,N/A,N/A,1,1,1
JacksonDatabind,79,boostnsift,Yes,2.0,0.5,0.5,25.20395541191101,2025-11-18T17:26:59.870753,2025-12-22T16:51:35.010325,62.04,217.67,270485421.75,690172723.0,134861973094.0,806.0,0.0,0.0,0.0,0,1,1
JacksonDatabind,79,buglocator,Yes,17.0,0.058824,0.058824,32.719520568847656,2025-12-17T15:00:35.791373,2025-12-22T16:51:35.010325,,,,,,,,,,0,0,0
JacksonDatabind,79,locus,Yes,2.0,0.5,0.5,64.32796454429626,2025-11-22T11:28:22.891892,2025-12-25T12:38:07.219373,,,,,,,,,,0,1,1
JacksonDatabind,80,FlexFL,Yes,1.0,1.0,1.0,N/A,N/A,N/A,N/A,N/A,N/A,N/A,N/A,N/A,N/A,N/A,N/A,1,1,1
JacksonDatabind,80,boostnsift,Yes,3.0,0.333333,0.333333,26.57569909095764,2025-11-18T17:27:41.023336,2025-12-22T16:51:35.010325,92.24,329.99,437977087.5,700868198.0,134861973094.0,806.0,0.0,0.0,0.0,0,1,1
JacksonDatabind,80,buglocator,Yes,158.0,0.006329,0.006329,36.73817801475525,2025-12-17T15:01:23.544029,2025-12-22T16:51:35.010325,,,,,,,,,,0,0,0
JacksonDatabind,80,locus,Yes,334.0,0.002994,0.002994,71.50848340988159,2025-11-22T11:29:34.420441,2025-12-25T12:38:07.219373,,,,,,,,,,0,0,0
JacksonDatabind,81,FlexFL,Yes,1.0,1.0,1.0,N/A,N/A,N/A,N/A,N/A,N/A,N/A,N/A,N/A,N/A,N/A,N/A,1,1,1
JacksonDatabind,81,boostnsift,Yes,1.0,1.0,1.0,33.58560752868652,2025-11-18T17:28:12.984953,2025-12-22T16:51:35.010325,127.2525,270.79,564679147.0,926416896.0,134861973094.0,766.0,0.0,0.0,0.0,1,1,1
JacksonDatabind,81,buglocator,Yes,13.0,0.076923,0.076923,38.19266223907471,2025-12-17T15:01:47.963421,2025-12-22T16:51:35.010325,,,,,,,,,,0,0,0
JacksonDatabind,81,locus,Yes,31.0,0.032258,0.032258,65.99065589904785,2025-11-22T11:29:53.361847,2025-12-25T12:38:07.219373,,,,,,,,,,0,0,0
JacksonDatabind,82,FlexFL,Yes,1.0,1.0,1.0,N/A,N/A,N/A,N/A,N/A,N/A,N/A,N/A,N/A,N/A,N/A,N/A,1,1,1
JacksonDatabind,82,boostnsift,Yes,3.0,0.333333,0.333333,24.56911563873291,2025-11-18T17:28:29.789512,2025-12-22T16:51:35.010325,72.595,264.44,226395422.5,521351987.0,134861973094.0,806.0,0.0,0.0,0.0,0,1,1
JacksonDatabind,82,buglocator,Yes,128.0,0.007812,0.007812,44.16136646270752,2025-12-17T15:02:07.705449,2025-12-22T16:51:35.010325,,,,,,,,,,0,0,0
JacksonDatabind,82,locus,Yes,56.0,0.017857,0.017857,67.98229455947876,2025-11-22T11:30:42.407939,2025-12-25T12:38:07.219373,,,,,,,,,,0,0,0
JacksonDatabind,83,FlexFL,Yes,1.0,1.0,1.0,N/A,N/A,N/A,N/A,N/A,N/A,N/A,N/A,N/A,N/A,N/A,N/A,1,1,1
JacksonDatabind,83,boostnsift,Yes,15.0,0.066667,0.066667,24.85306978225708,2025-11-18T17:28:52.608205,2025-12-22T16:51:35.010325,88.425,116.67,411361607.25,623063859.0,134861973094.0,696.0,0.0,0.0,0.0,0,0,0
JacksonDatabind,83,buglocator,Yes,15.0,0.066667,0.066667,36.613131284713745,2025-12-17T15:02:24.576606,2025-12-22T16:51:35.010325,,,,,,,,,,0,0,0
JacksonDatabind,83,locus,Yes,1.0,1.0,1.0,73.14259839057922,2025-11-22T11:31:06.515186,2025-12-25T12:38:07.219373,,,,,,,,,,1,1,1
JacksonDatabind,84,FlexFL,No,,0.0,0.0,N/A,N/A,N/A,N/A,N/A,N/A,N/A,N/A,N/A,N/A,N/A,N/A,0,0,0
JacksonDatabind,84,boostnsift,Yes,216.0,0.00463,0.00463,27.242043256759644,2025-11-18T17:29:12.222127,2025-12-22T16:51:35.010325,80.97749999999999,292.64,241078107.75,550082969.0,134861973094.0,806.0,0.0,0.0,0.0,0,0,0
JacksonDatabind,84,buglocator,Yes,24.0,0.041667,0.041667,29.775205850601196,2025-12-17T15:02:37.480713,2025-12-22T16:51:35.010325,,,,,,,,,,0,0,0
JacksonDatabind,84,locus,Yes,18.0,0.055556,0.055556,71.06677460670471,2025-11-22T11:31:53.480721,2025-12-25T12:38:07.219373,,,,,,,,,,0,0,0
JacksonDatabind,85,FlexFL,Yes,1.0,1.0,1.0,N/A,N/A,N/A,N/A,N/A,N/A,N/A,N/A,N/A,N/A,N/A,N/A,1,1,1
JacksonDatabind,85,boostnsift,Yes,2.0,0.5,0.5,26.40292263031006,2025-11-18T17:29:33.315003,2025-12-22T16:51:35.010325,113.8675,395.8,384546897.5,613102387.0,134861973094.0,806.0,0.0,0.0,,0,1,1
JacksonDatabind,85,buglocator,Yes,3.0,0.333333,0.333333,40.66141724586487,2025-12-17T15:03:05.238078,2025-12-22T16:51:35.010325,,,,,,,,,,0,1,1
JacksonDatabind,85,locus,Yes,3.0,0.333333,0.333333,73.9713716506958,2025-11-22T11:32:20.508082,2025-12-25T12:38:07.219373,,,,,,,,,,0,1,1
JacksonDatabind,86,FlexFL,No,,0.0,0.0,N/A,N/A,N/A,N/A,N/A,N/A,N/A,N/A,N/A,N/A,N/A,N/A,0,0,0
JacksonDatabind,86,boostnsift,Yes,216.0,0.00463,0.00463,24.899786949157715,2025-11-18T17:29:53.527528,2025-12-22T16:51:35.010325,126.2225,370.42,409206783.5,652843417.0,134861973094.0,806.0,0.0,0.0,,0,0,0
JacksonDatabind,86,buglocator,Yes,24.0,0.041667,0.041667,33.66139268875122,2025-12-17T15:03:11.142159,2025-12-22T16:51:35.010325,,,,,,,,,,0,0,0
JacksonDatabind,86,locus,Yes,18.0,0.055556,0.055556,69.54495739936829,2025-11-22T11:33:03.033990,2025-12-25T12:38:07.219373,,,,,,,,,,0,0,0
JacksonDatabind,87,FlexFL,Yes,1.0,1.0,1.0,N/A,N/A,N/A,N/A,N/A,N/A,N/A,N/A,N/A,N/A,N/A,N/A,1,1,1
JacksonDatabind,87,boostnsift,Yes,5.0,0.2,0.2,25.89831852912903,2025-11-18T17:30:13.713826,2025-12-22T16:51:35.010325,75.845,271.53,289480375.75,750360985.0,134861973094.0,806.0,0.0,0.0,0.0,0,1,1
JacksonDatabind,87,buglocator,Yes,1.0,1.0,1.0,44.65011692047119,2025-12-17T15:03:49.888249,2025-12-22T16:51:35.010325,,,,,,,,,,1,1,1
JacksonDatabind,87,locus,Yes,1.0,1.0,1.0,73.27386450767517,2025-11-22T11:33:33.787508,2025-12-25T12:38:07.219373,,,,,,,,,,1,1,1
JacksonDatabind,88,FlexFL,No,,0.0,0.0,N/A,N/A,N/A,N/A,N/A,N/A,N/A,N/A,N/A,N/A,N/A,N/A,0,0,0
JacksonDatabind,88,boostnsift,Yes,11.0,0.090909,0.090909,24.931983709335327,2025-11-18T17:30:33.451788,2025-12-22T16:51:35.010325,72.54,264.2,237339934.25,554486988.0,134861973094.0,806.0,0.0,0.0,0.0,0,0,0
JacksonDatabind,88,buglocator,Yes,312.0,0.003205,0.003205,41.160973072052,2025-12-17T15:03:52.303195,2025-12-22T16:51:35.010325,,,,,,,,,,0,0,0
JacksonDatabind,88,locus,Yes,162.0,0.006173,0.006173,75.68817281723022,2025-11-22T11:34:18.727892,2025-12-25T12:38:07.219373,,,,,,,,,,0,0,0
JacksonDatabind,89,FlexFL,No,,0.0,0.0,N/A,N/A,N/A,N/A,N/A,N/A,N/A,N/A,N/A,N/A,N/A,N/A,0,0,0
JacksonDatabind,90,FlexFL,Yes,1.0,1.0,1.0,N/A,N/A,N/A,N/A,N/A,N/A,N/A,N/A,N/A,N/A,N/A,N/A,1,1,1
JacksonDatabind,90,boostnsift,Yes,67.0,0.014925,0.014925,36.415321350097656,2025-11-18T17:31:20.539799,2025-12-22T16:51:35.010325,122.65749999999998,358.01,569185402.5,992057753.0,134861973094.0,806.0,0.0,0.0,0.0,0,0,0
JacksonDatabind,90,buglocator,Yes,17.0,0.058824,0.058824,40.8779673576355,2025-12-17T15:04:33.181220,2025-12-22T16:51:35.010325,,,,,,,,,,0,0,0
JacksonDatabind,90,locus,Yes,4.0,0.25,0.25,77.63004493713379,2025-11-22T11:35:30.344481,2025-12-25T12:38:07.219373,,,,,,,,,,0,1,1
JacksonDatabind,91,FlexFL,No,,0.0,0.0,N/A,N/A,N/A,N/A,N/A,N/A,N/A,N/A,N/A,N/A,N/A,N/A,0,0,0
JacksonDatabind,91,boostnsift,Yes,50.0,0.02,0.02,32.114436864852905,2025-11-18T17:31:43.734541,2025-12-22T16:51:35.010325,68.495,144.25,254809210.5,545574092.0,134861973094.0,696.0,0.0,0.0,0.0,0,0,0
JacksonDatabind,91,buglocator,Yes,146.0,0.006849,0.006849,47.552433252334595,2025-12-17T15:05:09.406448,2025-12-22T16:51:35.010325,,,,,,,,,,0,0,0
JacksonDatabind,91,locus,Yes,112.0,0.008929,0.008929,80.56004810333252,2025-11-22T11:35:39.294791,2025-12-25T12:38:07.219373,,,,,,,,,,0,0,0
JacksonDatabind,92,FlexFL,No,,0.0,0.0,N/A,N/A,N/A,N/A,N/A,N/A,N/A,N/A,N/A,N/A,N/A,N/A,0,0,0
JacksonDatabind,92,boostnsift,Yes,6.0,0.166667,0.166667,25.07827615737915,2025-11-18T17:32:01.113257,2025-12-22T16:51:35.010325,78.335,276.74,266375004.0,656932864.0,134861973094.0,806.0,0.0,0.0,0.0,0,0,1
JacksonDatabind,92,buglocator,Yes,20.0,0.05,0.05,34.18465566635132,2025-12-17T15:05:07.365930,2025-12-22T16:51:35.010325,,,,,,,,,,0,0,0
JacksonDatabind,92,locus,Yes,32.0,0.03125,0.03125,77.90119671821594,2025-11-22T11:36:48.251987,2025-12-25T12:38:07.219373,,,,,,,,,,0,0,0
JacksonDatabind,93,FlexFL,Yes,1.0,1.0,1.0,N/A,N/A,N/A,N/A,N/A,N/A,N/A,N/A,N/A,N/A,N/A,N/A,1,1,1
JacksonDatabind,93,boostnsift,Yes,35.0,0.028571,0.028571,23.861189365386963,2025-11-18T17:32:23.308805,2025-12-22T16:51:35.010325,112.84,313.69,559024700.75,993945190.0,134861973094.0,806.0,0.0,0.0,0.0,0,0,0
JacksonDatabind,93,buglocator,Yes,2.0,0.5,0.5,37.288891077041626,2025-12-17T15:05:44.654875,2025-12-22T16:51:35.010325,,,,,,,,,,0,1,1
JacksonDatabind,93,locus,Yes,3.0,0.333333,0.333333,82.18665385246277,2025-11-22T11:37:01.491855,2025-12-25T12:38:07.219373,,,,,,,,,,0,1,1
JacksonDatabind,94,FlexFL,No,,0.0,0.0,N/A,N/A,N/A,N/A,N/A,N/A,N/A,N/A,N/A,N/A,N/A,N/A,0,0,0
JacksonDatabind,94,boostnsift,Yes,5.0,0.2,0.2,27.61195206642151,2025-11-18T17:32:45.708111,2025-12-22T16:51:35.010325,80.57249999999999,287.11,276661534.5,676750950.0,134861973094.0,806.0,0.0,0.0,0.0,0,1,1
JacksonDatabind,94,buglocator,Yes,30.0,0.033333,0.033333,34.338335275650024,2025-12-17T15:05:43.744839,2025-12-22T16:51:35.010325,,,,,,,,,,0,0,0
JacksonDatabind,94,locus,Yes,113.0,0.00885,0.00885,78.57126760482788,2025-11-22T11:38:06.831360,2025-12-25T12:38:07.219373,,,,,,,,,,0,0,0
JacksonDatabind,95,FlexFL,Yes,1.0,1.0,1.0,N/A,N/A,N/A,N/A,N/A,N/A,N/A,N/A,N/A,N/A,N/A,N/A,1,1,1
JacksonDatabind,95,boostnsift,Yes,4.0,0.25,0.25,29.054145336151123,2025-11-18T17:33:09.516782,2025-12-22T16:51:35.010325,105.1825,287.11,549134007.75,982830284.0,134861973094.0,806.0,0.0,0.0,0.0,0,1,1
JacksonDatabind,95,buglocator,Yes,1.0,1.0,1.0,38.19029688835144,2025-12-17T15:06:21.935189,2025-12-22T16:51:35.010325,,,,,,,,,,1,1,1
JacksonDatabind,95,locus,Yes,2.0,0.5,0.5,82.56526494026184,2025-11-22T11:38:24.091023,2025-12-25T12:38:07.219373,,,,,,,,,,0,1,1
JacksonDatabind,96,FlexFL,No,,0.0,0.0,N/A,N/A,N/A,N/A,N/A,N/A,N/A,N/A,N/A,N/A,N/A,N/A,0,0,0
JacksonDatabind,96,boostnsift,Yes,2.0,0.5,0.5,26.536696672439575,2025-11-18T17:33:30.297001,2025-12-22T16:51:35.010325,106.1925,285.75,445254205.0,732954624.0,134861973094.0,806.0,0.0,0.0,0.0,0,1,1
JacksonDatabind,96,buglocator,Yes,15.0,0.066667,0.066667,38.6369514465332,2025-12-17T15:06:23.291880,2025-12-22T16:51:35.010325,,,,,,,,,,0,0,0
JacksonDatabind,96,locus,Yes,27.0,0.037037,0.037037,82.21787357330322,2025-11-22T11:39:29.071088,2025-12-25T12:38:07.219373,,,,,,,,,,0,0,0
JacksonDatabind,97,FlexFL,No,,0.0,0.0,N/A,N/A,N/A,N/A,N/A,N/A,N/A,N/A,N/A,N/A,N/A,N/A,0,0,0
JacksonDatabind,97,boostnsift,Yes,83.0,0.012048,0.012048,31.132294178009033,2025-11-18T17:33:56.275212,2025-12-22T16:51:35.010325,81.97400000000002,356.05,339818315.2,732744908.0,134861973094.0,806.0,0.0,0.0,0.0,0,0,0
JacksonDatabind,97,buglocator,Yes,51.0,0.019608,0.019608,38.17408299446106,2025-12-17T15:07:00.109329,2025-12-22T16:51:35.010325,,,,,,,,,,0,0,0
JacksonDatabind,97,locus,Yes,53.0,0.018868,0.018868,82.13708186149597,2025-11-22T11:39:46.241187,2025-12-25T12:38:07.219373,,,,,,,,,,0,0,0
JacksonDatabind,98,FlexFL,No,,0.0,0.0,N/A,N/A,N/A,N/A,N/A,N/A,N/A,N/A,N/A,N/A,N/A,N/A,0,0,0
JacksonDatabind,98,boostnsift,Yes,54.0,0.018519,0.018519,29.363694429397583,2025-11-18T17:34:16.909892,2025-12-22T16:51:35.010325,93.31,246.06,640140967.5,1128502657.0,134861973094.0,876.0,0.0,0.0,0.0,0,0,0
JacksonDatabind,98,buglocator,Yes,3.0,0.333333,0.333333,37.23387575149536,2025-12-17T15:07:00.525813,2025-12-22T16:51:35.010325,,,,,,,,,,0,1,1
JacksonDatabind,98,locus,Yes,5.0,0.2,0.2,61.79580593109131,2025-11-22T11:40:30.876722,2025-12-25T12:38:07.219373,,,,,,,,,,0,1,1
JacksonDatabind,99,FlexFL,Yes,2.0,0.5,0.5,N/A,N/A,N/A,N/A,N/A,N/A,N/A,N/A,N/A,N/A,N/A,N/A,0,1,1
JacksonDatabind,99,boostnsift,Yes,9.0,0.111111,0.111111,26.820823192596436,2025-11-18T17:34:38.515944,2025-12-22T16:51:35.010325,71.7775,254.95,224874987.25,521247129.0,134861973094.0,806.0,0.0,0.0,0.0,0,0,1
JacksonDatabind,99,buglocator,Yes,1.0,1.0,1.0,30.992140293121334,2025-12-17T15:07:31.101525,2025-12-22T16:51:35.010325,,,,,,,,,,1,1,1
JacksonDatabind,99,locus,Yes,6.0,0.166667,0.166667,85.8852891921997,2025-11-22T11:41:12.132769,2025-12-25T12:38:07.219373,,,,,,,,,,0,0,1
JacksonDatabind,100,FlexFL,Yes,1.0,1.0,1.0,N/A,N/A,N/A,N/A,N/A,N/A,N/A,N/A,N/A,N/A,N/A,N/A,1,1,1
JacksonDatabind,100,boostnsift,Yes,1.0,1.0,1.0,33.44644832611084,2025-11-18T16:54:00.488195,2025-12-22T16:51:35.010325,36.2975,72.52,307979878.25,720896000.0,134861973094.0,696.0,0.0,0.0,0.0,1,1,1
JacksonDatabind,100,buglocator,Yes,3.0,0.333333,0.333333,58.98557758331299,2025-12-17T14:35:48.092114,2025-12-22T16:51:35.010325,,,,,,,,,,0,1,1
JacksonDatabind,100,locus,Yes,2.0,0.5,0.5,88.38175630569458,2025-11-22T10:48:43.796115,2025-12-25T12:38:07.219373,,,,,,,,,,0,1,1
JacksonDatabind,101,FlexFL,Yes,1.0,1.0,1.0,N/A,N/A,N/A,N/A,N/A,N/A,N/A,N/A,N/A,N/A,N/A,N/A,1,1,1
JacksonDatabind,101,boostnsift,Yes,1.0,1.0,1.0,27.207857847213745,2025-11-18T16:54:18.962710,2025-12-22T16:51:35.010325,91.8275,331.68,243453132.5,620022988.0,134861973094.0,806.0,0.0,0.0,0.0,1,1,1
JacksonDatabind,101,buglocator,Yes,16.0,0.0625,0.0625,58.47187542915344,2025-12-17T14:35:54.190701,2025-12-22T16:51:35.010325,,,,,,,,,,0,0,0
JacksonDatabind,101,locus,Yes,2.0,0.5,0.5,88.94530153274536,2025-11-22T10:49:01.414635,2025-12-25T12:38:07.219373,,,,,,,,,,0,1,1
JacksonDatabind,102,FlexFL,Yes,1.0,1.0,1.0,N/A,N/A,N/A,N/A,N/A,N/A,N/A,N/A,N/A,N/A,N/A,N/A,1,1,1
JacksonDatabind,102,boostnsift,Yes,5.0,0.2,0.2,28.527402877807617,2025-11-18T16:54:46.405553,2025-12-22T16:51:35.010325,86.095,231.81,422924779.25,710200524.0,134861973094.0,696.0,0.0,0.0,0.0,0,1,1
JacksonDatabind,102,buglocator,Yes,7.0,0.142857,0.142857,45.993390798568726,2025-12-17T14:36:34.085561,2025-12-22T16:51:35.010325,,,,,,,,,,0,0,1
JacksonDatabind,102,locus,Yes,2.0,0.5,0.5,88.88581800460815,2025-11-22T10:50:12.685393,2025-12-25T12:38:07.219373,,,,,,,,,,0,1,1
JacksonDatabind,103,FlexFL,Yes,1.0,1.0,1.0,N/A,N/A,N/A,N/A,N/A,N/A,N/A,N/A,N/A,N/A,N/A,N/A,1,1,1
JacksonDatabind,103,boostnsift,Yes,49.0,0.020408,0.020408,25.94736909866333,2025-11-18T16:55:05.972340,2025-12-22T16:51:35.010325,94.9575,239.0,723221741.0,1274531545.0,134861973094.0,806.0,0.0,0.0,0.0,0,0,0
JacksonDatabind,103,buglocator,Yes,51.0,0.019608,0.019608,49.67809009552002,2025-12-17T14:36:43.868842,2025-12-22T16:51:35.010325,,,,,,,,,,0,0,0
JacksonDatabind,103,locus,Yes,23.0,0.043478,0.043478,90.5143883228302,2025-11-22T10:50:31.940566,2025-12-25T12:38:07.219373,,,,,,,,,,0,0,0
JacksonDatabind,104,FlexFL,Yes,1.0,1.0,1.0,N/A,N/A,N/A,N/A,N/A,N/A,N/A,N/A,N/A,N/A,N/A,N/A,1,1,1
JacksonDatabind,104,boostnsift,Yes,1.0,1.0,1.0,29.224272966384888,2025-11-18T16:55:30.984435,2025-12-22T16:51:35.010325,112.9,492.81,386857434.8,904396800.0,134861973094.0,806.0,0.0,0.0,0.0,1,1,1
JacksonDatabind,104,buglocator,Yes,1.0,1.0,1.0,43.535571575164795,2025-12-17T14:37:17.621186,2025-12-22T16:51:35.010325,,,,,,,,,,1,1,1
JacksonDatabind,104,locus,Yes,1.0,1.0,1.0,103.96609473228456,2025-11-22T10:51:56.655346,2025-12-25T12:38:07.219373,,,,,,,,,,1,1,1
JacksonDatabind,105,FlexFL,No,,0.0,0.0,N/A,N/A,N/A,N/A,N/A,N/A,N/A,N/A,N/A,N/A,N/A,N/A,0,0,0
JacksonDatabind,105,boostnsift,Yes,344.0,0.002907,0.002907,32.98651623725891,2025-11-18T16:55:55.290973,2025-12-22T16:51:35.010325,38.8225,77.07,280863702.75,663958323.0,134861973094.0,696.0,0.0,0.0,0.0,0,0,0
JacksonDatabind,105,buglocator,Yes,734.0,0.001362,0.001362,43.17016887664795,2025-12-17T14:37:27.039066,2025-12-22T16:51:35.010325,,,,,,,,,,0,0,0
JacksonDatabind,105,locus,Yes,217.0,0.004608,0.004608,90.94789266586304,2025-11-22T10:52:02.892380,2025-12-25T12:38:07.219373,,,,,,,,,,0,0,0
JacksonDatabind,106,FlexFL,Yes,1.0,1.0,0.5,N/A,N/A,N/A,N/A,N/A,N/A,N/A,N/A,N/A,N/A,N/A,N/A,1,1,1
JacksonDatabind,106,boostnsift,Yes,203.0,0.004926,0.004926,28.45081686973572,2025-11-18T16:56:14.938419,2025-12-22T16:51:35.010325,98.71,350.28,450830007.75,769969356.0,134861973094.0,806.0,0.0,0.0,0.0,0,0,0
JacksonDatabind,106,buglocator,Yes,12.0,0.083333,0.083333,45.14934802055359,2025-12-17T14:38:02.770598,2025-12-22T16:51:35.010325,,,,,,,,,,0,0,0
JacksonDatabind,106,locus,Yes,16.0,0.0625,0.0625,89.50365924835205,2025-11-22T10:53:26.170727,2025-12-25T12:38:07.219373,,,,,,,,,,0,0,0
JacksonDatabind,107,FlexFL,Yes,1.0,1.0,1.0,N/A,N/A,N/A,N/A,N/A,N/A,N/A,N/A,N/A,N/A,N/A,N/A,1,1,1
JacksonDatabind,107,boostnsift,Yes,2.0,0.5,0.5,29.827341318130493,2025-11-18T16:56:40.422338,2025-12-22T16:51:35.010325,100.91,355.6,285317948.6,638792499.0,134861973094.0,876.0,0.0,0.0,0.0,0,1,1
JacksonDatabind,107,buglocator,Yes,52.0,0.019231,0.019231,45.40857982635498,2025-12-17T14:38:12.447699,2025-12-22T16:51:35.010325,,,,,,,,,,0,0,0
JacksonDatabind,107,locus,Yes,2.0,0.5,0.5,97.04351472854614,2025-11-22T10:53:39.999348,2025-12-25T12:38:07.219373,,,,,,,,,,0,1,1
JacksonDatabind,108,FlexFL,Yes,2.0,0.5,0.5,N/A,N/A,N/A,N/A,N/A,N/A,N/A,N/A,N/A,N/A,N/A,N/A,1,1,1
JacksonDatabind,108,boostnsift,Yes,2.0,0.5,0.5,34.67181038856506,2025-11-18T16:57:05.672125,2025-12-22T16:51:35.010325,78.30999999999999,258.77,476878523.0,1080184274.0,134861973094.0,806.0,0.0,0.0,0.0,0,1,1
JacksonDatabind,108,buglocator,Yes,2.0,0.5,0.5,54.823028802871704,2025-12-17T14:38:57.593684,2025-12-22T16:51:35.010325,,,,,,,,,,0,1,1
JacksonDatabind,108,locus,No,,0.0,0.0,91.99431729316711,2025-11-22T10:54:58.169223,2025-12-25T12:38:07.219373,,,,,,,,,,0,0,0
JacksonDatabind,109,FlexFL,Yes,2.0,0.5,0.5,N/A,N/A,N/A,N/A,N/A,N/A,N/A,N/A,N/A,N/A,N/A,N/A,0,1,1
JacksonDatabind,109,boostnsift,Yes,341.0,0.002933,0.002933,28.238516569137573,2025-11-18T16:57:25.150700,2025-12-22T16:51:35.010325,53.712500000000006,183.21,269672775.5,666265190.0,134861973094.0,806.0,0.0,0.0,0.0,0,0,0
JacksonDatabind,109,buglocator,Yes,73.0,0.013699,0.013699,56.19990062713623,2025-12-17T14:39:08.647654,2025-12-22T16:51:35.010325,,,,,,,,,,0,0,0
JacksonDatabind,109,locus,Yes,4.0,0.25,0.25,94.80215573310852,2025-11-22T10:55:14.804766,2025-12-25T12:38:07.219373,,,,,,,,,,0,1,1
JacksonDatabind,110,FlexFL,Yes,1.0,1.0,1.0,N/A,N/A,N/A,N/A,N/A,N/A,N/A,N/A,N/A,N/A,N/A,N/A,1,1,1
JacksonDatabind,110,boostnsift,Yes,1.0,1.0,1.0,28.27949619293213,2025-11-18T16:58:08.477620,2025-12-22T16:51:35.010325,97.07500000000002,238.36,437922037.25,743440384.0,134861973094.0,806.0,0.0,0.0,0.0,1,1,1
JacksonDatabind,110,buglocator,Yes,4.0,0.25,0.25,52.23045229911804,2025-12-17T14:40:00.878160,2025-12-22T16:51:35.010325,,,,,,,,,,0,1,1
JacksonDatabind,110,locus,Yes,4.0,0.25,0.25,94.57449960708618,2025-11-22T10:56:49.383127,2025-12-25T12:38:07.219373,,,,,,,,,,0,1,1
JacksonDatabind,111,FlexFL,Yes,1.0,1.0,0.1428571428571428,N/A,N/A,N/A,N/A,N/A,N/A,N/A,N/A,N/A,N/A,N/A,N/A,1,1,1
JacksonDatabind,111,boostnsift,Yes,41.0,0.02439,0.02439,31.95237398147583,2025-11-18T16:58:35.217601,2025-12-22T16:51:35.010325,93.52,392.64,383963365.0,926207180.0,134861973094.0,806.0,0.0,0.0,0.0,0,0,0
JacksonDatabind,111,buglocator,Yes,46.0,0.021739,0.021739,42.9989116191864,2025-12-17T14:40:14.146273,2025-12-22T16:51:35.010325,,,,,,,,,,0,0,0
JacksonDatabind,111,locus,Yes,429.0,0.002331,0.002331,97.49791646003725,2025-11-22T10:57:17.133533,2025-12-25T12:38:07.219373,,,,,,,,,,0,0,0
JacksonDatabind,112,FlexFL,Yes,1.0,1.0,1.0,N/A,N/A,N/A,N/A,N/A,N/A,N/A,N/A,N/A,N/A,N/A,N/A,1,1,1
JacksonDatabind,112,boostnsift,Yes,3.0,0.333333,0.333333,30.29442763328552,2025-11-18T16:58:56.080779,2025-12-22T16:51:35.010325,79.6925,198.43,587186831.0,986080870.0,134861973094.0,806.0,0.0,0.0,0.0,0,1,1
JacksonDatabind,112,buglocator,Yes,1.0,1.0,1.0,40.30052876472473,2025-12-17T14:40:41.178739,2025-12-22T16:51:35.010325,,,,,,,,,,1,1,1
JacksonDatabind,112,locus,Yes,1.0,1.0,1.0,87.59996795654297,2025-11-22T10:58:16.993538,2025-12-25T12:38:07.219373,,,,,,,,,,1,1,1
JacksonXml,1,FlexFL,Yes,2.0,0.5,0.5,N/A,N/A,N/A,N/A,N/A,N/A,N/A,N/A,N/A,N/A,N/A,N/A,1,1,1
JacksonXml,1,boostnsift,Yes,2.0,0.5,0.5,10.222277879714966,2025-11-18T17:34:49.307545,2025-12-22T16:51:35.686175,0.06,0.12,11696865.0,23393730.0,134861973094.0,376.0,0.0,0.0,0.0,0,1,1
JacksonXml,1,buglocator,Yes,10.0,0.1,0.1,7.22846531867981,2025-11-18T17:34:46.766513,2025-12-22T16:51:35.686175,0.0,0.0,0.0,0.0,0.0,0.0,0.0,0.0,0.0,0,0,1
JacksonXml,1,locus,No,,0.0,0.0,13.55917239189148,2025-11-22T11:41:26.182674,2025-12-22T16:51:35.686175,,,,,,,,,,0,0,0
JacksonXml,2,FlexFL,Yes,1.0,1.0,1.0,N/A,N/A,N/A,N/A,N/A,N/A,N/A,N/A,N/A,N/A,N/A,N/A,1,1,1
JacksonXml,2,boostnsift,Yes,5.0,0.2,0.2,10.456786155700684,2025-11-18T17:34:57.574061,2025-12-22T16:51:35.686175,51.565000000000005,102.04,175117434.0,327470284.0,134861973094.0,736.0,0.0,0.0,,0,1,1
JacksonXml,2,buglocator,Yes,9.0,0.111111,0.111111,5.350512504577637,2025-11-18T17:34:54.661182,2025-12-22T16:51:35.686175,505.08,505.08,282800947.0,282800947.0,134861973094.0,266.0,0.0,0.0,0.0,0,0,1
JacksonXml,2,locus,No,,0.0,0.0,12.589030504226685,2025-11-22T11:41:25.215171,2025-12-22T16:51:35.686175,,,,,,,,,,0,0,0
JacksonXml,3,FlexFL,Yes,1.0,1.0,1.0,N/A,N/A,N/A,N/A,N/A,N/A,N/A,N/A,N/A,N/A,N/A,N/A,1,1,1
JacksonXml,3,boostnsift,Yes,1.0,1.0,1.0,10.141040325164797,2025-11-18T17:35:05.137146,2025-12-22T16:51:35.686175,1.0,2.0,11481907.0,22963814.0,134861973094.0,486.0,0.0,0.0,0.0,1,1,1
JacksonXml,3,buglocator,Yes,1.0,1.0,1.0,5.553895711898804,2025-11-18T17:35:03.131269,2025-12-22T16:51:35.686175,455.42,455.42,293391564.0,293391564.0,134861973094.0,266.0,0.0,0.0,0.0,1,1,1
JacksonXml,3,locus,No,,0.0,0.0,12.25068497657776,2025-11-22T11:41:37.471844,2025-12-22T16:51:35.686175,,,,,,,,,,0,0,0
JacksonXml,4,FlexFL,Yes,1.0,1.0,1.0,N/A,N/A,N/A,N/A,N/A,N/A,N/A,N/A,N/A,N/A,N/A,N/A,1,1,1
JacksonXml,4,boostnsift,Yes,1.0,1.0,1.0,10.174134016036987,2025-11-18T17:35:13.681108,2025-12-22T16:51:35.686175,1.165,2.33,11392778.0,22785556.0,134861973094.0,486.0,0.0,0.0,0.0,1,1,1
JacksonXml,4,buglocator,Yes,1.0,1.0,1.0,5.9921393394470215,2025-11-18T17:35:11.132722,2025-12-22T16:51:35.686175,0.0,0.0,0.0,0.0,0.0,0.0,0.0,0.0,0.0,1,1,1
JacksonXml,4,locus,No,,0.0,0.0,13.471115350723268,2025-11-22T11:41:39.660144,2025-12-22T16:51:35.686175,,,,,,,,,,0,0,0
JacksonXml,5,FlexFL,No,,0.0,0.0,N/A,N/A,N/A,N/A,N/A,N/A,N/A,N/A,N/A,N/A,N/A,N/A,0,0,0
JacksonXml,5,boostnsift,Yes,12.0,0.083333,0.083333,42.42857503890991,2025-11-18T17:35:53.927723,2025-12-22T16:51:35.686175,52.505,83.53,175557836.5,318976819.0,134861973094.0,696.0,0.0,0.0,0.0,0,0,0
JacksonXml,5,buglocator,Yes,47.0,0.021277,0.021277,38.224639654159546,2025-11-18T17:35:51.908895,2025-12-22T16:51:35.686175,14.755,29.51,19980615.5,39961231.0,134861973094.0,486.0,0.0,0.0,0.0,0,0,0
JacksonXml,5,locus,No,,0.0,0.0,17.31540012359619,2025-11-22T11:41:54.798522,2025-12-22T16:51:35.686175,,,,,,,,,,0,0,0
JacksonXml,6,FlexFL,No,,0.0,0.0,N/A,N/A,N/A,N/A,N/A,N/A,N/A,N/A,N/A,N/A,N/A,N/A,0,0,0
JacksonXml,6,boostnsift,Yes,1.0,1.0,1.0,41.947805643081665,2025-11-18T17:36:35.333066,2025-12-22T16:51:35.686175,116.34333333333332,308.58,197548222.66666663,314887372.0,134861973094.0,806.0,0.0,0.0,0.0,1,1,1
JacksonXml,6,buglocator,Yes,1.0,1.0,1.0,35.28743529319763,2025-11-18T17:36:29.218578,2025-12-22T16:51:35.686175,2.04,2.04,40317747.0,40317747.0,134861973094.0,626.0,0.0,0.0,0.0,1,1,1
JacksonXml,6,locus,No,,0.0,0.0,17.095025777816772,2025-11-22T11:41:56.765551,2025-12-22T16:51:35.686175,,,,,,,,,,0,0,0
Jsoup,1,FlexFL,Yes,4.0,0.25,0.25,N/A,N/A,N/A,N/A,N/A,N/A,N/A,N/A,N/A,N/A,N/A,N/A,0,1,1
Jsoup,1,boostnsift,Yes,1.0,1.0,1.0,5.733569145202637,2025-11-18T17:36:41.423487,2025-12-22T16:51:39.415250,13.32,13.32,30974935.0,30974935.0,134861973094.0,646.0,0.0,0.0,,1,1,1
Jsoup,1,buglocator,Yes,4.0,0.25,0.25,4.669189929962158,2025-12-17T15:10:00.767151,2025-12-22T16:51:39.415250,,,,,,,,,,0,1,1
Jsoup,1,locus,Yes,4.0,0.25,0.25,6.742143154144287,2025-12-10T14:57:23.221057,2025-12-22T16:51:39.415250,,,,,,,,,,0,1,1
Jsoup,2,FlexFL,Yes,3.0,0.3333333333333333,0.3333333333333333,N/A,N/A,N/A,N/A,N/A,N/A,N/A,N/A,N/A,N/A,N/A,N/A,1,1,1
Jsoup,2,boostnsift,Yes,1.0,1.0,1.0,9.28781032562256,2025-11-18T17:37:58.843088,2025-12-22T16:51:39.415250,0.35,0.7,11843665.5,23687331.0,134861973094.0,486.0,0.0,0.0,0.0,1,1,1
Jsoup,2,buglocator,Yes,6.0,0.166667,0.166667,6.432280778884888,2025-12-17T15:10:30.002150,2025-12-22T16:51:39.415250,,,,,,,,,,0,0,1
Jsoup,2,locus,Yes,3.0,0.333333,0.333333,4.853487253189087,2025-12-10T14:58:06.730394,2025-12-22T16:51:39.415250,,,,,,,,,,0,1,1
Jsoup,3,FlexFL,Yes,2.0,0.5,0.1285714285714286,N/A,N/A,N/A,N/A,N/A,N/A,N/A,N/A,N/A,N/A,N/A,N/A,1,1,1
Jsoup,3,boostnsift,Yes,3.0,0.333333,0.333333,5.667268514633179,2025-11-18T17:39:21.089547,2025-12-22T16:51:39.415250,1.83,1.83,22817013.0,22817013.0,134861973094.0,486.0,0.0,0.0,,0,1,1
Jsoup,3,buglocator,Yes,6.0,0.166667,0.166667,4.489793062210083,2025-12-17T15:11:06.191053,2025-12-22T16:51:39.415250,,,,,,,,,,0,0,1
Jsoup,3,locus,Yes,3.0,0.333333,0.333333,5.057407379150391,2025-12-10T14:58:54.453440,2025-12-22T16:51:39.415250,,,,,,,,,,0,1,1
Jsoup,4,FlexFL,Yes,3.0,0.3333333333333333,0.3333333333333333,N/A,N/A,N/A,N/A,N/A,N/A,N/A,N/A,N/A,N/A,N/A,N/A,1,1,1
Jsoup,4,boostnsift,Yes,15.0,0.066667,0.066667,5.4480462074279785,2025-11-18T17:40:42.846403,2025-12-22T16:51:39.415250,3.23,3.23,23089643.0,23089643.0,134861973094.0,486.0,0.0,0.0,0.0,0,0,0
Jsoup,4,buglocator,Yes,15.0,0.066667,0.066667,6.398045063018799,2025-12-17T15:11:43.111298,2025-12-22T16:51:39.415250,,,,,,,,,,0,0,0
Jsoup,4,locus,Yes,10.0,0.1,0.1,5.132530450820923,2025-12-10T14:59:42.429057,2025-12-22T16:51:39.415250,,,,,,,,,,0,0,1
Jsoup,5,FlexFL,Yes,1.0,1.0,1.0,N/A,N/A,N/A,N/A,N/A,N/A,N/A,N/A,N/A,N/A,N/A,N/A,1,1,1
Jsoup,5,boostnsift,Yes,8.0,0.125,0.125,5.550799369812012,2025-11-18T17:42:00.561722,2025-12-22T16:51:39.415250,1.93,1.93,23016243.0,23016243.0,134861973094.0,486.0,0.0,0.0,0.0,0,0,1
Jsoup,5,buglocator,Yes,1.0,1.0,1.0,5.717714309692383,2025-12-17T15:12:14.979831,2025-12-22T16:51:39.415250,,,,,,,,,,1,1,1
Jsoup,5,locus,Yes,2.0,0.5,0.5,5.0736823081970215,2025-12-10T15:00:22.851772,2025-12-22T16:51:39.415250,,,,,,,,,,0,1,1
Jsoup,6,FlexFL,Yes,1.0,1.0,1.0,N/A,N/A,N/A,N/A,N/A,N/A,N/A,N/A,N/A,N/A,N/A,N/A,1,1,1
Jsoup,6,boostnsift,Yes,12.0,0.083333,0.083333,5.7517993450164795,2025-11-18T17:43:25.664288,2025-12-22T16:51:39.415250,2.88,2.88,22754099.0,22754099.0,134861973094.0,486.0,0.0,0.0,,0,0,0
Jsoup,6,buglocator,Yes,25.0,0.04,0.04,5.344445466995239,2025-12-17T15:12:57.819825,2025-12-22T16:51:39.415250,,,,,,,,,,0,0,0
Jsoup,6,locus,Yes,2.0,0.5,0.5,8.756322860717773,2025-12-10T15:01:16.601102,2025-12-22T16:51:39.415250,,,,,,,,,,0,1,1
Jsoup,7,FlexFL,No,,0.0,0.0,N/A,N/A,N/A,N/A,N/A,N/A,N/A,N/A,N/A,N/A,N/A,N/A,0,0,0
Jsoup,7,boostnsift,Yes,9.0,0.111111,0.111111,5.344034433364868,2025-11-18T17:44:52.657704,2025-12-22T16:51:39.415250,0.91,0.91,22722641.0,22722641.0,134861973094.0,486.0,0.0,0.0,0.0,0,0,1
Jsoup,7,buglocator,Yes,7.0,0.142857,0.142857,8.162508010864258,2025-12-17T15:13:37.050915,2025-12-22T16:51:39.415250,,,,,,,,,,0,0,1
Jsoup,7,locus,Yes,15.0,0.066667,0.066667,9.107229948043823,2025-12-10T15:02:24.720016,2025-12-22T16:51:39.415250,,,,,,,,,,0,0,0
Jsoup,8,FlexFL,Yes,1.0,1.0,1.0,N/A,N/A,N/A,N/A,N/A,N/A,N/A,N/A,N/A,N/A,N/A,N/A,1,1,1
Jsoup,8,boostnsift,Yes,8.0,0.125,0.125,5.728045701980591,2025-11-18T17:46:20.579633,2025-12-22T16:51:39.415250,3.19,3.19,22743613.0,22743613.0,134861973094.0,486.0,0.0,0.0,,0,0,1
Jsoup,8,buglocator,Yes,18.0,0.055556,0.055556,9.04769802093506,2025-12-17T15:14:20.924147,2025-12-22T16:51:39.415250,,,,,,,,,,0,0,0
Jsoup,8,locus,Yes,11.0,0.090909,0.090909,5.17665696144104,2025-12-10T15:03:23.609927,2025-12-22T16:51:39.415250,,,,,,,,,,0,0,0
Jsoup,9,FlexFL,No,,0.0,0.0,N/A,N/A,N/A,N/A,N/A,N/A,N/A,N/A,N/A,N/A,N/A,N/A,0,0,0
Jsoup,9,boostnsift,Yes,4.0,0.25,0.25,5.5297369956970215,2025-11-18T17:47:48.342005,2025-12-22T16:51:39.415250,2.15,2.15,22953328.0,22953328.0,134861973094.0,486.0,0.0,0.0,0.0,0,1,1
Jsoup,9,buglocator,Yes,12.0,0.083333,0.083333,7.909213066101074,2025-12-17T15:14:59.292146,2025-12-22T16:51:39.415250,,,,,,,,,,0,0,0
Jsoup,9,locus,Yes,8.0,0.125,0.125,8.440389633178711,2025-12-10T15:04:30.238002,2025-12-22T16:51:39.415250,,,,,,,,,,0,0,1
Jsoup,10,FlexFL,Yes,1.0,1.0,1.0,N/A,N/A,N/A,N/A,N/A,N/A,N/A,N/A,N/A,N/A,N/A,N/A,1,1,1
Jsoup,10,boostnsift,Yes,1.0,1.0,1.0,6.018331527709961,2025-11-18T17:36:47.847506,2025-12-22T16:51:39.415250,1.19,1.19,23949475.0,23949475.0,134861973094.0,646.0,0.0,0.0,0.0,1,1,1
Jsoup,10,buglocator,Yes,2.0,0.5,0.5,5.772304058074951,2025-12-17T15:10:01.870395,2025-12-22T16:51:39.415250,,,,,,,,,,0,1,1
Jsoup,10,locus,Yes,4.0,0.25,0.25,9.31166124343872,2025-12-10T14:57:25.800419,2025-12-22T16:51:39.415250,,,,,,,,,,0,1,1
Jsoup,11,FlexFL,Yes,2.0,0.5,0.25,N/A,N/A,N/A,N/A,N/A,N/A,N/A,N/A,N/A,N/A,N/A,N/A,1,1,1
Jsoup,11,boostnsift,Yes,5.0,0.2,0.2,5.389300584793091,2025-11-18T17:36:53.621405,2025-12-22T16:51:39.415250,0.89,0.89,22743613.0,22743613.0,134861973094.0,486.0,0.0,0.0,,0,1,1
Jsoup,11,buglocator,Yes,3.0,0.333333,0.333333,3.4421145915985107,2025-12-17T15:10:04.209320,2025-12-22T16:51:39.415250,,,,,,,,,,0,1,1
Jsoup,11,locus,Yes,4.0,0.25,0.25,5.2797346115112305,2025-12-10T14:57:28.504950,2025-12-22T16:51:39.415250,,,,,,,,,,0,1,1
Jsoup,12,FlexFL,Yes,5.0,0.2,0.2,N/A,N/A,N/A,N/A,N/A,N/A,N/A,N/A,N/A,N/A,N/A,N/A,1,1,1
Jsoup,12,boostnsift,Yes,8.0,0.125,0.125,7.4374682903289795,2025-11-18T17:37:01.416590,2025-12-22T16:51:39.415250,358.18,358.18,286785536.0,286785536.0,134861973094.0,536.0,0.0,0.0,,0,0,1
Jsoup,12,buglocator,Yes,3.0,0.333333,0.333333,4.642915487289429,2025-12-17T15:10:06.513367,2025-12-22T16:51:39.415250,,,,,,,,,,0,1,1
Jsoup,12,locus,Yes,2.0,0.5,0.5,8.533239126205444,2025-12-10T14:57:34.337880,2025-12-22T16:51:39.415250,,,,,,,,,,0,1,1
Jsoup,13,FlexFL,Yes,1.0,1.0,1.0,N/A,N/A,N/A,N/A,N/A,N/A,N/A,N/A,N/A,N/A,N/A,N/A,1,1,1
Jsoup,13,boostnsift,Yes,1.0,1.0,1.0,9.326699495315552,2025-11-18T17:37:10.088709,2025-12-22T16:51:39.415250,1.535,3.07,11361320.5,22722641.0,134861973094.0,486.0,0.0,0.0,0.0,1,1,1
Jsoup,13,buglocator,Yes,2.0,0.5,0.5,4.981606721878052,2025-12-17T15:10:09.190986,2025-12-22T16:51:39.415250,,,,,,,,,,0,1,1
Jsoup,13,locus,Yes,6.0,0.166667,0.166667,8.452795028686523,2025-12-10T14:57:36.962170,2025-12-22T16:51:39.415250,,,,,,,,,,0,0,1
Jsoup,14,FlexFL,No,,0.0,0.0,N/A,N/A,N/A,N/A,N/A,N/A,N/A,N/A,N/A,N/A,N/A,N/A,0,0,0
Jsoup,14,boostnsift,No,,0.0,0.0,9.690526247024536,2025-11-18T17:37:17.617135,2025-12-22T16:51:39.415250,1.185,2.37,11539578.5,23079157.0,134861973094.0,486.0,0.0,0.0,0.0,0,0,0
Jsoup,14,buglocator,Yes,64.0,0.015625,0.015625,5.148543119430542,2025-12-17T15:10:11.661964,2025-12-22T16:51:39.415250,,,,,,,,,,0,0,0
Jsoup,14,locus,No,,0.0,0.0,9.543039798736572,2025-12-10T14:57:43.884552,2025-12-22T16:51:39.415250,,,,,,,,,,0,0,0
Jsoup,15,FlexFL,No,,0.0,0.0,N/A,N/A,N/A,N/A,N/A,N/A,N/A,N/A,N/A,N/A,N/A,N/A,0,0,0
Jsoup,15,boostnsift,No,,0.0,0.0,9.58487606048584,2025-11-18T17:37:25.579402,2025-12-22T16:51:39.415250,1.54,3.08,11377049.5,22754099.0,134861973094.0,486.0,0.0,0.0,0.0,0,0,0
Jsoup,15,buglocator,Yes,61.0,0.016393,0.016393,7.569844484329224,2025-12-17T15:10:16.760887,2025-12-22T16:51:39.415250,,,,,,,,,,0,0,0
Jsoup,15,locus,No,,0.0,0.0,8.932614803314209,2025-12-10T14:57:45.898686,2025-12-22T16:51:39.415250,,,,,,,,,,0,0,0
Jsoup,16,FlexFL,Yes,1.0,1.0,1.0,N/A,N/A,N/A,N/A,N/A,N/A,N/A,N/A,N/A,N/A,N/A,N/A,1,1,1
Jsoup,16,boostnsift,Yes,3.0,0.333333,0.333333,6.886544704437256,2025-11-18T17:37:30.877396,2025-12-22T16:51:39.415250,4.89,4.89,27703377.0,27703377.0,134861973094.0,646.0,0.0,0.0,0.0,0,1,1
Jsoup,16,buglocator,Yes,1.0,1.0,1.0,4.972935199737549,2025-12-17T15:10:16.634958,2025-12-22T16:51:39.415250,,,,,,,,,,1,1,1
Jsoup,16,locus,Yes,1.0,1.0,1.0,8.973225116729736,2025-12-10T14:57:52.861742,2025-12-22T16:51:39.415250,,,,,,,,,,1,1,1
Jsoup,17,FlexFL,No,,0.0,0.0,N/A,N/A,N/A,N/A,N/A,N/A,N/A,N/A,N/A,N/A,N/A,N/A,0,0,0
Jsoup,17,boostnsift,No,,0.0,0.0,5.597461938858032,2025-11-18T17:37:36.850434,2025-12-22T16:51:39.415250,6.06,6.06,26256343.0,26256343.0,134861973094.0,486.0,0.0,0.0,0.0,0,0,0
Jsoup,17,buglocator,Yes,69.0,0.014493,0.014493,6.934804439544678,2025-12-17T15:10:23.569818,2025-12-22T16:51:39.415250,,,,,,,,,,0,0,0
Jsoup,17,locus,No,,0.0,0.0,8.980545997619629,2025-12-10T14:57:54.883279,2025-12-22T16:51:39.415250,,,,,,,,,,0,0,0
Jsoup,18,FlexFL,Yes,2.0,0.5,0.25,N/A,N/A,N/A,N/A,N/A,N/A,N/A,N/A,N/A,N/A,N/A,N/A,1,1,1
Jsoup,18,boostnsift,Yes,42.0,0.02381,0.02381,5.8030431270599365,2025-11-18T17:37:43.009805,2025-12-22T16:51:39.415250,10.71,10.71,29360128.0,29360128.0,134861973094.0,486.0,0.0,0.0,0.0,0,0,0
Jsoup,18,buglocator,Yes,53.0,0.018868,0.018868,5.951404809951782,2025-12-17T15:10:22.712341,2025-12-22T16:51:39.415250,,,,,,,,,,0,0,0
Jsoup,18,locus,Yes,47.0,0.021277,0.021277,9.006627559661865,2025-12-10T14:58:01.872659,2025-12-22T16:51:39.415250,,,,,,,,,,0,0,0
Jsoup,19,FlexFL,Yes,1.0,1.0,1.0,N/A,N/A,N/A,N/A,N/A,N/A,N/A,N/A,N/A,N/A,N/A,N/A,1,1,1
Jsoup,19,boostnsift,Yes,1.0,1.0,1.0,5.794431686401367,2025-11-18T17:37:49.162426,2025-12-22T16:51:39.415250,0.65,0.65,23645388.0,23645388.0,134861973094.0,486.0,0.0,0.0,0.0,1,1,1
Jsoup,19,buglocator,Yes,3.0,0.333333,0.333333,3.357168197631836,2025-12-17T15:10:26.069566,2025-12-22T16:51:39.415250,,,,,,,,,,0,1,1
Jsoup,19,locus,No,,0.0,0.0,9.032077074050903,2025-12-10T14:58:03.919861,2025-12-22T16:51:39.415250,,,,,,,,,,0,0,0
Jsoup,20,FlexFL,Yes,1.0,1.0,1.0,N/A,N/A,N/A,N/A,N/A,N/A,N/A,N/A,N/A,N/A,N/A,N/A,1,1,1
Jsoup,20,boostnsift,Yes,1.0,1.0,1.0,9.37808394432068,2025-11-18T17:38:06.738336,2025-12-22T16:51:39.415250,1.595,3.19,11398021.0,22796042.0,134861973094.0,486.0,0.0,0.0,0.0,1,1,1
Jsoup,20,buglocator,Yes,12.0,0.083333,0.083333,6.877885580062866,2025-12-17T15:10:32.947505,2025-12-22T16:51:39.415250,,,,,,,,,,0,0,0
Jsoup,20,locus,Yes,14.0,0.071429,0.071429,8.693973779678345,2025-12-10T14:58:12.617844,2025-12-22T16:51:39.415250,,,,,,,,,,0,0,0
Jsoup,21,FlexFL,Yes,3.0,0.3333333333333333,0.1666666666666666,N/A,N/A,N/A,N/A,N/A,N/A,N/A,N/A,N/A,N/A,N/A,N/A,0,1,1
Jsoup,21,boostnsift,Yes,57.0,0.017544,0.017544,9.442066192626951,2025-11-18T17:38:14.022175,2025-12-22T16:51:39.415250,1.405,2.81,11460935.5,22921871.0,134861973094.0,486.0,0.0,0.0,0.0,0,0,0
Jsoup,21,buglocator,Yes,13.0,0.076923,0.076923,5.945155143737793,2025-12-17T15:10:35.947364,2025-12-22T16:51:39.415250,,,,,,,,,,0,0,0
Jsoup,21,locus,Yes,18.0,0.055556,0.055556,8.535511493682861,2025-12-10T14:58:15.270206,2025-12-22T16:51:39.415250,,,,,,,,,,0,0,0
Jsoup,22,FlexFL,Yes,1.0,1.0,0.3333333333333333,N/A,N/A,N/A,N/A,N/A,N/A,N/A,N/A,N/A,N/A,N/A,N/A,1,1,1
Jsoup,22,boostnsift,Yes,2.0,0.5,0.5,9.7147319316864,2025-11-18T17:38:22.101900,2025-12-22T16:51:39.415250,1.445,2.89,11382292.0,22764584.0,134861973094.0,486.0,0.0,0.0,0.0,0,1,1
Jsoup,22,buglocator,Yes,2.0,0.5,0.5,5.067343473434448,2025-12-17T15:10:38.014905,2025-12-22T16:51:39.415250,,,,,,,,,,0,1,1
Jsoup,22,locus,Yes,3.0,0.333333,0.333333,8.821053266525269,2025-12-10T14:58:21.443232,2025-12-22T16:51:39.415250,,,,,,,,,,0,1,1
Jsoup,23,FlexFL,Yes,1.0,1.0,1.0,N/A,N/A,N/A,N/A,N/A,N/A,N/A,N/A,N/A,N/A,N/A,N/A,1,1,1
Jsoup,23,boostnsift,Yes,3.0,0.333333,0.333333,9.526631593704224,2025-11-18T17:38:30.019525,2025-12-22T16:51:39.415250,1.32,2.64,11544821.5,23089643.0,134861973094.0,486.0,0.0,0.0,0.0,0,1,1
Jsoup,23,buglocator,Yes,1.0,1.0,1.0,4.2680158615112305,2025-12-17T15:10:40.215434,2025-12-22T16:51:39.415250,,,,,,,,,,1,1,1
Jsoup,23,locus,Yes,1.0,1.0,1.0,8.876061916351318,2025-12-10T14:58:24.150388,2025-12-22T16:51:39.415250,,,,,,,,,,1,1,1
Jsoup,24,FlexFL,No,,0.0,0.0,N/A,N/A,N/A,N/A,N/A,N/A,N/A,N/A,N/A,N/A,N/A,N/A,0,0,0
Jsoup,24,boostnsift,No,,0.0,0.0,9.435873985290527,2025-11-18T17:38:37.815995,2025-12-22T16:51:39.415250,1.47,2.94,11371806.5,22743613.0,134861973094.0,486.0,0.0,0.0,0.0,0,0,0
Jsoup,24,buglocator,Yes,72.0,0.013889,0.013889,9.035174369812012,2025-12-17T15:10:47.050132,2025-12-22T16:51:39.415250,,,,,,,,,,0,0,0
Jsoup,24,locus,Yes,20.0,0.05,0.05,9.756058931350708,2025-12-10T14:58:31.203192,2025-12-22T16:51:39.415250,,,,,,,,,,0,0,0
Jsoup,25,FlexFL,No,,0.0,0.0,N/A,N/A,N/A,N/A,N/A,N/A,N/A,N/A,N/A,N/A,N/A,N/A,0,0,0
Jsoup,25,boostnsift,Yes,2.0,0.5,0.5,9.484366416931152,2025-11-18T17:38:45.130499,2025-12-22T16:51:39.415250,1.085,2.17,11439964.0,22879928.0,134861973094.0,486.0,0.0,0.0,0.0,0,1,1
Jsoup,25,buglocator,Yes,1.0,1.0,1.0,6.180660963058472,2025-12-17T15:10:46.396149,2025-12-22T16:51:39.415250,,,,,,,,,,1,1,1
Jsoup,25,locus,Yes,1.0,1.0,1.0,9.120468378067017,2025-12-10T14:58:33.275120,2025-12-22T16:51:39.415250,,,,,,,,,,1,1,1
Jsoup,26,FlexFL,Yes,2.0,0.5,0.5,N/A,N/A,N/A,N/A,N/A,N/A,N/A,N/A,N/A,N/A,N/A,N/A,0,1,1
Jsoup,26,boostnsift,Yes,4.0,0.25,0.25,9.316136121749878,2025-11-18T17:38:52.842476,2025-12-22T16:51:39.415250,1.49,2.98,11371806.5,22743613.0,134861973094.0,486.0,0.0,0.0,0.0,0,1,1
Jsoup,26,buglocator,Yes,2.0,0.5,0.5,8.23425841331482,2025-12-17T15:10:54.630466,2025-12-22T16:51:39.415250,,,,,,,,,,0,1,1
Jsoup,26,locus,Yes,1.0,1.0,1.0,9.061026334762571,2025-12-10T14:58:40.268507,2025-12-22T16:51:39.415250,,,,,,,,,,1,1,1
Jsoup,27,FlexFL,Yes,2.0,0.5,0.5,N/A,N/A,N/A,N/A,N/A,N/A,N/A,N/A,N/A,N/A,N/A,N/A,1,1,1
Jsoup,27,boostnsift,Yes,1.0,1.0,1.0,10.286762237548828,2025-11-18T17:39:00.987804,2025-12-22T16:51:39.415250,1.425,2.85,11377049.5,22754099.0,134861973094.0,486.0,0.0,0.0,0.0,1,1,1
Jsoup,27,buglocator,Yes,1.0,1.0,1.0,9.15197777748108,2025-12-17T15:10:56.202165,2025-12-22T16:51:39.415250,,,,,,,,,,1,1,1
Jsoup,27,locus,Yes,1.0,1.0,1.0,9.01234221458435,2025-12-10T14:58:42.291696,2025-12-22T16:51:39.415250,,,,,,,,,,1,1,1
Jsoup,28,FlexFL,Yes,1.0,1.0,1.0,N/A,N/A,N/A,N/A,N/A,N/A,N/A,N/A,N/A,N/A,N/A,N/A,1,1,1
Jsoup,28,boostnsift,Yes,36.0,0.027778,0.027778,9.813733100891112,2025-11-18T17:39:09.081847,2025-12-22T16:51:39.415250,1.9,3.8,11654922.0,23309844.0,134861973094.0,486.0,0.0,0.0,0.0,0,0,0
Jsoup,28,buglocator,Yes,49.0,0.020408,0.020408,7.070688247680664,2025-12-17T15:11:01.701210,2025-12-22T16:51:39.415250,,,,,,,,,,0,0,0
Jsoup,28,locus,Yes,21.0,0.047619,0.047619,9.118679761886597,2025-12-10T14:58:49.391910,2025-12-22T16:51:39.415250,,,,,,,,,,0,0,0
Jsoup,29,FlexFL,Yes,1.0,1.0,1.0,N/A,N/A,N/A,N/A,N/A,N/A,N/A,N/A,N/A,N/A,N/A,N/A,1,1,1
Jsoup,29,boostnsift,Yes,6.0,0.166667,0.166667,9.68614625930786,2025-11-18T17:39:17.130629,2025-12-22T16:51:39.415250,1.305,2.61,11387535.0,22775070.0,134861973094.0,486.0,0.0,0.0,0.0,0,0,1
Jsoup,29,buglocator,Yes,7.0,0.142857,0.142857,5.534517526626587,2025-12-17T15:11:01.736739,2025-12-22T16:51:39.415250,,,,,,,,,,0,0,1
Jsoup,29,locus,Yes,8.0,0.125,0.125,9.148411512374878,2025-12-10T14:58:51.444647,2025-12-22T16:51:39.415250,,,,,,,,,,0,0,1
Jsoup,30,FlexFL,Yes,1.0,1.0,1.0,N/A,N/A,N/A,N/A,N/A,N/A,N/A,N/A,N/A,N/A,N/A,N/A,1,1,1
Jsoup,30,boostnsift,Yes,1.0,1.0,1.0,8.956276416778564,2025-11-18T17:39:30.405822,2025-12-22T16:51:39.415250,39.625,76.33,186290011.5,349804953.0,134861973094.0,736.0,0.0,0.0,,1,1,1
Jsoup,30,buglocator,Yes,1.0,1.0,1.0,5.16633415222168,2025-12-17T15:11:06.903121,2025-12-22T16:51:39.415250,,,,,,,,,,1,1,1
Jsoup,30,locus,Yes,1.0,1.0,1.0,8.971462965011597,2025-12-10T14:59:00.420104,2025-12-22T16:51:39.415250,,,,,,,,,,1,1,1
Jsoup,31,FlexFL,Yes,2.0,0.5,0.5,N/A,N/A,N/A,N/A,N/A,N/A,N/A,N/A,N/A,N/A,N/A,N/A,0,1,1
Jsoup,31,boostnsift,No,,0.0,0.0,9.94939637184143,2025-11-18T17:39:38.236853,2025-12-22T16:51:39.415250,49.675,97.05,202993827.5,383254528.0,134861973094.0,736.0,0.0,0.0,,0,0,0
Jsoup,31,buglocator,Yes,69.0,0.014493,0.014493,5.120533227920532,2025-12-17T15:11:11.311640,2025-12-22T16:51:39.415250,,,,,,,,,,0,0,0
Jsoup,31,locus,Yes,39.0,0.025641,0.025641,8.685292482376099,2025-12-10T14:59:03.142658,2025-12-22T16:51:39.415250,,,,,,,,,,0,0,0
Jsoup,32,FlexFL,Yes,2.0,0.5,0.5,N/A,N/A,N/A,N/A,N/A,N/A,N/A,N/A,N/A,N/A,N/A,N/A,0,1,1
Jsoup,32,boostnsift,Yes,1.0,1.0,1.0,9.868824005126951,2025-11-18T17:39:45.905061,2025-12-22T16:51:39.415250,1.655,3.31,11681136.5,23362273.0,134861973094.0,486.0,0.0,0.0,0.0,1,1,1
Jsoup,32,buglocator,Yes,2.0,0.5,0.5,9.504805326461792,2025-12-17T15:11:16.407981,2025-12-22T16:51:39.415250,,,,,,,,,,0,1,1
Jsoup,32,locus,Yes,1.0,1.0,1.0,9.610740661621094,2025-12-10T14:59:10.035616,2025-12-22T16:51:39.415250,,,,,,,,,,1,1,1
Jsoup,33,FlexFL,Yes,2.0,0.5,0.5,N/A,N/A,N/A,N/A,N/A,N/A,N/A,N/A,N/A,N/A,N/A,N/A,1,1,1
Jsoup,33,boostnsift,Yes,1.0,1.0,1.0,8.526877880096436,2025-11-18T17:39:52.804515,2025-12-22T16:51:39.415250,1.505,3.01,11398021.0,22796042.0,134861973094.0,486.0,0.0,0.0,0.0,1,1,1
Jsoup,33,buglocator,Yes,3.0,0.333333,0.333333,12.80002784729004,2025-12-17T15:11:24.111719,2025-12-22T16:51:39.415250,,,,,,,,,,0,1,1
Jsoup,33,locus,Yes,13.0,0.076923,0.076923,9.103213548660278,2025-12-10T14:59:12.250673,2025-12-22T16:51:39.415250,,,,,,,,,,0,0,0
Jsoup,34,FlexFL,Yes,1.0,1.0,1.0,N/A,N/A,N/A,N/A,N/A,N/A,N/A,N/A,N/A,N/A,N/A,N/A,1,1,1
Jsoup,34,boostnsift,Yes,26.0,0.038462,0.038462,9.161569833755491,2025-11-18T17:40:00.603224,2025-12-22T16:51:39.415250,4.305,5.98,162062663.0,301360742.0,134861973094.0,736.0,0.0,0.0,,0,0,0
Jsoup,34,buglocator,Yes,4.0,0.25,0.25,7.49635124206543,2025-12-17T15:11:23.904390,2025-12-22T16:51:39.415250,,,,,,,,,,0,1,1
Jsoup,34,locus,Yes,7.0,0.142857,0.142857,9.194889068603516,2025-12-10T14:59:19.234354,2025-12-22T16:51:39.415250,,,,,,,,,,0,0,1
Jsoup,35,FlexFL,No,,0.0,0.0,N/A,N/A,N/A,N/A,N/A,N/A,N/A,N/A,N/A,N/A,N/A,N/A,0,0,0
Jsoup,35,boostnsift,No,,0.0,0.0,9.653106212615969,2025-11-18T17:40:08.056639,2025-12-22T16:51:39.415250,1.015,2.03,11418992.5,22837985.0,134861973094.0,486.0,0.0,0.0,0.0,0,0,0
Jsoup,35,buglocator,Yes,76.0,0.013158,0.013158,5.985757350921631,2025-12-17T15:11:29.890202,2025-12-22T16:51:39.415250,,,,,,,,,,0,0,0
Jsoup,35,locus,Yes,4.0,0.25,0.25,8.991805791854858,2025-12-10T14:59:21.246824,2025-12-22T16:51:39.415250,,,,,,,,,,0,1,1
Jsoup,36,FlexFL,Yes,1.0,1.0,0.5,N/A,N/A,N/A,N/A,N/A,N/A,N/A,N/A,N/A,N/A,N/A,N/A,1,1,1
Jsoup,36,boostnsift,Yes,1.0,1.0,1.0,9.352775573730469,2025-11-18T17:40:15.927186,2025-12-22T16:51:39.415250,0.575,1.15,11398021.0,22796042.0,134861973094.0,486.0,0.0,0.0,0.0,1,1,1
Jsoup,36,buglocator,Yes,3.0,0.333333,0.333333,7.14940071105957,2025-12-17T15:11:31.261166,2025-12-22T16:51:39.415250,,,,,,,,,,0,1,1
Jsoup,36,locus,Yes,4.0,0.25,0.25,8.98978877067566,2025-12-10T14:59:28.228056,2025-12-22T16:51:39.415250,,,,,,,,,,0,1,1
Jsoup,37,FlexFL,Yes,1.0,1.0,1.0,N/A,N/A,N/A,N/A,N/A,N/A,N/A,N/A,N/A,N/A,N/A,N/A,1,1,1
Jsoup,37,boostnsift,Yes,7.0,0.142857,0.142857,9.95005488395691,2025-11-18T17:40:23.694641,2025-12-22T16:51:39.415250,0.475,0.95,11429478.0,22858956.0,134861973094.0,486.0,0.0,0.0,0.0,0,0,1
Jsoup,37,buglocator,Yes,5.0,0.2,0.2,6.612743854522705,2025-12-17T15:11:36.503002,2025-12-22T16:51:39.415250,,,,,,,,,,0,1,1
Jsoup,37,locus,Yes,8.0,0.125,0.125,9.032015085220335,2025-12-10T14:59:30.282711,2025-12-22T16:51:39.415250,,,,,,,,,,0,0,1
Jsoup,38,FlexFL,No,,0.0,0.0,N/A,N/A,N/A,N/A,N/A,N/A,N/A,N/A,N/A,N/A,N/A,N/A,0,0,0
Jsoup,38,boostnsift,No,,0.0,0.0,7.840288400650024,2025-11-18T17:40:29.885152,2025-12-22T16:51:39.415250,2.23,2.23,23204986.0,23204986.0,134861973094.0,486.0,0.0,0.0,0.0,0,0,0
Jsoup,38,buglocator,Yes,29.0,0.034483,0.034483,5.451967239379883,2025-12-17T15:11:36.713189,2025-12-22T16:51:39.415250,,,,,,,,,,0,0,0
Jsoup,38,locus,Yes,2.0,0.5,0.5,9.05946946144104,2025-12-10T14:59:37.292003,2025-12-22T16:51:39.415250,,,,,,,,,,0,1,1
Jsoup,39,FlexFL,Yes,1.0,1.0,1.0,N/A,N/A,N/A,N/A,N/A,N/A,N/A,N/A,N/A,N/A,N/A,N/A,1,1,1
Jsoup,39,boostnsift,Yes,2.0,0.5,0.5,9.29217529296875,2025-11-18T17:40:39.530609,2025-12-22T16:51:39.415250,1.165,2.33,11377049.5,22754099.0,134861973094.0,486.0,0.0,0.0,0.0,0,1,1
Jsoup,39,buglocator,Yes,9.0,0.111111,0.111111,4.909316539764404,2025-12-17T15:11:41.412374,2025-12-22T16:51:39.415250,,,,,,,,,,0,0,1
Jsoup,39,locus,Yes,8.0,0.125,0.125,8.763994693756104,2025-12-10T14:59:39.050443,2025-12-22T16:51:39.415250,,,,,,,,,,0,0,1
Jsoup,40,FlexFL,No,,0.0,0.0,N/A,N/A,N/A,N/A,N/A,N/A,N/A,N/A,N/A,N/A,N/A,N/A,0,0,0
Jsoup,40,boostnsift,Yes,2.0,0.5,0.5,9.53115439414978,2025-11-18T17:40:52.750436,2025-12-22T16:51:39.415250,1.18,2.36,11560550.0,23121100.0,134861973094.0,486.0,0.0,0.0,0.0,0,1,1
Jsoup,40,buglocator,Yes,3.0,0.333333,0.333333,5.67983078956604,2025-12-17T15:11:47.092260,2025-12-22T16:51:39.415250,,,,,,,,,,0,1,1
Jsoup,40,locus,Yes,2.0,0.5,0.5,9.19646954536438,2025-12-10T14:59:48.251288,2025-12-22T16:51:39.415250,,,,,,,,,,0,1,1
Jsoup,41,FlexFL,Yes,1.0,1.0,1.0,N/A,N/A,N/A,N/A,N/A,N/A,N/A,N/A,N/A,N/A,N/A,N/A,1,1,1
Jsoup,41,boostnsift,Yes,2.0,0.5,0.5,9.357353925704956,2025-11-18T17:41:00.589149,2025-12-22T16:51:39.415250,1.865,3.73,11382292.0,22764584.0,134861973094.0,486.0,0.0,0.0,0.0,0,1,1
Jsoup,41,buglocator,Yes,10.0,0.1,0.1,6.479542255401611,2025-12-17T15:11:49.590898,2025-12-22T16:51:39.415250,,,,,,,,,,0,0,1
Jsoup,41,locus,Yes,4.0,0.25,0.25,8.416386127471924,2025-12-10T14:59:50.849775,2025-12-22T16:51:39.415250,,,,,,,,,,0,1,1
Jsoup,42,FlexFL,Yes,1.0,1.0,1.0,N/A,N/A,N/A,N/A,N/A,N/A,N/A,N/A,N/A,N/A,N/A,N/A,1,1,1
Jsoup,42,boostnsift,Yes,1.0,1.0,1.0,11.100704193115234,2025-11-18T17:41:09.497522,2025-12-22T16:51:39.415250,1.025,2.05,11366563.5,22733127.0,134861973094.0,486.0,0.0,0.0,0.0,1,1,1
Jsoup,42,buglocator,Yes,2.0,0.5,0.5,7.412691354751587,2025-12-17T15:11:54.505006,2025-12-22T16:51:39.415250,,,,,,,,,,0,1,1
Jsoup,42,locus,Yes,1.0,1.0,1.0,9.419949531555176,2025-12-10T14:59:57.675497,2025-12-22T16:51:39.415250,,,,,,,,,,1,1,1
Jsoup,43,FlexFL,Yes,1.0,1.0,1.0,N/A,N/A,N/A,N/A,N/A,N/A,N/A,N/A,N/A,N/A,N/A,N/A,1,1,1
Jsoup,43,boostnsift,Yes,2.0,0.5,0.5,10.105663776397703,2025-11-18T17:41:17.424133,2025-12-22T16:51:39.415250,1.165,2.33,11623464.5,23246929.0,134861973094.0,486.0,0.0,0.0,0.0,0,1,1
Jsoup,43,buglocator,Yes,5.0,0.2,0.2,5.572307825088501,2025-12-17T15:11:55.163265,2025-12-22T16:51:39.415250,,,,,,,,,,0,1,1
Jsoup,43,locus,Yes,3.0,0.333333,0.333333,8.78720998764038,2025-12-10T14:59:59.641020,2025-12-22T16:51:39.415250,,,,,,,,,,0,1,1
Jsoup,44,FlexFL,No,,0.0,0.0,N/A,N/A,N/A,N/A,N/A,N/A,N/A,N/A,N/A,N/A,N/A,N/A,0,0,0
Jsoup,44,boostnsift,Yes,32.0,0.03125,0.03125,9.241360187530518,2025-11-18T17:41:25.137317,2025-12-22T16:51:39.415250,1.41,2.82,11371806.5,22743613.0,134861973094.0,486.0,0.0,0.0,0.0,0,0,0
Jsoup,44,buglocator,Yes,49.0,0.020408,0.020408,7.024029016494751,2025-12-17T15:12:01.529088,2025-12-22T16:51:39.415250,,,,,,,,,,0,0,0
Jsoup,44,locus,Yes,19.0,0.052632,0.052632,9.205516338348389,2025-12-10T15:00:06.885363,2025-12-22T16:51:39.415250,,,,,,,,,,0,0,0
Jsoup,45,FlexFL,Yes,1.0,1.0,1.0,N/A,N/A,N/A,N/A,N/A,N/A,N/A,N/A,N/A,N/A,N/A,N/A,1,1,1
Jsoup,46,FlexFL,Yes,1.0,1.0,1.0,N/A,N/A,N/A,N/A,N/A,N/A,N/A,N/A,N/A,N/A,N/A,N/A,1,1,1
Jsoup,46,boostnsift,Yes,19.0,0.052632,0.052632,10.099660158157349,2025-11-18T17:41:33.056442,2025-12-22T16:51:39.415250,53.504999999999995,105.66,53923020.5,84787855.0,134861973094.0,806.0,0.0,0.0,0.0,0,0,0
Jsoup,46,buglocator,Yes,3.0,0.333333,0.333333,5.830334186553955,2025-12-17T15:12:00.993656,2025-12-22T16:51:39.415250,,,,,,,,,,0,1,1
Jsoup,46,locus,Yes,3.0,0.333333,0.333333,9.259168148040771,2025-12-10T15:00:08.904839,2025-12-22T16:51:39.415250,,,,,,,,,,0,1,1
Jsoup,47,FlexFL,Yes,1.0,1.0,1.0,N/A,N/A,N/A,N/A,N/A,N/A,N/A,N/A,N/A,N/A,N/A,N/A,1,1,1
Jsoup,47,boostnsift,Yes,19.0,0.052632,0.052632,9.738668203353882,2025-11-18T17:41:41.626844,2025-12-22T16:51:39.415250,5.5,11.0,14758707.0,29517414.0,134861973094.0,486.0,0.0,0.0,0.0,0,0,0
Jsoup,47,buglocator,Yes,20.0,0.05,0.05,8.255349397659302,2025-12-17T15:12:09.249059,2025-12-22T16:51:39.415250,,,,,,,,,,0,0,0
Jsoup,47,locus,Yes,28.0,0.035714,0.035714,8.89441204071045,2025-12-10T15:00:15.784542,2025-12-22T16:51:39.415250,,,,,,,,,,0,0,0
Jsoup,48,FlexFL,Yes,1.0,1.0,1.0,N/A,N/A,N/A,N/A,N/A,N/A,N/A,N/A,N/A,N/A,N/A,N/A,1,1,1
Jsoup,48,boostnsift,Yes,14.0,0.071429,0.071429,9.752525329589844,2025-11-18T17:41:49.216833,2025-12-22T16:51:39.415250,0.92,1.84,11460935.5,22921871.0,134861973094.0,486.0,0.0,0.0,0.0,0,0,0
Jsoup,48,buglocator,Yes,2.0,0.5,0.5,7.732935190200806,2025-12-17T15:12:09.262075,2025-12-22T16:51:39.415250,,,,,,,,,,0,1,1
Jsoup,48,locus,Yes,1.0,1.0,1.0,8.86515498161316,2025-12-10T15:00:17.773797,2025-12-22T16:51:39.415250,,,,,,,,,,1,1,1
Jsoup,49,FlexFL,No,,0.0,0.0,N/A,N/A,N/A,N/A,N/A,N/A,N/A,N/A,N/A,N/A,N/A,N/A,0,0,0
Jsoup,49,boostnsift,Yes,1.0,1.0,1.0,9.132811069488524,2025-11-18T17:41:57.155752,2025-12-22T16:51:39.415250,0.74,1.48,11377049.5,22754099.0,134861973094.0,486.0,0.0,0.0,0.0,1,1,1
Jsoup,49,buglocator,Yes,1.0,1.0,1.0,5.756659269332886,2025-12-17T15:12:15.005773,2025-12-22T16:51:39.415250,,,,,,,,,,1,1,1
Jsoup,49,locus,Yes,3.0,0.333333,0.333333,9.059231042861938,2025-12-10T15:00:24.848674,2025-12-22T16:51:39.415250,,,,,,,,,,0,1,1
Jsoup,50,FlexFL,Yes,1.0,1.0,1.0,N/A,N/A,N/A,N/A,N/A,N/A,N/A,N/A,N/A,N/A,N/A,N/A,1,1,1
Jsoup,50,boostnsift,Yes,1.0,1.0,1.0,9.279155254364014,2025-11-18T17:42:10.212372,2025-12-22T16:51:39.415250,25.53,48.02,168862678.5,314887372.0,134861973094.0,736.0,0.0,0.0,,1,1,1
Jsoup,50,buglocator,Yes,1.0,1.0,1.0,9.178816318511965,2025-12-17T15:12:24.158720,2025-12-22T16:51:39.415250,,,,,,,,,,1,1,1
Jsoup,50,locus,Yes,1.0,1.0,1.0,9.180831909179688,2025-12-10T15:00:32.036559,2025-12-22T16:51:39.415250,,,,,,,,,,1,1,1
Jsoup,51,FlexFL,Yes,3.0,0.3333333333333333,0.3333333333333333,N/A,N/A,N/A,N/A,N/A,N/A,N/A,N/A,N/A,N/A,N/A,N/A,0,1,1
Jsoup,51,boostnsift,Yes,71.0,0.014085,0.014085,10.31507420539856,2025-11-18T17:42:18.381864,2025-12-22T16:51:39.415250,1.345,2.69,11377049.5,22754099.0,134861973094.0,486.0,0.0,0.0,0.0,0,0,0
Jsoup,51,buglocator,Yes,47.0,0.021277,0.021277,7.577822923660278,2025-12-17T15:12:22.583644,2025-12-22T16:51:39.415250,,,,,,,,,,0,0,0
Jsoup,51,locus,Yes,68.0,0.014706,0.014706,9.13268256187439,2025-12-10T15:00:33.985086,2025-12-22T16:51:39.415250,,,,,,,,,,0,0,0
Jsoup,52,FlexFL,Yes,5.0,0.2,0.2,N/A,N/A,N/A,N/A,N/A,N/A,N/A,N/A,N/A,N/A,N/A,N/A,0,1,1
Jsoup,52,boostnsift,Yes,18.0,0.055556,0.055556,9.785460233688354,2025-11-18T17:42:26.525639,2025-12-22T16:51:39.415250,1.275,2.55,11392778.0,22785556.0,134861973094.0,486.0,0.0,0.0,0.0,0,0,0
Jsoup,52,buglocator,Yes,19.0,0.052632,0.052632,10.948143482208252,2025-12-17T15:12:33.531843,2025-12-22T16:51:39.415250,,,,,,,,,,0,0,0
Jsoup,52,locus,Yes,18.0,0.055556,0.055556,9.065443277359009,2025-12-10T15:00:41.106418,2025-12-22T16:51:39.415250,,,,,,,,,,0,0,0
Jsoup,53,FlexFL,No,,0.0,0.0,N/A,N/A,N/A,N/A,N/A,N/A,N/A,N/A,N/A,N/A,N/A,N/A,0,0,0
Jsoup,53,boostnsift,Yes,12.0,0.083333,0.083333,9.462830066680908,2025-11-18T17:42:34.325735,2025-12-22T16:51:39.415250,1.37,2.74,11408506.5,22817013.0,134861973094.0,486.0,0.0,0.0,0.0,0,0,0
Jsoup,53,buglocator,Yes,7.0,0.142857,0.142857,9.66718292236328,2025-12-17T15:12:33.825960,2025-12-22T16:51:39.415250,,,,,,,,,,0,0,1
Jsoup,53,locus,Yes,27.0,0.037037,0.037037,9.01473331451416,2025-12-10T15:00:43.004145,2025-12-22T16:51:39.415250,,,,,,,,,,0,0,0
Jsoup,54,FlexFL,Yes,1.0,1.0,1.0,N/A,N/A,N/A,N/A,N/A,N/A,N/A,N/A,N/A,N/A,N/A,N/A,1,1,1
Jsoup,54,boostnsift,Yes,16.0,0.0625,0.0625,9.858502388000488,2025-11-18T17:42:42.035410,2025-12-22T16:51:39.415250,0.79,1.58,11702108.0,23404216.0,134861973094.0,486.0,0.0,0.0,0.0,0,0,0
Jsoup,54,buglocator,Yes,1.0,1.0,1.0,6.079975366592407,2025-12-17T15:12:39.611872,2025-12-22T16:51:39.415250,,,,,,,,,,1,1,1
Jsoup,54,locus,Yes,1.0,1.0,1.0,9.068053007125854,2025-12-10T15:00:50.179198,2025-12-22T16:51:39.415250,,,,,,,,,,1,1,1
Jsoup,55,FlexFL,No,,0.0,0.0,N/A,N/A,N/A,N/A,N/A,N/A,N/A,N/A,N/A,N/A,N/A,N/A,0,0,0
Jsoup,55,boostnsift,No,,0.0,0.0,9.678609132766724,2025-11-18T17:42:50.069230,2025-12-22T16:51:39.415250,1.475,2.95,11382292.0,22764584.0,134861973094.0,486.0,0.0,0.0,0.0,0,0,0
Jsoup,55,buglocator,Yes,66.0,0.015152,0.015152,5.946062088012695,2025-12-17T15:12:39.772075,2025-12-22T16:51:39.415250,,,,,,,,,,0,0,0
Jsoup,55,locus,Yes,56.0,0.017857,0.017857,9.102039337158203,2025-12-10T15:00:52.110996,2025-12-22T16:51:39.415250,,,,,,,,,,0,0,0
Jsoup,56,FlexFL,Yes,1.0,1.0,0.5,N/A,N/A,N/A,N/A,N/A,N/A,N/A,N/A,N/A,N/A,N/A,N/A,1,1,1
Jsoup,56,boostnsift,Yes,16.0,0.0625,0.0625,9.749582529067991,2025-11-18T17:42:57.603257,2025-12-22T16:51:39.415250,1.43,2.86,11560550.0,23121100.0,134861973094.0,486.0,0.0,0.0,0.0,0,0,0
Jsoup,56,buglocator,Yes,5.0,0.2,0.2,5.667407512664795,2025-12-17T15:12:45.279331,2025-12-22T16:51:39.415250,,,,,,,,,,0,1,1
Jsoup,56,locus,Yes,7.0,0.142857,0.142857,8.854458808898926,2025-12-10T15:00:59.038672,2025-12-22T16:51:39.415250,,,,,,,,,,0,0,1
Jsoup,57,FlexFL,Yes,1.0,1.0,1.0,N/A,N/A,N/A,N/A,N/A,N/A,N/A,N/A,N/A,N/A,N/A,N/A,1,1,1
Jsoup,57,boostnsift,Yes,1.0,1.0,1.0,9.747949361801147,2025-11-18T17:43:05.742994,2025-12-22T16:51:39.415250,0.45,0.9,11434721.0,22869442.0,134861973094.0,486.0,0.0,0.0,0.0,1,1,1
Jsoup,57,buglocator,Yes,1.0,1.0,1.0,6.31702184677124,2025-12-17T15:12:46.089149,2025-12-22T16:51:39.415250,,,,,,,,,,1,1,1
Jsoup,57,locus,Yes,1.0,1.0,1.0,13.157645225524902,2025-12-10T15:01:05.273166,2025-12-22T16:51:39.415250,,,,,,,,,,1,1,1
Jsoup,58,FlexFL,Yes,4.0,0.25,0.125,N/A,N/A,N/A,N/A,N/A,N/A,N/A,N/A,N/A,N/A,N/A,N/A,1,1,1
Jsoup,58,boostnsift,Yes,3.0,0.333333,0.333333,9.827860593795776,2025-11-18T17:43:14.061860,2025-12-22T16:51:39.415250,0.62,1.24,11366563.5,22733127.0,134861973094.0,486.0,0.0,0.0,0.0,0,1,1
Jsoup,58,buglocator,Yes,2.0,0.5,0.5,7.384024143218994,2025-12-17T15:12:52.663410,2025-12-22T16:51:39.415250,,,,,,,,,,0,1,1
Jsoup,58,locus,Yes,2.0,0.5,0.5,8.781461954116821,2025-12-10T15:01:07.824938,2025-12-22T16:51:39.415250,,,,,,,,,,0,1,1
Jsoup,59,FlexFL,No,,0.0,0.0,N/A,N/A,N/A,N/A,N/A,N/A,N/A,N/A,N/A,N/A,N/A,N/A,0,0,0
Jsoup,59,boostnsift,Yes,107.0,0.009346,0.009346,9.740810632705688,2025-11-18T17:43:21.538595,2025-12-22T16:51:39.415250,0.62,1.24,11492392.5,22984785.0,134861973094.0,486.0,0.0,0.0,0.0,0,0,0
Jsoup,59,buglocator,Yes,46.0,0.021739,0.021739,6.386121988296509,2025-12-17T15:12:52.475324,2025-12-22T16:51:39.415250,,,,,,,,,,0,0,0
Jsoup,59,locus,Yes,41.0,0.02439,0.02439,9.80421543121338,2025-12-10T15:01:15.082183,2025-12-22T16:51:39.415250,,,,,,,,,,0,0,0
Jsoup,60,FlexFL,Yes,1.0,1.0,1.0,N/A,N/A,N/A,N/A,N/A,N/A,N/A,N/A,N/A,N/A,N/A,N/A,1,1,1
Jsoup,60,boostnsift,Yes,24.0,0.041667,0.041667,9.373346090316772,2025-11-18T17:43:35.421566,2025-12-22T16:51:39.415250,1.35,2.7,11366563.5,22733127.0,134861973094.0,486.0,0.0,0.0,0.0,0,0,0
Jsoup,60,buglocator,Yes,24.0,0.041667,0.041667,5.604079723358154,2025-12-17T15:12:58.267538,2025-12-22T16:51:39.415250,,,,,,,,,,0,0,0
Jsoup,60,locus,Yes,42.0,0.02381,0.02381,12.849503993988035,2025-12-10T15:01:27.936573,2025-12-22T16:51:39.415250,,,,,,,,,,0,0,0
Jsoup,61,FlexFL,Yes,1.0,1.0,1.0,N/A,N/A,N/A,N/A,N/A,N/A,N/A,N/A,N/A,N/A,N/A,N/A,1,1,1
Jsoup,61,boostnsift,Yes,10.0,0.1,0.1,10.421706914901732,2025-11-18T17:43:43.683099,2025-12-22T16:51:39.415250,1.355,2.71,11382292.0,22764584.0,134861973094.0,486.0,0.0,0.0,0.0,0,0,1
Jsoup,61,buglocator,Yes,5.0,0.2,0.2,5.425647735595703,2025-12-17T15:13:03.245526,2025-12-22T16:51:39.415250,,,,,,,,,,0,1,1
Jsoup,61,locus,Yes,8.0,0.125,0.125,9.403833627700806,2025-12-10T15:01:26.009284,2025-12-22T16:51:39.415250,,,,,,,,,,0,0,1
Jsoup,62,FlexFL,No,,0.0,0.0,N/A,N/A,N/A,N/A,N/A,N/A,N/A,N/A,N/A,N/A,N/A,N/A,0,0,0
Jsoup,62,boostnsift,No,,0.0,0.0,10.073772192001345,2025-11-18T17:43:51.506794,2025-12-22T16:51:39.415250,1.5,3.0,11523850.0,23047700.0,134861973094.0,486.0,0.0,0.0,0.0,0,0,0
Jsoup,62,buglocator,Yes,48.0,0.020833,0.020833,7.853120565414429,2025-12-17T15:13:06.120714,2025-12-22T16:51:39.415250,,,,,,,,,,0,0,0
Jsoup,62,locus,Yes,4.0,0.25,0.25,12.82056212425232,2025-12-10T15:01:38.834574,2025-12-22T16:51:39.415250,,,,,,,,,,0,1,1
Jsoup,63,FlexFL,Yes,2.0,0.5,0.2916666666666666,N/A,N/A,N/A,N/A,N/A,N/A,N/A,N/A,N/A,N/A,N/A,N/A,1,1,1
Jsoup,63,boostnsift,Yes,1.0,1.0,1.0,9.908456087112429,2025-11-18T17:43:59.783147,2025-12-22T16:51:39.415250,1.53,3.06,11377049.5,22754099.0,134861973094.0,486.0,0.0,0.0,0.0,1,1,1
Jsoup,63,buglocator,Yes,1.0,1.0,1.0,5.850921392440796,2025-12-17T15:13:09.096501,2025-12-22T16:51:39.415250,,,,,,,,,,1,1,1
Jsoup,63,locus,Yes,1.0,1.0,1.0,12.909969091415403,2025-12-10T15:01:40.851112,2025-12-22T16:51:39.415250,,,,,,,,,,1,1,1
Jsoup,64,FlexFL,No,,0.0,0.0,N/A,N/A,N/A,N/A,N/A,N/A,N/A,N/A,N/A,N/A,N/A,N/A,0,0,0
Jsoup,64,boostnsift,No,,0.0,0.0,9.786611318588257,2025-11-18T17:44:07.843079,2025-12-22T16:51:39.415250,1.285,2.57,11518607.0,23037214.0,134861973094.0,486.0,0.0,0.0,0.0,0,0,0
Jsoup,64,buglocator,Yes,21.0,0.047619,0.047619,5.89084005355835,2025-12-17T15:13:12.011610,2025-12-22T16:51:39.415250,,,,,,,,,,0,0,0
Jsoup,64,locus,Yes,3.0,0.333333,0.333333,12.868420124053957,2025-12-10T15:01:51.708091,2025-12-22T16:51:39.415250,,,,,,,,,,0,1,1
Jsoup,65,FlexFL,Yes,1.0,1.0,1.0,N/A,N/A,N/A,N/A,N/A,N/A,N/A,N/A,N/A,N/A,N/A,N/A,1,1,1
Jsoup,65,boostnsift,No,,0.0,0.0,9.915878057479858,2025-11-18T17:44:16.264305,2025-12-22T16:51:39.415250,1.435,2.87,11392778.0,22785556.0,134861973094.0,486.0,0.0,0.0,0.0,0,0,0
Jsoup,65,buglocator,Yes,43.0,0.023256,0.023256,9.73387885093689,2025-12-17T15:13:18.830434,2025-12-22T16:51:39.415250,,,,,,,,,,0,0,0
Jsoup,65,locus,Yes,5.0,0.2,0.2,12.839006900787354,2025-12-10T15:01:53.695027,2025-12-22T16:51:39.415250,,,,,,,,,,0,1,1
Jsoup,66,FlexFL,Yes,2.0,0.5,0.125,N/A,N/A,N/A,N/A,N/A,N/A,N/A,N/A,N/A,N/A,N/A,N/A,0,1,1
Jsoup,66,boostnsift,Yes,2.0,0.5,0.5,9.751441955566406,2025-11-18T17:44:23.941086,2025-12-22T16:51:39.415250,0.545,1.09,11623464.5,23246929.0,134861973094.0,646.0,0.0,0.0,0.0,0,1,1
Jsoup,66,buglocator,Yes,3.0,0.333333,0.333333,5.7148966789245605,2025-12-17T15:13:17.726565,2025-12-22T16:51:39.415250,,,,,,,,,,0,1,1
Jsoup,66,locus,Yes,7.0,0.142857,0.142857,12.970819473266602,2025-12-10T15:02:04.683461,2025-12-22T16:51:39.415250,,,,,,,,,,0,0,1
Jsoup,67,FlexFL,Yes,1.0,1.0,1.0,N/A,N/A,N/A,N/A,N/A,N/A,N/A,N/A,N/A,N/A,N/A,N/A,1,1,1
Jsoup,67,boostnsift,Yes,14.0,0.071429,0.071429,10.113236904144289,2025-11-18T17:44:32.411824,2025-12-22T16:51:39.415250,1.44,2.88,11403264.0,22806528.0,134861973094.0,486.0,0.0,0.0,0.0,0,0,0
Jsoup,67,buglocator,Yes,8.0,0.125,0.125,6.017141819000244,2025-12-17T15:13:23.743764,2025-12-22T16:51:39.415250,,,,,,,,,,0,0,1
Jsoup,67,locus,Yes,20.0,0.05,0.05,13.136678695678713,2025-12-10T15:02:06.836569,2025-12-22T16:51:39.415250,,,,,,,,,,0,0,0
Jsoup,68,FlexFL,Yes,4.0,0.25,0.25,N/A,N/A,N/A,N/A,N/A,N/A,N/A,N/A,N/A,N/A,N/A,N/A,0,1,1
Jsoup,68,boostnsift,Yes,9.0,0.111111,0.111111,10.737468719482422,2025-11-18T17:44:41.392304,2025-12-22T16:51:39.415250,1.22,2.44,11377049.5,22754099.0,134861973094.0,486.0,0.0,0.0,0.0,0,0,1
Jsoup,68,buglocator,Yes,52.0,0.019231,0.019231,10.05786156654358,2025-12-17T15:13:28.888350,2025-12-22T16:51:39.415250,,,,,,,,,,0,0,0
Jsoup,68,locus,Yes,30.0,0.033333,0.033333,12.93557620048523,2025-12-10T15:02:17.623746,2025-12-22T16:51:39.415250,,,,,,,,,,0,0,0
Jsoup,69,FlexFL,No,,0.0,0.0,N/A,N/A,N/A,N/A,N/A,N/A,N/A,N/A,N/A,N/A,N/A,N/A,0,0,0
Jsoup,69,boostnsift,Yes,5.0,0.2,0.2,9.715054512023926,2025-11-18T17:44:47.961930,2025-12-22T16:51:39.415250,1.575,3.15,11476664.0,22953328.0,134861973094.0,486.0,0.0,0.0,0.0,0,1,1
Jsoup,69,buglocator,Yes,1.0,1.0,1.0,8.019972085952759,2025-12-17T15:13:31.763790,2025-12-22T16:51:39.415250,,,,,,,,,,1,1,1
Jsoup,69,locus,Yes,1.0,1.0,1.0,8.765650033950806,2025-12-10T15:02:15.607979,2025-12-22T16:51:39.415250,,,,,,,,,,1,1,1
Jsoup,70,FlexFL,Yes,4.0,0.25,0.25,N/A,N/A,N/A,N/A,N/A,N/A,N/A,N/A,N/A,N/A,N/A,N/A,0,1,1
Jsoup,70,boostnsift,Yes,3.0,0.333333,0.333333,9.38553237915039,2025-11-18T17:45:02.408070,2025-12-22T16:51:39.415250,5.645,11.29,14496563.0,28993126.0,134861973094.0,486.0,0.0,0.0,0.0,0,1,1
Jsoup,70,buglocator,Yes,10.0,0.1,0.1,7.932222604751587,2025-12-17T15:13:39.696063,2025-12-22T16:51:39.415250,,,,,,,,,,0,0,1
Jsoup,70,locus,Yes,20.0,0.05,0.05,8.952040433883667,2025-12-10T15:02:26.579780,2025-12-22T16:51:39.415250,,,,,,,,,,0,0,0
Jsoup,71,FlexFL,Yes,2.0,0.5,0.5,N/A,N/A,N/A,N/A,N/A,N/A,N/A,N/A,N/A,N/A,N/A,N/A,0,1,1
Jsoup,71,boostnsift,No,,0.0,0.0,10.992007493972778,2025-11-18T17:45:11.243601,2025-12-22T16:51:39.415250,1.19,1.95,180926545.5,339109478.0,134861973094.0,736.0,0.0,0.0,,0,0,0
Jsoup,71,buglocator,No,,0.0,0.0,6.025557041168213,2025-12-17T15:13:43.076529,2025-12-22T16:51:39.415250,,,,,,,,,,0,0,0
Jsoup,71,locus,No,,0.0,0.0,8.922821998596191,2025-12-10T15:02:33.647523,2025-12-22T16:51:39.415250,,,,,,,,,,0,0,0
Jsoup,72,FlexFL,Yes,4.0,0.25,0.25,N/A,N/A,N/A,N/A,N/A,N/A,N/A,N/A,N/A,N/A,N/A,N/A,0,1,1
Jsoup,72,boostnsift,Yes,72.0,0.013889,0.013889,9.852826595306396,2025-11-18T17:45:19.451952,2025-12-22T16:51:39.415250,1.35,2.7,11377049.5,22754099.0,134861973094.0,486.0,0.0,0.0,0.0,0,0,0
Jsoup,72,buglocator,Yes,84.0,0.011905,0.011905,10.584699869155884,2025-12-17T15:13:50.280818,2025-12-22T16:51:39.415250,,,,,,,,,,0,0,0
Jsoup,72,locus,Yes,67.0,0.014925,0.014925,13.151575326919556,2025-12-10T15:02:39.736438,2025-12-22T16:51:39.415250,,,,,,,,,,0,0,0
Jsoup,73,FlexFL,Yes,1.0,1.0,0.25,N/A,N/A,N/A,N/A,N/A,N/A,N/A,N/A,N/A,N/A,N/A,N/A,1,1,1
Jsoup,73,boostnsift,Yes,43.0,0.023256,0.023256,10.170862913131714,2025-11-18T17:45:27.446604,2025-12-22T16:51:39.415250,0.235,0.47,11660165.0,23320330.0,134861973094.0,486.0,0.0,0.0,0.0,0,0,0
Jsoup,73,buglocator,Yes,3.0,0.333333,0.333333,7.679713010787964,2025-12-17T15:13:50.756304,2025-12-22T16:51:39.415250,,,,,,,,,,0,1,1
Jsoup,73,locus,Yes,10.0,0.1,0.1,12.93432879447937,2025-12-10T15:02:46.586938,2025-12-22T16:51:39.415250,,,,,,,,,,0,0,1
Jsoup,74,FlexFL,No,,0.0,0.0,N/A,N/A,N/A,N/A,N/A,N/A,N/A,N/A,N/A,N/A,N/A,N/A,0,0,0
Jsoup,74,boostnsift,Yes,15.0,0.066667,0.066667,9.839112758636476,2025-11-18T17:45:35.647725,2025-12-22T16:51:39.415250,0.955,1.91,11387535.0,22775070.0,134861973094.0,486.0,0.0,0.0,0.0,0,0,0
Jsoup,74,buglocator,Yes,10.0,0.1,0.1,9.31276035308838,2025-12-17T15:13:59.593632,2025-12-22T16:51:39.415250,,,,,,,,,,0,0,1
Jsoup,74,locus,No,,0.0,0.0,13.08887505531311,2025-12-10T15:02:52.829374,2025-12-22T16:51:39.415250,,,,,,,,,,0,0,0
Jsoup,75,FlexFL,Yes,1.0,1.0,1.0,N/A,N/A,N/A,N/A,N/A,N/A,N/A,N/A,N/A,N/A,N/A,N/A,1,1,1
Jsoup,75,boostnsift,Yes,24.0,0.041667,0.041667,11.09615421295166,2025-11-18T17:45:44.488150,2025-12-22T16:51:39.415250,1.465,2.93,11377049.5,22754099.0,134861973094.0,486.0,0.0,0.0,0.0,0,0,0
Jsoup,75,buglocator,Yes,9.0,0.111111,0.111111,9.975169658660889,2025-12-17T15:14:00.731530,2025-12-22T16:51:39.415250,,,,,,,,,,0,0,1
Jsoup,75,locus,Yes,3.0,0.333333,0.333333,13.156883716583252,2025-12-10T15:02:59.748355,2025-12-22T16:51:39.415250,,,,,,,,,,0,1,1
Jsoup,76,FlexFL,No,,0.0,0.0,N/A,N/A,N/A,N/A,N/A,N/A,N/A,N/A,N/A,N/A,N/A,N/A,0,0,0
Jsoup,76,boostnsift,No,,0.0,0.0,10.153424739837646,2025-11-18T17:45:51.844819,2025-12-22T16:51:39.415250,1.555,3.11,11424235.5,22848471.0,134861973094.0,486.0,0.0,0.0,0.0,0,0,0
Jsoup,76,buglocator,Yes,29.0,0.034483,0.034483,4.718348741531372,2025-12-17T15:14:04.312037,2025-12-22T16:51:39.415250,,,,,,,,,,0,0,0
Jsoup,76,locus,Yes,9.0,0.111111,0.111111,12.802759170532228,2025-12-10T15:03:05.637818,2025-12-22T16:51:39.415250,,,,,,,,,,0,0,1
Jsoup,77,FlexFL,Yes,4.0,0.25,0.25,N/A,N/A,N/A,N/A,N/A,N/A,N/A,N/A,N/A,N/A,N/A,N/A,1,1,1
Jsoup,77,boostnsift,Yes,16.0,0.0625,0.0625,10.134177207946776,2025-11-18T17:46:00.333807,2025-12-22T16:51:39.415250,1.525,3.05,11392778.0,22785556.0,134861973094.0,486.0,0.0,0.0,0.0,0,0,0
Jsoup,77,buglocator,Yes,19.0,0.052632,0.052632,5.849396467208862,2025-12-17T15:14:06.580979,2025-12-22T16:51:39.415250,,,,,,,,,,0,0,0
Jsoup,77,locus,Yes,3.0,0.333333,0.333333,12.782939434051514,2025-12-10T15:03:12.536015,2025-12-22T16:51:39.415250,,,,,,,,,,0,1,1
Jsoup,78,FlexFL,Yes,3.0,0.3333333333333333,0.3333333333333333,N/A,N/A,N/A,N/A,N/A,N/A,N/A,N/A,N/A,N/A,N/A,N/A,0,1,1
Jsoup,78,boostnsift,Yes,3.0,0.333333,0.333333,9.594489812850952,2025-11-18T17:46:08.307619,2025-12-22T16:51:39.415250,46.755,90.59,168002846.5,313209651.0,134861973094.0,736.0,0.0,0.0,,0,1,1
Jsoup,78,buglocator,Yes,3.0,0.333333,0.333333,7.564300060272217,2025-12-17T15:14:11.876393,2025-12-22T16:51:39.415250,,,,,,,,,,0,1,1
Jsoup,78,locus,Yes,7.0,0.142857,0.142857,12.787532329559326,2025-12-10T15:03:18.429283,2025-12-22T16:51:39.415250,,,,,,,,,,0,0,1
Jsoup,79,FlexFL,Yes,1.0,1.0,1.0,N/A,N/A,N/A,N/A,N/A,N/A,N/A,N/A,N/A,N/A,N/A,N/A,1,1,1
Jsoup,79,boostnsift,Yes,1.0,1.0,1.0,10.28678059577942,2025-11-18T17:46:16.491657,2025-12-22T16:51:39.415250,1.15,2.05,203748802.0,384512819.0,134861973094.0,736.0,0.0,0.0,0.0,1,1,1
Jsoup,79,buglocator,Yes,2.0,0.5,0.5,6.272884845733643,2025-12-17T15:14:12.853920,2025-12-22T16:51:39.415250,,,,,,,,,,0,1,1
Jsoup,79,locus,Yes,1.0,1.0,1.0,12.85246729850769,2025-12-10T15:03:25.392473,2025-12-22T16:51:39.415250,,,,,,,,,,1,1,1
Jsoup,80,FlexFL,Yes,1.0,1.0,1.0,N/A,N/A,N/A,N/A,N/A,N/A,N/A,N/A,N/A,N/A,N/A,N/A,1,1,1
Jsoup,80,boostnsift,Yes,7.0,0.142857,0.142857,9.664374113082886,2025-11-18T17:46:30.603310,2025-12-22T16:51:39.415250,0.3,0.6,11403264.0,22806528.0,134861973094.0,486.0,0.0,0.0,0.0,0,0,1
Jsoup,80,buglocator,Yes,1.0,1.0,1.0,9.78668451309204,2025-12-17T15:14:22.640657,2025-12-22T16:51:39.415250,,,,,,,,,,1,1,1
Jsoup,80,locus,Yes,3.0,0.333333,0.333333,12.827243089675903,2025-12-10T15:03:36.442122,2025-12-22T16:51:39.415250,,,,,,,,,,0,1,1
Jsoup,81,FlexFL,Yes,1.0,1.0,1.0,N/A,N/A,N/A,N/A,N/A,N/A,N/A,N/A,N/A,N/A,N/A,N/A,1,1,1
Jsoup,81,boostnsift,Yes,3.0,0.333333,0.333333,10.101649284362791,2025-11-18T17:46:38.540433,2025-12-22T16:51:39.415250,1.43,2.86,11686379.5,23372759.0,134861973094.0,486.0,0.0,0.0,0.0,0,1,1
Jsoup,81,buglocator,Yes,33.0,0.030303,0.030303,6.1930060386657715,2025-12-17T15:14:27.117207,2025-12-22T16:51:39.415250,,,,,,,,,,0,0,0
Jsoup,81,locus,Yes,18.0,0.055556,0.055556,13.046873092651367,2025-12-10T15:03:38.443667,2025-12-22T16:51:39.415250,,,,,,,,,,0,0,0
Jsoup,82,FlexFL,Yes,1.0,1.0,1.0,N/A,N/A,N/A,N/A,N/A,N/A,N/A,N/A,N/A,N/A,N/A,N/A,1,1,1
Jsoup,82,boostnsift,Yes,4.0,0.25,0.25,10.009565830230711,2025-11-18T17:46:46.932220,2025-12-22T16:51:39.415250,1.46,2.92,11371806.5,22743613.0,134861973094.0,486.0,0.0,0.0,0.0,0,1,1
Jsoup,82,buglocator,Yes,7.0,0.142857,0.142857,5.562209844589233,2025-12-17T15:14:28.202920,2025-12-22T16:51:39.415250,,,,,,,,,,0,0,1
Jsoup,82,locus,Yes,5.0,0.2,0.2,12.88725996017456,2025-12-10T15:03:49.333740,2025-12-22T16:51:39.415250,,,,,,,,,,0,1,1
Jsoup,83,FlexFL,No,,0.0,0.0,N/A,N/A,N/A,N/A,N/A,N/A,N/A,N/A,N/A,N/A,N/A,N/A,0,0,0
Jsoup,83,boostnsift,No,,0.0,0.0,10.100066900253296,2025-11-18T17:46:54.955588,2025-12-22T16:51:39.415250,1.425,2.85,11607736.0,23215472.0,134861973094.0,486.0,0.0,0.0,0.0,0,0,0
Jsoup,83,buglocator,Yes,100.0,0.01,0.01,6.377295255661011,2025-12-17T15:14:33.494559,2025-12-22T16:51:39.415250,,,,,,,,,,0,0,0
Jsoup,83,locus,Yes,38.0,0.026316,0.026316,8.909209251403809,2025-12-10T15:03:47.357942,2025-12-22T16:51:39.415250,,,,,,,,,,0,0,0
Jsoup,84,FlexFL,Yes,1.0,1.0,1.0,N/A,N/A,N/A,N/A,N/A,N/A,N/A,N/A,N/A,N/A,N/A,N/A,1,1,1
Jsoup,84,boostnsift,Yes,18.0,0.055556,0.055556,9.996400833129885,2025-11-18T17:47:03.322553,2025-12-22T16:51:39.415250,0.795,1.59,11382292.0,22764584.0,134861973094.0,486.0,0.0,0.0,0.0,0,0,0
Jsoup,84,buglocator,Yes,1.0,1.0,1.0,6.5278918743133545,2025-12-17T15:14:34.730870,2025-12-22T16:51:39.415250,,,,,,,,,,1,1,1
Jsoup,84,locus,Yes,1.0,1.0,1.0,8.983391761779785,2025-12-10T15:03:56.345844,2025-12-22T16:51:39.415250,,,,,,,,,,1,1,1
Jsoup,85,FlexFL,Yes,1.0,1.0,1.0,N/A,N/A,N/A,N/A,N/A,N/A,N/A,N/A,N/A,N/A,N/A,N/A,1,1,1
Jsoup,85,boostnsift,Yes,10.0,0.1,0.1,10.32496953010559,2025-11-18T17:47:11.348845,2025-12-22T16:51:39.415250,0.795,1.59,11654922.0,23309844.0,134861973094.0,486.0,0.0,0.0,0.0,0,0,1
Jsoup,85,buglocator,Yes,12.0,0.083333,0.083333,8.573906898498535,2025-12-17T15:14:42.068520,2025-12-22T16:51:39.415250,,,,,,,,,,0,0,0
Jsoup,85,locus,Yes,1.0,1.0,1.0,12.939850091934204,2025-12-10T15:04:02.282965,2025-12-22T16:51:39.415250,,,,,,,,,,1,1,1
Jsoup,86,FlexFL,No,,0.0,0.0,N/A,N/A,N/A,N/A,N/A,N/A,N/A,N/A,N/A,N/A,N/A,N/A,0,0,0
Jsoup,86,boostnsift,Yes,4.0,0.25,0.25,9.873109340667725,2025-11-18T17:47:19.479514,2025-12-22T16:51:39.415250,50.325,98.0,170147184.0,317508812.0,134861973094.0,736.0,0.0,0.0,,0,1,1
Jsoup,86,buglocator,Yes,35.0,0.028571,0.028571,10.340463399887083,2025-12-17T15:14:45.071390,2025-12-22T16:51:39.415250,,,,,,,,,,0,0,0
Jsoup,86,locus,Yes,72.0,0.013889,0.013889,12.826225519180298,2025-12-10T15:04:09.176540,2025-12-22T16:51:39.415250,,,,,,,,,,0,0,0
Jsoup,87,FlexFL,Yes,2.0,0.5,0.5,N/A,N/A,N/A,N/A,N/A,N/A,N/A,N/A,N/A,N/A,N/A,N/A,0,1,1
Jsoup,87,boostnsift,Yes,8.0,0.125,0.125,10.294480562210085,2025-11-18T17:47:27.663782,2025-12-22T16:51:39.415250,1.32,2.64,11602493.0,23204986.0,134861973094.0,486.0,0.0,0.0,0.0,0,0,1
Jsoup,87,buglocator,Yes,4.0,0.25,0.25,7.197413682937622,2025-12-17T15:14:49.265990,2025-12-22T16:51:39.415250,,,,,,,,,,0,1,1
Jsoup,87,locus,Yes,22.0,0.045455,0.045455,12.738831281661987,2025-12-10T15:04:15.026307,2025-12-22T16:51:39.415250,,,,,,,,,,0,0,0
Jsoup,88,FlexFL,Yes,1.0,1.0,1.0,N/A,N/A,N/A,N/A,N/A,N/A,N/A,N/A,N/A,N/A,N/A,N/A,1,1,1
Jsoup,88,boostnsift,Yes,34.0,0.029412,0.029412,10.217790842056274,2025-11-18T17:47:36.265534,2025-12-22T16:51:39.415250,1.15,2.3,11439964.0,22879928.0,134861973094.0,486.0,0.0,0.0,0.0,0,0,0
Jsoup,88,buglocator,Yes,2.0,0.5,0.5,6.3114354610443115,2025-12-17T15:14:51.382876,2025-12-22T16:51:39.415250,,,,,,,,,,0,1,1
Jsoup,88,locus,Yes,2.0,0.5,0.5,12.612158060073853,2025-12-10T15:04:21.793315,2025-12-22T16:51:39.415250,,,,,,,,,,0,1,1
Jsoup,89,FlexFL,Yes,1.0,1.0,1.0,N/A,N/A,N/A,N/A,N/A,N/A,N/A,N/A,N/A,N/A,N/A,N/A,1,1,1
Jsoup,89,boostnsift,Yes,1.0,1.0,1.0,10.352339506149292,2025-11-18T17:47:44.971199,2025-12-22T16:51:39.415250,1.395,2.79,11371806.5,22743613.0,134861973094.0,486.0,0.0,0.0,0.0,1,1,1
Jsoup,89,buglocator,Yes,1.0,1.0,1.0,8.325292348861694,2025-12-17T15:14:57.591339,2025-12-22T16:51:39.415250,,,,,,,,,,1,1,1
Jsoup,89,locus,Yes,1.0,1.0,1.0,12.719810247421265,2025-12-10T15:04:27.751404,2025-12-22T16:51:39.415250,,,,,,,,,,1,1,1
Jsoup,90,FlexFL,Yes,1.0,1.0,1.0,N/A,N/A,N/A,N/A,N/A,N/A,N/A,N/A,N/A,N/A,N/A,N/A,1,1,1
Jsoup,90,boostnsift,Yes,9.0,0.111111,0.111111,10.012226104736328,2025-11-18T17:47:58.720857,2025-12-22T16:51:39.415250,1.845,3.69,11633950.5,23267901.0,134861973094.0,646.0,0.0,0.0,0.0,0,0,1
Jsoup,90,buglocator,Yes,1.0,1.0,1.0,6.945815086364746,2025-12-17T15:15:04.537207,2025-12-22T16:51:39.415250,,,,,,,,,,1,1,1
Jsoup,90,locus,Yes,3.0,0.333333,0.333333,13.281439542770386,2025-12-10T15:04:41.037925,2025-12-22T16:51:39.415250,,,,,,,,,,0,1,1
Jsoup,91,FlexFL,No,,0.0,0.0,N/A,N/A,N/A,N/A,N/A,N/A,N/A,N/A,N/A,N/A,N/A,N/A,0,0,0
Jsoup,91,boostnsift,Yes,33.0,0.030303,0.030303,8.069770097732544,2025-11-18T17:48:05.546185,2025-12-22T16:51:39.415250,351.23,351.23,227645849.0,227645849.0,134861973094.0,626.0,0.0,0.0,,0,0,0
Jsoup,91,buglocator,Yes,33.0,0.030303,0.030303,6.9919273853302,2025-12-17T15:15:06.284128,2025-12-22T16:51:39.415250,,,,,,,,,,0,0,0
Jsoup,91,locus,Yes,72.0,0.013889,0.013889,12.792914628982544,2025-12-10T15:04:43.035467,2025-12-22T16:51:39.415250,,,,,,,,,,0,0,0
Jsoup,92,FlexFL,Yes,1.0,1.0,1.0,N/A,N/A,N/A,N/A,N/A,N/A,N/A,N/A,N/A,N/A,N/A,N/A,1,1,1
Jsoup,92,boostnsift,Yes,42.0,0.02381,0.02381,9.60792851448059,2025-11-18T17:48:14.503044,2025-12-22T16:51:39.415250,5.47,10.94,14611906.5,29223813.0,134861973094.0,486.0,0.0,0.0,0.0,0,0,0
Jsoup,92,buglocator,Yes,35.0,0.028571,0.028571,11.48783254623413,2025-12-17T15:15:16.025093,2025-12-22T16:51:39.415250,,,,,,,,,,0,0,0
Jsoup,92,locus,Yes,27.0,0.037037,0.037037,12.940677881240845,2025-12-10T15:04:53.983297,2025-12-22T16:51:39.415250,,,,,,,,,,0,0,0
Jsoup,93,FlexFL,Yes,1.0,1.0,1.0,N/A,N/A,N/A,N/A,N/A,N/A,N/A,N/A,N/A,N/A,N/A,N/A,1,1,1
Jsoup,93,boostnsift,Yes,3.0,0.333333,0.333333,10.150288820266724,2025-11-18T17:48:22.667152,2025-12-22T16:51:39.415250,1.36,2.72,11513364.0,23026728.0,134861973094.0,486.0,0.0,0.0,0.0,0,1,1
Jsoup,93,buglocator,Yes,1.0,1.0,1.0,9.521419048309326,2025-12-17T15:15:15.805602,2025-12-22T16:51:39.415250,,,,,,,,,,1,1,1
Jsoup,93,locus,Yes,2.0,0.5,0.5,12.912842512130736,2025-12-10T15:04:55.953106,2025-12-22T16:51:39.415250,,,,,,,,,,0,1,1
JxPath,1,FlexFL,No,,0.0,0.0,N/A,N/A,N/A,N/A,N/A,N/A,N/A,N/A,N/A,N/A,N/A,N/A,0,0,0
JxPath,1,boostnsift,Yes,9.0,0.111111,0.111111,11.011575937271118,2025-11-18T17:48:34.107673,2025-12-22T16:51:39.755353,1.785,3.57,13736345.5,27472691.0,134861973094.0,486.0,0.0,0.0,0.0,0,0,1
JxPath,1,buglocator,Yes,5.0,0.2,0.2,8.071345567703247,2025-11-18T17:48:31.567395,2025-12-22T16:51:39.755353,0.0,0.0,0.0,0.0,0.0,0.0,0.0,0.0,0.0,0,1,1
JxPath,1,locus,Yes,7.0,0.142857,0.142857,6.019550561904907,2025-11-22T11:50:04.186978,2025-12-25T14:53:23.564548,,,,,,,,,,0,0,1
JxPath,2,FlexFL,No,,0.0,0.0,N/A,N/A,N/A,N/A,N/A,N/A,N/A,N/A,N/A,N/A,N/A,N/A,0,0,0
JxPath,2,boostnsift,Yes,20.0,0.05,0.05,12.642571449279783,2025-11-18T17:50:21.007245,2025-12-22T16:51:39.755353,16.87,31.44,168312176.0,313838796.0,134861973094.0,736.0,0.0,0.0,,0,0,0
JxPath,2,buglocator,Yes,15.0,0.066667,0.066667,7.372903108596802,2025-11-18T17:50:17.929421,2025-12-22T16:51:39.755353,504.84,504.84,281123225.0,281123225.0,134861973094.0,376.0,0.0,0.0,0.0,0,0,0
JxPath,2,locus,Yes,13.0,0.076923,0.076923,4.482919216156006,2025-11-22T11:50:42.648867,2025-12-25T14:53:23.564548,,,,,,,,,,0,0,0
JxPath,3,FlexFL,No,,0.0,0.0,N/A,N/A,N/A,N/A,N/A,N/A,N/A,N/A,N/A,N/A,N/A,N/A,0,0,0
JxPath,3,boostnsift,Yes,2.0,0.5,0.5,14.197137355804443,2025-11-18T17:51:02.857884,2025-12-22T16:51:39.755353,11.795,21.22,153155010.5,283115520.0,134861973094.0,736.0,0.0,0.0,0.0,0,1,1
JxPath,3,buglocator,Yes,8.0,0.125,0.125,6.438076734542847,2025-11-18T17:51:00.869241,2025-12-22T16:51:39.755353,437.61,437.61,313314508.0,313314508.0,134861973094.0,266.0,0.0,0.0,0.0,0,0,1
JxPath,3,locus,Yes,4.0,0.25,0.25,4.831198692321777,2025-11-22T11:51:02.914258,2025-12-25T14:53:23.564548,,,,,,,,,,0,1,1
JxPath,4,FlexFL,No,,0.0,0.0,N/A,N/A,N/A,N/A,N/A,N/A,N/A,N/A,N/A,N/A,N/A,N/A,0,0,0
JxPath,4,boostnsift,Yes,8.0,0.125,0.125,7.355417728424072,2025-11-18T17:51:08.580468,2025-12-22T16:51:39.755353,2.94,2.94,22733127.0,22733127.0,134861973094.0,486.0,0.0,0.0,,0,0,1
JxPath,4,buglocator,Yes,2.0,0.5,0.5,6.529797315597534,2025-11-18T17:51:09.390691,2025-12-22T16:51:39.755353,492.38,492.38,321493401.0,321493401.0,134861973094.0,426.0,0.0,0.0,0.0,0,1,1
JxPath,4,locus,Yes,1.0,1.0,1.0,4.777886867523193,2025-11-22T11:51:07.697206,2025-12-25T14:53:23.564548,,,,,,,,,,1,1,1
JxPath,5,FlexFL,Yes,1.0,1.0,1.0,N/A,N/A,N/A,N/A,N/A,N/A,N/A,N/A,N/A,N/A,N/A,N/A,1,1,1
JxPath,5,boostnsift,Yes,7.0,0.142857,0.142857,11.821393013000488,2025-11-18T17:51:20.779624,2025-12-22T16:51:39.755353,0.495,0.99,11943280.5,23886561.0,134861973094.0,486.0,0.0,0.0,0.0,0,0,1
JxPath,5,buglocator,Yes,2.0,0.5,0.5,9.018685102462769,2025-11-18T17:51:18.412673,2025-12-22T16:51:39.755353,0.0,0.0,0.0,0.0,0.0,0.0,0.0,0.0,0.0,0,1,1
JxPath,5,locus,Yes,1.0,1.0,1.0,4.750726938247681,2025-11-22T11:51:12.453243,2025-12-25T14:53:23.564548,,,,,,,,,,1,1,1
JxPath,6,FlexFL,Yes,2.0,0.5,0.5,N/A,N/A,N/A,N/A,N/A,N/A,N/A,N/A,N/A,N/A,N/A,N/A,0,1,1
JxPath,6,boostnsift,Yes,5.0,0.2,0.2,11.24808669090271,2025-11-18T17:51:30.033723,2025-12-22T16:51:39.755353,16.715,30.77,155996651.0,289197260.0,134861973094.0,736.0,0.0,0.0,,0,1,1
JxPath,6,buglocator,Yes,62.0,0.016129,0.016129,6.707074165344238,2025-11-18T17:51:27.489887,2025-12-22T16:51:39.755353,508.99,508.99,305345331.0,305345331.0,134861973094.0,536.0,0.0,0.0,0.0,0,0,0
JxPath,6,locus,Yes,14.0,0.071429,0.071429,5.598819732666016,2025-11-22T11:51:14.448496,2025-12-25T14:53:23.564548,,,,,,,,,,0,0,0
JxPath,7,FlexFL,Yes,1.0,1.0,0.25,N/A,N/A,N/A,N/A,N/A,N/A,N/A,N/A,N/A,N/A,N/A,N/A,1,1,1
JxPath,7,boostnsift,Yes,99.0,0.010101,0.010101,11.319041728973389,2025-11-18T17:51:39.163069,2025-12-22T16:51:39.755353,14.615,26.61,142024376.0,261200281.0,134861973094.0,736.0,0.0,0.0,,0,0,0
JxPath,7,buglocator,Yes,44.0,0.022727,0.022727,7.121591329574585,2025-11-18T17:51:37.158547,2025-12-22T16:51:39.755353,413.94,413.94,284583526.0,284583526.0,134861973094.0,516.0,0.0,0.0,0.0,0,0,0
JxPath,7,locus,Yes,170.0,0.005882,0.005882,4.547167062759399,2025-11-22T11:51:17.003313,2025-12-25T14:53:23.564548,,,,,,,,,,0,0,0
JxPath,8,FlexFL,Yes,3.0,0.3333333333333333,0.3333333333333333,N/A,N/A,N/A,N/A,N/A,N/A,N/A,N/A,N/A,N/A,N/A,N/A,0,1,1
JxPath,8,boostnsift,Yes,25.0,0.04,0.04,10.973527669906616,2025-11-18T17:51:48.460492,2025-12-22T16:51:39.755353,16.93,30.92,145547591.0,268330598.0,134861973094.0,736.0,0.0,0.0,,0,0,0
JxPath,8,buglocator,Yes,84.0,0.011905,0.011905,6.754349231719971,2025-11-18T17:51:45.920619,2025-12-22T16:51:39.755353,527.09,527.09,286261248.0,286261248.0,134861973094.0,266.0,0.0,0.0,0.0,0,0,0
JxPath,8,locus,Yes,153.0,0.006536,0.006536,4.6006879806518555,2025-11-22T11:51:19.053050,2025-12-25T14:53:23.564548,,,,,,,,,,0,0,0
JxPath,9,FlexFL,Yes,2.0,0.5,0.5,N/A,N/A,N/A,N/A,N/A,N/A,N/A,N/A,N/A,N/A,N/A,N/A,0,1,1
JxPath,9,boostnsift,No,,0.0,0.0,8.616596221923828,2025-11-18T17:51:54.909163,2025-12-22T16:51:39.755353,11.79,11.79,30219960.0,30219960.0,134861973094.0,486.0,0.0,0.0,0.0,0,0,0
JxPath,9,buglocator,Yes,34.0,0.029412,0.029412,7.442540645599365,2025-11-18T17:51:55.906755,2025-12-22T16:51:39.755353,0.0,0.0,0.0,0.0,0.0,0.0,0.0,0.0,0.0,0,0,0
JxPath,9,locus,Yes,173.0,0.00578,0.00578,4.342213153839111,2025-11-22T11:51:21.349227,2025-12-25T14:53:23.564548,,,,,,,,,,0,0,0
JxPath,10,FlexFL,No,,0.0,0.0,N/A,N/A,N/A,N/A,N/A,N/A,N/A,N/A,N/A,N/A,N/A,N/A,0,0,0
JxPath,10,boostnsift,Yes,52.0,0.019231,0.019231,11.516068458557127,2025-11-18T17:48:43.525560,2025-12-22T16:51:39.755353,15.989999999999998,29.31,162429664.5,302094745.0,134861973094.0,736.0,0.0,0.0,,0,0,0
JxPath,10,buglocator,Yes,119.0,0.008403,0.008403,6.781844615936279,2025-11-18T17:48:40.897858,2025-12-22T16:51:39.755353,506.59,506.59,270218035.0,270218035.0,134861973094.0,266.0,0.0,0.0,0.0,0,0,0
JxPath,10,locus,No,,0.0,0.0,6.066624402999878,2025-11-22T11:50:04.235376,2025-12-25T14:53:23.564548,,,,,,,,,,0,0,0
JxPath,11,FlexFL,No,,0.0,0.0,N/A,N/A,N/A,N/A,N/A,N/A,N/A,N/A,N/A,N/A,N/A,N/A,0,0,0
JxPath,11,boostnsift,Yes,7.0,0.142857,0.142857,13.662232398986816,2025-11-18T17:48:54.927684,2025-12-22T16:51:39.755353,129.055,180.77,242430770.5,319081676.0,134861973094.0,516.0,0.0,0.0,0.0,0,0,1
JxPath,11,buglocator,Yes,20.0,0.05,0.05,6.840317964553833,2025-11-18T17:48:50.369520,2025-12-22T16:51:39.755353,27.33,27.33,39395000.0,39395000.0,134861973094.0,486.0,0.0,0.0,0.0,0,0,0
JxPath,11,locus,Yes,15.0,0.066667,0.066667,5.990618467330933,2025-11-22T11:50:10.181331,2025-12-25T14:53:23.564548,,,,,,,,,,0,0,0
JxPath,12,FlexFL,Yes,1.0,1.0,1.0,N/A,N/A,N/A,N/A,N/A,N/A,N/A,N/A,N/A,N/A,N/A,N/A,1,1,1
JxPath,12,boostnsift,Yes,2.0,0.5,0.5,11.527973890304564,2025-11-18T17:49:02.253937,2025-12-22T16:51:39.755353,9.69,16.34,157669130.0,292238131.0,134861973094.0,736.0,0.0,0.0,0.0,0,1,1
JxPath,12,buglocator,Yes,2.0,0.5,0.5,6.318241357803345,2025-11-18T17:49:01.248877,2025-12-22T16:51:39.755353,374.9,374.9,279026073.0,279026073.0,134861973094.0,266.0,0.0,0.0,0.0,0,1,1
JxPath,12,locus,Yes,2.0,0.5,0.5,4.884221792221069,2025-11-22T11:50:09.124757,2025-12-25T14:53:23.564548,,,,,,,,,,0,1,1
JxPath,13,FlexFL,Yes,1.0,1.0,1.0,N/A,N/A,N/A,N/A,N/A,N/A,N/A,N/A,N/A,N/A,N/A,N/A,1,1,1
JxPath,13,boostnsift,Yes,10.0,0.1,0.1,12.067654132843018,2025-11-18T17:49:13.737544,2025-12-22T16:51:39.755353,128.96,241.23,226649702.0,260046848.0,134861973094.0,626.0,0.0,0.0,,0,0,1
JxPath,13,buglocator,Yes,4.0,0.25,0.25,6.917390823364258,2025-11-18T17:49:09.174445,2025-12-22T16:51:39.755353,351.82,351.82,349595238.0,349595238.0,134861973094.0,486.0,0.0,0.0,0.0,0,1,1
JxPath,13,locus,Yes,5.0,0.2,0.2,4.80283784866333,2025-11-22T11:50:13.932578,2025-12-25T14:53:23.564548,,,,,,,,,,0,1,1
JxPath,14,FlexFL,Yes,1.0,1.0,1.0,N/A,N/A,N/A,N/A,N/A,N/A,N/A,N/A,N/A,N/A,N/A,N/A,1,1,1
JxPath,14,boostnsift,Yes,2.0,0.5,0.5,13.184367895126345,2025-11-18T17:49:22.673418,2025-12-22T16:51:39.755353,13.8,25.35,146627624.5,270427750.0,134861973094.0,736.0,0.0,0.0,0.0,0,1,1
JxPath,14,buglocator,Yes,3.0,0.333333,0.333333,6.936507701873779,2025-11-18T17:49:20.677190,2025-12-22T16:51:39.755353,579.64,579.64,327260569.0,327260569.0,134861973094.0,516.0,0.0,0.0,0.0,0,1,1
JxPath,14,locus,Yes,8.0,0.125,0.125,10.025148630142212,2025-11-22T11:50:20.211153,2025-12-25T14:53:23.564548,,,,,,,,,,0,0,1
JxPath,15,FlexFL,Yes,5.0,0.2,0.2,N/A,N/A,N/A,N/A,N/A,N/A,N/A,N/A,N/A,N/A,N/A,N/A,0,1,1
JxPath,15,boostnsift,Yes,30.0,0.033333,0.033333,10.880972146987917,2025-11-18T17:49:31.958880,2025-12-22T16:51:39.755353,29.16,55.65,186945371.5,351168102.0,134861973094.0,736.0,0.0,0.0,,0,0,0
JxPath,15,buglocator,Yes,19.0,0.052632,0.052632,6.755537509918213,2025-11-18T17:49:29.432354,2025-12-22T16:51:39.755353,373.67,373.67,294859571.0,294859571.0,134861973094.0,536.0,0.0,0.0,0.0,0,0,0
JxPath,15,locus,Yes,2.0,0.5,0.5,8.610057830810547,2025-11-22T11:50:22.547925,2025-12-25T14:53:23.564548,,,,,,,,,,0,1,1
JxPath,16,FlexFL,Yes,2.0,0.5,0.5,N/A,N/A,N/A,N/A,N/A,N/A,N/A,N/A,N/A,N/A,N/A,N/A,0,1,1
JxPath,16,boostnsift,Yes,1.0,1.0,1.0,7.907940626144409,2025-11-18T17:49:37.668742,2025-12-22T16:51:39.755353,3.13,3.13,22733127.0,22733127.0,134861973094.0,486.0,0.0,0.0,,1,1,1
JxPath,16,buglocator,Yes,2.0,0.5,0.5,6.460639715194702,2025-11-18T17:49:38.422950,2025-12-22T16:51:39.755353,368.65,368.65,263402291.0,263402291.0,134861973094.0,426.0,0.0,0.0,0.0,0,1,1
JxPath,16,locus,Yes,1.0,1.0,1.0,9.164007425308228,2025-11-22T11:50:29.379463,2025-12-25T14:53:23.564548,,,,,,,,,,1,1,1
JxPath,17,FlexFL,Yes,3.0,0.3333333333333333,0.3333333333333333,N/A,N/A,N/A,N/A,N/A,N/A,N/A,N/A,N/A,N/A,N/A,N/A,0,1,1
JxPath,17,boostnsift,Yes,3.0,0.333333,0.333333,13.483352422714232,2025-11-18T17:49:51.566087,2025-12-22T16:51:39.755353,13.825,27.11,178567249.5,334286028.0,134861973094.0,736.0,0.0,0.0,0.0,0,1,1
JxPath,17,buglocator,Yes,2.0,0.5,0.5,10.707979440689089,2025-11-18T17:49:49.133843,2025-12-22T16:51:39.755353,0.0,0.0,0.0,0.0,0.0,0.0,0.0,0.0,0.0,0,1,1
JxPath,17,locus,Yes,2.0,0.5,0.5,9.016583919525146,2025-11-22T11:50:31.567811,2025-12-25T14:53:23.564548,,,,,,,,,,0,1,1
JxPath,18,FlexFL,Yes,1.0,1.0,1.0,N/A,N/A,N/A,N/A,N/A,N/A,N/A,N/A,N/A,N/A,N/A,N/A,1,1,1
JxPath,18,boostnsift,Yes,18.0,0.055556,0.055556,11.305627822875977,2025-11-18T17:50:00.766994,2025-12-22T16:51:39.755353,1.35,2.7,11571036.0,23142072.0,134861973094.0,486.0,0.0,0.0,0.0,0,0,0
JxPath,18,buglocator,Yes,9.0,0.111111,0.111111,7.114556312561035,2025-11-18T17:49:58.684071,2025-12-22T16:51:39.755353,373.95,373.95,310483353.0,310483353.0,134861973094.0,266.0,0.0,0.0,0.0,0,0,1
JxPath,18,locus,Yes,5.0,0.2,0.2,8.777090787887573,2025-11-22T11:50:38.160711,2025-12-25T14:53:23.564548,,,,,,,,,,0,1,1
JxPath,19,FlexFL,Yes,1.0,1.0,1.0,N/A,N/A,N/A,N/A,N/A,N/A,N/A,N/A,N/A,N/A,N/A,N/A,1,1,1
JxPath,19,boostnsift,Yes,2.0,0.5,0.5,11.511564254760742,2025-11-18T17:50:10.553461,2025-12-22T16:51:39.755353,14.04,27.47,167960903.5,313209651.0,134861973094.0,736.0,0.0,0.0,,0,1,1
JxPath,19,buglocator,Yes,1.0,1.0,1.0,7.253547191619873,2025-11-18T17:50:08.023823,2025-12-22T16:51:39.755353,469.34,469.34,78905344.0,78905344.0,134861973094.0,536.0,0.0,0.0,0.0,1,1,1
JxPath,19,locus,Yes,2.0,0.5,0.5,13.107578754425049,2025-11-22T11:50:44.682981,2025-12-25T14:53:23.564548,,,,,,,,,,0,1,1
JxPath,20,FlexFL,Yes,1.0,1.0,1.0,N/A,N/A,N/A,N/A,N/A,N/A,N/A,N/A,N/A,N/A,N/A,N/A,1,1,1
JxPath,20,boostnsift,Yes,6.0,0.166667,0.166667,12.373887538909912,2025-11-18T17:50:30.643584,2025-12-22T16:51:39.755353,9.065,15.15,143104409.5,263402291.0,134861973094.0,736.0,0.0,0.0,,0,0,1
JxPath,20,buglocator,Yes,12.0,0.083333,0.083333,7.621347904205322,2025-11-18T17:50:28.631459,2025-12-22T16:51:39.755353,0.0,0.0,0.0,0.0,0.0,0.0,0.0,0.0,0.0,0,0,0
JxPath,20,locus,Yes,7.0,0.142857,0.142857,13.386732578277588,2025-11-22T11:50:56.043892,2025-12-25T14:53:23.564548,,,,,,,,,,0,0,1
JxPath,21,FlexFL,No,,0.0,0.0,N/A,N/A,N/A,N/A,N/A,N/A,N/A,N/A,N/A,N/A,N/A,N/A,0,0,0
JxPath,21,boostnsift,Yes,32.0,0.03125,0.03125,11.506536960601808,2025-11-18T17:50:40.486508,2025-12-22T16:51:39.755353,8.985,14.69,169953197.5,317089382.0,134861973094.0,736.0,0.0,0.0,,0,0,0
JxPath,21,buglocator,Yes,78.0,0.012821,0.012821,7.818748474121094,2025-11-18T17:50:38.483363,2025-12-22T16:51:39.755353,495.64,495.64,292238131.0,292238131.0,134861973094.0,426.0,0.0,0.0,0.0,0,0,0
JxPath,21,locus,Yes,19.0,0.052632,0.052632,13.39024806022644,2025-11-22T11:50:58.078457,2025-12-25T14:53:23.564548,,,,,,,,,,0,0,0
JxPath,22,FlexFL,Yes,1.0,1.0,1.0,N/A,N/A,N/A,N/A,N/A,N/A,N/A,N/A,N/A,N/A,N/A,N/A,1,1,1
JxPath,22,boostnsift,Yes,1.0,1.0,1.0,15.58936095237732,2025-11-18T17:50:54.420224,2025-12-22T16:51:39.755353,7.483333333333333,21.83,110516415.0,308281344.0,134861973094.0,736.0,0.0,0.0,0.0,1,1,1
JxPath,22,buglocator,Yes,1.0,1.0,1.0,7.839311122894287,2025-11-18T17:50:48.328826,2025-12-22T16:51:39.755353,0.0,0.0,0.0,0.0,0.0,0.0,0.0,0.0,0.0,1,1,1
JxPath,22,locus,Yes,1.0,1.0,1.0,12.794055938720703,2025-11-22T11:51:08.845731,2025-12-25T14:53:23.564548,,,,,,,,,,1,1,1
Lang,1,FlexFL,Yes,3.0,0.3333333333333333,0.3333333333333333,N/A,N/A,N/A,N/A,N/A,N/A,N/A,N/A,N/A,N/A,N/A,N/A,1,1,1
Lang,1,boostnsift,Yes,1.0,1.0,1.0,15.654651641845703,2025-11-18T17:52:11.941752,2025-12-22T16:51:42.270950,35.656666666666666,104.01,238883089.0,689648435.0,134861973094.0,736.0,0.0,0.0,0.0,1,1,1
Lang,1,buglocator,Yes,1.0,1.0,1.0,18.61969637870789,2025-12-17T15:18:19.049285,2025-12-22T16:51:42.270950,,,,,,,,,,1,1,1
Lang,1,locus,Yes,1.0,1.0,1.0,39.80953574180603,2025-11-27T10:32:04.806385,2025-12-25T13:09:20.130823,,,,,,,,,,1,1,1
Lang,3,FlexFL,Yes,1.0,1.0,1.0,N/A,N/A,N/A,N/A,N/A,N/A,N/A,N/A,N/A,N/A,N/A,N/A,1,1,1
Lang,3,boostnsift,Yes,1.0,1.0,1.0,13.538190126419067,2025-11-18T17:55:34.729385,2025-12-22T16:51:42.270950,154.6,260.69,364013158.0,522715136.0,134861973094.0,626.0,0.0,0.0,0.0,1,1,1
Lang,3,buglocator,Yes,2.0,0.5,0.5,15.670581340789797,2025-12-17T15:20:35.758154,2025-12-22T16:51:42.270950,,,,,,,,,,0,1,1
Lang,3,locus,Yes,2.0,0.5,0.5,45.3603937625885,2025-11-21T18:39:40.253346,2025-12-25T13:09:20.130823,,,,,,,,,,0,1,1
Lang,4,FlexFL,Yes,2.0,0.5,0.25,N/A,N/A,N/A,N/A,N/A,N/A,N/A,N/A,N/A,N/A,N/A,N/A,1,1,1
Lang,4,boostnsift,Yes,2.0,0.5,0.5,17.086868286132812,2025-11-18T17:57:26.116643,2025-12-22T16:51:42.270950,84.77666666666666,210.92,500590182.0,683986124.0,134861973094.0,696.0,0.0,0.0,0.0,0,1,1
Lang,4,buglocator,Yes,12.0,0.083333,0.083333,13.4507794380188,2025-12-17T15:21:53.770605,2025-12-22T16:51:42.270950,,,,,,,,,,0,0,0
Lang,4,locus,Yes,3.0,0.333333,0.333333,61.267860889434814,2025-11-21T18:42:35.506202,2025-12-25T13:09:20.130823,,,,,,,,,,0,1,1
Lang,5,FlexFL,Yes,1.0,1.0,1.0,N/A,N/A,N/A,N/A,N/A,N/A,N/A,N/A,N/A,N/A,N/A,N/A,1,1,1
Lang,5,boostnsift,Yes,1.0,1.0,1.0,18.077736854553223,2025-11-18T17:59:17.195365,2025-12-22T16:51:42.270950,20.56,59.03,300682663.0,878916403.0,134861973094.0,736.0,0.0,0.0,0.0,1,1,1
Lang,5,buglocator,Yes,1.0,1.0,1.0,15.233545064926147,2025-12-17T15:23:07.674991,2025-12-22T16:51:42.270950,,,,,,,,,,1,1,1
Lang,5,locus,Yes,2.0,0.5,0.5,61.78963780403137,2025-11-21T18:45:22.557326,2025-12-25T13:09:20.130823,,,,,,,,,,0,1,1
Lang,6,FlexFL,Yes,3.0,0.3333333333333333,0.3333333333333333,N/A,N/A,N/A,N/A,N/A,N/A,N/A,N/A,N/A,N/A,N/A,N/A,0,1,1
Lang,6,boostnsift,Yes,3.0,0.333333,0.333333,16.827503204345703,2025-11-18T18:01:16.737795,2025-12-22T16:51:42.270950,23.72,44.79,459255316.0,895483904.0,134861973094.0,806.0,0.0,0.0,0.0,0,1,1
Lang,6,buglocator,Yes,1.0,1.0,1.0,16.074832916259766,2025-12-17T15:24:29.035534,2025-12-22T16:51:42.270950,,,,,,,,,,1,1,1
Lang,6,locus,Yes,2.0,0.5,0.5,58.77020978927612,2025-11-21T18:46:45.003245,2025-12-25T13:09:20.130823,,,,,,,,,,0,1,1
Lang,7,FlexFL,Yes,1.0,1.0,1.0,N/A,N/A,N/A,N/A,N/A,N/A,N/A,N/A,N/A,N/A,N/A,N/A,1,1,1
Lang,7,boostnsift,Yes,1.0,1.0,1.0,16.751739025115967,2025-11-18T18:02:33.172561,2025-12-22T16:51:42.270950,36.18,55.92,304904929.0,640889651.0,134861973094.0,806.0,0.0,0.0,0.0,1,1,1
Lang,7,buglocator,Yes,1.0,1.0,1.0,19.547248601913452,2025-12-17T15:25:20.129993,2025-12-22T16:51:42.270950,,,,,,,,,,1,1,1
Lang,7,locus,Yes,2.0,0.5,0.5,60.94785737991333,2025-11-21T18:47:15.508877,2025-12-25T13:09:20.130823,,,,,,,,,,0,1,1
Lang,8,FlexFL,Yes,1.0,1.0,1.0,N/A,N/A,N/A,N/A,N/A,N/A,N/A,N/A,N/A,N/A,N/A,N/A,1,1,1
Lang,8,boostnsift,Yes,4.0,0.25,0.25,15.365288496017456,2025-11-18T18:02:44.652270,2025-12-22T16:51:42.270950,27.656666666666663,80.09,200795313.33333337,579338240.0,134861973094.0,736.0,0.0,0.0,0.0,0,1,1
Lang,8,buglocator,Yes,2.0,0.5,0.5,14.765197277069092,2025-12-17T15:25:19.783505,2025-12-22T16:51:42.270950,,,,,,,,,,0,1,1
Lang,8,locus,Yes,3.0,0.333333,0.333333,60.99492883682251,2025-11-21T18:47:46.002260,2025-12-25T13:09:20.130823,,,,,,,,,,0,1,1
Lang,9,FlexFL,Yes,1.0,1.0,1.0,N/A,N/A,N/A,N/A,N/A,N/A,N/A,N/A,N/A,N/A,N/A,N/A,1,1,1
Lang,9,boostnsift,Yes,1.0,1.0,1.0,15.089974403381348,2025-11-18T18:02:57.602249,2025-12-22T16:51:42.270950,46.23666666666666,100.58,383778815.6666667,639107072.0,134861973094.0,806.0,0.0,0.0,,1,1,1
Lang,9,buglocator,Yes,5.0,0.2,0.2,16.34196448326111,2025-12-17T15:25:36.125525,2025-12-22T16:51:42.270950,,,,,,,,,,0,1,1
Lang,9,locus,Yes,1.0,1.0,1.0,60.89991545677185,2025-11-21T18:48:16.413330,2025-12-25T13:09:20.130823,,,,,,,,,,1,1,1
Lang,10,FlexFL,Yes,1.0,1.0,1.0,N/A,N/A,N/A,N/A,N/A,N/A,N/A,N/A,N/A,N/A,N/A,N/A,1,1,1
Lang,10,boostnsift,Yes,2.0,0.5,0.5,15.341388940811155,2025-11-18T17:52:21.625358,2025-12-22T16:51:42.270950,30.08666666666667,88.26,209023139.33333337,604294348.0,134861973094.0,736.0,0.0,0.0,0.0,0,1,1
Lang,10,buglocator,Yes,1.0,1.0,1.0,18.876351356506348,2025-12-17T15:18:19.306126,2025-12-22T16:51:42.270950,,,,,,,,,,1,1,1
Lang,10,locus,Yes,1.0,1.0,1.0,61.84003686904907,2025-11-21T18:32:37.485287,2025-12-25T13:09:20.130823,,,,,,,,,,1,1,1
Lang,11,FlexFL,Yes,1.0,1.0,1.0,N/A,N/A,N/A,N/A,N/A,N/A,N/A,N/A,N/A,N/A,N/A,N/A,1,1,1
Lang,11,boostnsift,Yes,1.0,1.0,1.0,15.280522346496582,2025-11-18T17:52:34.719950,2025-12-22T16:51:42.270950,36.46,76.14,443949602.0,662909747.0,134861973094.0,806.0,0.0,0.0,,1,1,1
Lang,11,buglocator,Yes,1.0,1.0,1.0,14.602488279342651,2025-12-17T15:18:33.651830,2025-12-22T16:51:42.270950,,,,,,,,,,1,1,1
Lang,11,locus,Yes,1.0,1.0,1.0,60.68724942207336,2025-11-21T18:33:36.157731,2025-12-25T13:09:20.130823,,,,,,,,,,1,1,1
Lang,12,FlexFL,Yes,1.0,1.0,1.0,N/A,N/A,N/A,N/A,N/A,N/A,N/A,N/A,N/A,N/A,N/A,N/A,1,1,1
Lang,12,boostnsift,Yes,1.0,1.0,1.0,18.307115077972412,2025-11-18T17:52:47.889462,2025-12-22T16:51:42.270950,18.006666666666664,52.08,174790628.33333334,501638758.0,134861973094.0,736.0,0.0,0.0,0.0,1,1,1
Lang,12,buglocator,Yes,1.0,1.0,1.0,16.80158281326294,2025-12-17T15:18:36.107761,2025-12-22T16:51:42.270950,,,,,,,,,,1,1,1
Lang,12,locus,Yes,1.0,1.0,1.0,60.66523241996765,2025-11-21T18:33:38.154297,2025-12-25T13:09:20.130823,,,,,,,,,,1,1,1
Lang,13,FlexFL,Yes,1.0,1.0,0.5,N/A,N/A,N/A,N/A,N/A,N/A,N/A,N/A,N/A,N/A,N/A,N/A,1,1,1
Lang,13,boostnsift,Yes,2.0,0.5,0.5,17.82517957687378,2025-11-18T17:53:00.526436,2025-12-22T16:51:42.270950,22.94666666666667,65.79,189764293.66666663,545993523.0,134861973094.0,736.0,0.0,0.0,0.0,0,1,1
Lang,13,buglocator,Yes,1.0,1.0,1.0,15.670207738876345,2025-12-17T15:18:49.322092,2025-12-22T16:51:42.270950,,,,,,,,,,1,1,1
Lang,13,locus,Yes,1.0,1.0,1.0,60.623186111450195,2025-11-21T18:34:36.785033,2025-12-25T13:09:20.130823,,,,,,,,,,1,1,1
Lang,14,FlexFL,Yes,1.0,1.0,1.0,N/A,N/A,N/A,N/A,N/A,N/A,N/A,N/A,N/A,N/A,N/A,N/A,1,1,1
Lang,14,boostnsift,Yes,1.0,1.0,1.0,12.890410661697388,2025-11-18T17:53:08.249010,2025-12-22T16:51:42.270950,15.26,27.27,288326942.5,553857843.0,134861973094.0,736.0,0.0,0.0,0.0,1,1,1
Lang,14,buglocator,Yes,1.0,1.0,1.0,15.604223251342772,2025-12-17T15:18:51.712041,2025-12-22T16:51:42.270950,,,,,,,,,,1,1,1
Lang,14,locus,Yes,2.0,0.5,0.5,60.74408483505249,2025-11-21T18:34:38.901545,2025-12-25T13:09:20.130823,,,,,,,,,,0,1,1
Lang,15,FlexFL,Yes,1.0,1.0,1.0,N/A,N/A,N/A,N/A,N/A,N/A,N/A,N/A,N/A,N/A,N/A,N/A,1,1,1
Lang,15,boostnsift,Yes,1.0,1.0,1.0,15.174294233322144,2025-11-18T17:53:22.753012,2025-12-22T16:51:42.270950,20.173333333333336,58.67,206974921.33333337,598212608.0,134861973094.0,736.0,0.0,0.0,0.0,1,1,1
Lang,15,buglocator,Yes,2.0,0.5,0.5,25.107121229171753,2025-12-17T15:19:14.429277,2025-12-22T16:51:42.270950,,,,,,,,,,0,1,1
Lang,15,locus,Yes,1.0,1.0,1.0,64.64358592033386,2025-11-21T18:35:41.432428,2025-12-25T13:09:20.130823,,,,,,,,,,1,1,1
Lang,16,FlexFL,Yes,1.0,1.0,1.0,N/A,N/A,N/A,N/A,N/A,N/A,N/A,N/A,N/A,N/A,N/A,N/A,1,1,1
Lang,16,boostnsift,Yes,1.0,1.0,1.0,13.62037992477417,2025-11-18T17:53:30.389096,2025-12-22T16:51:42.270950,14.38,26.06,276367933.0,529950310.0,134861973094.0,736.0,0.0,0.0,0.0,1,1,1
Lang,16,buglocator,Yes,1.0,1.0,1.0,17.903815507888794,2025-12-17T15:19:09.615912,2025-12-22T16:51:42.270950,,,,,,,,,,1,1,1
Lang,16,locus,Yes,2.0,0.5,0.5,60.674081325531006,2025-11-21T18:35:39.579569,2025-12-25T13:09:20.130823,,,,,,,,,,0,1,1
Lang,17,FlexFL,No,,0.0,0.0,N/A,N/A,N/A,N/A,N/A,N/A,N/A,N/A,N/A,N/A,N/A,N/A,0,0,0
Lang,17,boostnsift,Yes,10.0,0.1,0.1,11.974750995635986,2025-11-18T17:53:41.688982,2025-12-22T16:51:42.270950,135.405,252.21,357407129.0,513592524.0,134861973094.0,626.0,0.0,0.0,0.0,0,0,1
Lang,17,buglocator,Yes,6.0,0.166667,0.166667,17.07964849472046,2025-12-17T15:19:26.695615,2025-12-22T16:51:42.270950,,,,,,,,,,0,0,1
Lang,17,locus,Yes,2.0,0.5,0.5,48.78188705444336,2025-11-21T18:36:28.365389,2025-12-25T13:09:20.130823,,,,,,,,,,0,1,1
Lang,18,FlexFL,Yes,2.0,0.5,0.5,N/A,N/A,N/A,N/A,N/A,N/A,N/A,N/A,N/A,N/A,N/A,N/A,1,1,1
Lang,19,FlexFL,Yes,1.0,1.0,1.0,N/A,N/A,N/A,N/A,N/A,N/A,N/A,N/A,N/A,N/A,N/A,N/A,1,1,1
Lang,19,boostnsift,Yes,4.0,0.25,0.25,7.387665510177612,2025-11-18T17:53:44.854609,2025-12-22T16:51:42.270950,3.32,3.32,22764584.0,22764584.0,134861973094.0,376.0,0.0,0.0,0.0,0,1,1
Lang,19,buglocator,No,,0.0,0.0,13.35832977294922,2025-12-17T15:19:27.787662,2025-12-22T16:51:42.270950,,,,,,,,,,0,0,0
Lang,19,locus,No,,0.0,0.0,0.408344030380249,2025-11-21T18:35:41.840837,2025-12-25T13:09:20.130823,,,,,,,,,,0,0,0
Lang,20,FlexFL,Yes,1.0,1.0,1.0,N/A,N/A,N/A,N/A,N/A,N/A,N/A,N/A,N/A,N/A,N/A,N/A,1,1,1
Lang,20,boostnsift,Yes,1.0,1.0,1.0,15.693289756774902,2025-11-18T17:54:00.587118,2025-12-22T16:51:42.270950,42.07,76.73,345448120.0,662280601.0,134861973094.0,736.0,0.0,0.0,0.0,1,1,1
Lang,20,buglocator,Yes,2.0,0.5,0.5,17.987952947616577,2025-12-17T15:19:44.683624,2025-12-22T16:51:42.270950,,,,,,,,,,0,1,1
Lang,20,locus,Yes,1.0,1.0,1.0,48.55543661117554,2025-11-21T18:36:30.399919,2025-12-25T13:09:20.130823,,,,,,,,,,1,1,1
Lang,21,FlexFL,Yes,1.0,1.0,1.0,N/A,N/A,N/A,N/A,N/A,N/A,N/A,N/A,N/A,N/A,N/A,N/A,1,1,1
Lang,21,boostnsift,Yes,1.0,1.0,1.0,11.847958326339722,2025-11-18T17:54:10.017774,2025-12-22T16:51:42.270950,42.33,83.45,252549529.5,482344960.0,134861973094.0,736.0,0.0,0.0,,1,1,1
Lang,21,buglocator,Yes,1.0,1.0,1.0,15.679781436920166,2025-12-17T15:19:43.467495,2025-12-22T16:51:42.270950,,,,,,,,,,1,1,1
Lang,21,locus,Yes,1.0,1.0,1.0,40.53230810165405,2025-11-21T18:37:08.901787,2025-12-25T13:09:20.130823,,,,,,,,,,1,1,1
Lang,22,FlexFL,Yes,1.0,1.0,1.0,N/A,N/A,N/A,N/A,N/A,N/A,N/A,N/A,N/A,N/A,N/A,N/A,1,1,1
Lang,22,boostnsift,Yes,1.0,1.0,1.0,22.239346981048584,2025-11-18T17:54:29.802885,2025-12-22T16:51:42.270950,6.934,31.48,308402978.4,509293363.0,134861973094.0,806.0,0.0,0.0,0.0,1,1,1
Lang,22,buglocator,Yes,2.0,0.5,0.5,11.899737119674684,2025-12-17T15:19:55.367286,2025-12-22T16:51:42.270950,,,,,,,,,,0,1,1
Lang,22,locus,No,,0.0,0.0,40.46644639968872,2025-11-21T18:37:10.869945,2025-12-25T13:09:20.130823,,,,,,,,,,0,0,0
Lang,23,FlexFL,No,,0.0,0.0,N/A,N/A,N/A,N/A,N/A,N/A,N/A,N/A,N/A,N/A,N/A,N/A,0,0,0
Lang,23,boostnsift,Yes,11.0,0.090909,0.090909,14.852124214172363,2025-11-18T17:54:31.806803,2025-12-22T16:51:42.270950,159.235,291.55,396099583.5,499227033.0,134861973094.0,586.0,0.0,0.0,0.0,0,0,0
Lang,23,buglocator,Yes,2.0,0.5,0.5,10.316100597381592,2025-12-17T15:19:54.999780,2025-12-22T16:51:42.270950,,,,,,,,,,0,1,1
Lang,23,locus,No,,0.0,0.0,36.509106159210205,2025-11-21T18:37:45.415228,2025-12-25T13:09:20.130823,,,,,,,,,,0,0,0
Lang,24,FlexFL,Yes,1.0,1.0,1.0,N/A,N/A,N/A,N/A,N/A,N/A,N/A,N/A,N/A,N/A,N/A,N/A,1,1,1
Lang,24,boostnsift,Yes,1.0,1.0,1.0,11.562274932861328,2025-11-18T17:54:43.701866,2025-12-22T16:51:42.270950,13.595,25.25,265190113.0,507405926.0,134861973094.0,736.0,0.0,0.0,0.0,1,1,1
Lang,24,buglocator,Yes,1.0,1.0,1.0,13.407265663146973,2025-12-17T15:20:08.407098,2025-12-22T16:51:42.270950,,,,,,,,,,1,1,1
Lang,24,locus,Yes,1.0,1.0,1.0,36.52799654006958,2025-11-21T18:37:47.401557,2025-12-25T13:09:20.130823,,,,,,,,,,1,1,1
Lang,25,FlexFL,No,,0.0,0.0,N/A,N/A,N/A,N/A,N/A,N/A,N/A,N/A,N/A,N/A,N/A,N/A,0,0,0
Lang,26,FlexFL,Yes,1.0,1.0,1.0,N/A,N/A,N/A,N/A,N/A,N/A,N/A,N/A,N/A,N/A,N/A,N/A,1,1,1
Lang,26,boostnsift,Yes,1.0,1.0,1.0,13.23418927192688,2025-11-18T17:54:56.354623,2025-12-22T16:51:42.270950,160.57999999999998,299.69,448004095.5,641938227.0,134861973094.0,626.0,0.0,0.0,0.0,1,1,1
Lang,26,buglocator,Yes,2.0,0.5,0.5,13.915995121002195,2025-12-17T15:20:09.283330,2025-12-22T16:51:42.270950,,,,,,,,,,0,1,1
Lang,26,locus,No,,0.0,0.0,36.567830085754395,2025-11-21T18:38:21.986547,2025-12-25T13:09:20.130823,,,,,,,,,,0,0,0
Lang,27,FlexFL,Yes,1.0,1.0,1.0,N/A,N/A,N/A,N/A,N/A,N/A,N/A,N/A,N/A,N/A,N/A,N/A,1,1,1
Lang,27,boostnsift,Yes,1.0,1.0,1.0,12.59372591972351,2025-11-18T17:55:04.721507,2025-12-22T16:51:42.270950,8.280000000000001,13.96,373880258.0,724775731.0,134861973094.0,736.0,0.0,0.0,0.0,1,1,1
Lang,27,buglocator,Yes,1.0,1.0,1.0,10.950588941574097,2025-12-17T15:20:19.357743,2025-12-22T16:51:42.270950,,,,,,,,,,1,1,1
Lang,27,locus,No,,0.0,0.0,41.009581565856934,2025-11-21T18:38:28.414748,2025-12-25T13:09:20.130823,,,,,,,,,,0,0,0
Lang,28,FlexFL,Yes,2.0,0.5,0.5,N/A,N/A,N/A,N/A,N/A,N/A,N/A,N/A,N/A,N/A,N/A,N/A,0,1,1
Lang,28,boostnsift,Yes,6.0,0.166667,0.166667,10.968368768692017,2025-11-18T17:55:13.992038,2025-12-22T16:51:42.270950,1.2,2.4,11387535.0,22775070.0,134861973094.0,486.0,0.0,0.0,0.0,0,0,1
Lang,28,buglocator,Yes,16.0,0.0625,0.0625,10.80413055419922,2025-12-17T15:20:20.087514,2025-12-22T16:51:42.270950,,,,,,,,,,0,0,0
Lang,28,locus,No,,0.0,0.0,32.89848279953003,2025-11-21T18:38:54.889303,2025-12-25T13:09:20.130823,,,,,,,,,,0,0,0
Lang,29,FlexFL,Yes,4.0,0.25,0.25,N/A,N/A,N/A,N/A,N/A,N/A,N/A,N/A,N/A,N/A,N/A,N/A,1,1,1
Lang,29,boostnsift,Yes,24.0,0.041667,0.041667,10.914030075073242,2025-11-18T17:55:23.291267,2025-12-22T16:51:42.270950,1.485,2.97,11392778.0,22785556.0,134861973094.0,486.0,0.0,0.0,0.0,0,0,0
Lang,29,buglocator,Yes,1.0,1.0,1.0,14.654982566833496,2025-12-17T15:20:34.012780,2025-12-22T16:51:42.270950,,,,,,,,,,1,1,1
Lang,29,locus,No,,0.0,0.0,32.92454385757446,2025-11-21T18:39:01.343302,2025-12-25T13:09:20.130823,,,,,,,,,,0,0,0
Lang,30,FlexFL,Yes,1.0,1.0,1.0,N/A,N/A,N/A,N/A,N/A,N/A,N/A,N/A,N/A,N/A,N/A,N/A,1,1,1
Lang,30,boostnsift,Yes,1.0,1.0,1.0,11.571373462677002,2025-11-18T17:55:42.020161,2025-12-22T16:51:42.270950,0.57,1.14,11392778.0,22785556.0,134861973094.0,376.0,0.0,0.0,0.0,1,1,1
Lang,30,buglocator,Yes,6.0,0.166667,0.166667,10.87468934059143,2025-12-17T15:20:44.887524,2025-12-22T16:51:42.270950,,,,,,,,,,0,0,1
Lang,30,locus,Yes,1.0,1.0,1.0,32.479459047317505,2025-11-21T18:39:33.826611,2025-12-25T13:09:20.130823,,,,,,,,,,1,1,1
Lang,31,FlexFL,Yes,1.0,1.0,1.0,N/A,N/A,N/A,N/A,N/A,N/A,N/A,N/A,N/A,N/A,N/A,N/A,1,1,1
Lang,31,boostnsift,Yes,1.0,1.0,1.0,8.64478611946106,2025-11-18T17:55:50.007085,2025-12-22T16:51:42.270950,161.82,161.82,139775180.0,139775180.0,134861973094.0,516.0,0.0,0.0,0.0,1,1,1
Lang,31,buglocator,Yes,5.0,0.2,0.2,9.076439142227173,2025-12-17T15:20:44.834649,2025-12-22T16:51:42.270950,,,,,,,,,,0,1,1
Lang,31,locus,Yes,1.0,1.0,1.0,32.84678292274475,2025-11-21T18:40:06.676926,2025-12-25T13:09:20.130823,,,,,,,,,,1,1,1
Lang,32,FlexFL,Yes,1.0,1.0,0.4666666666666666,N/A,N/A,N/A,N/A,N/A,N/A,N/A,N/A,N/A,N/A,N/A,N/A,1,1,1
Lang,32,boostnsift,Yes,11.0,0.090909,0.090909,13.219584226608276,2025-11-18T17:56:02.563461,2025-12-22T16:51:42.270950,187.4,357.79,386452684.5,462631731.0,134861973094.0,626.0,0.0,0.0,0.0,0,0,0
Lang,32,buglocator,Yes,9.0,0.111111,0.111111,18.604278564453125,2025-12-17T15:21:03.438977,2025-12-22T16:51:42.270950,,,,,,,,,,0,0,1
Lang,32,locus,Yes,1.0,1.0,1.0,28.41674208641052,2025-11-21T18:40:08.673876,2025-12-25T13:09:20.130823,,,,,,,,,,1,1,1
Lang,33,FlexFL,Yes,1.0,1.0,1.0,N/A,N/A,N/A,N/A,N/A,N/A,N/A,N/A,N/A,N/A,N/A,N/A,1,1,1
Lang,33,boostnsift,Yes,7.0,0.142857,0.142857,14.650912761688232,2025-11-18T17:56:13.752066,2025-12-22T16:51:42.270950,171.26,318.93,369727897.5,455291699.0,134861973094.0,626.0,0.0,0.0,0.0,0,0,1
Lang,33,buglocator,Yes,6.0,0.166667,0.166667,14.847228765487673,2025-12-17T15:20:59.734794,2025-12-22T16:51:42.270950,,,,,,,,,,0,0,1
Lang,33,locus,Yes,1.0,1.0,1.0,28.428640127182007,2025-11-21T18:40:35.109111,2025-12-25T13:09:20.130823,,,,,,,,,,1,1,1
Lang,34,FlexFL,Yes,1.0,1.0,1.0,N/A,N/A,N/A,N/A,N/A,N/A,N/A,N/A,N/A,N/A,N/A,N/A,1,1,1
Lang,34,boostnsift,Yes,13.0,0.076923,0.076923,7.11321234703064,2025-11-18T17:56:16.626535,2025-12-22T16:51:42.270950,2.4,2.4,22963814.0,22963814.0,134861973094.0,376.0,0.0,0.0,0.0,0,0,0
Lang,34,buglocator,Yes,1.0,1.0,1.0,11.841632604599,2025-12-17T15:21:11.576479,2025-12-22T16:51:42.270950,,,,,,,,,,1,1,1
Lang,34,locus,No,,0.0,0.0,28.44165277481079,2025-11-21T18:40:37.119406,2025-12-25T13:09:20.130823,,,,,,,,,,0,0,0
Lang,35,FlexFL,Yes,1.0,1.0,1.0,N/A,N/A,N/A,N/A,N/A,N/A,N/A,N/A,N/A,N/A,N/A,N/A,1,1,1
Lang,35,boostnsift,Yes,2.0,0.5,0.5,15.944182634353638,2025-11-18T17:56:32.930767,2025-12-22T16:51:42.270950,24.10666666666667,69.56,292440855.6666667,430859878.0,134861973094.0,806.0,0.0,0.0,,0,1,1
Lang,35,buglocator,Yes,2.0,0.5,0.5,15.55253839492798,2025-12-17T15:21:18.991569,2025-12-22T16:51:42.270950,,,,,,,,,,0,1,1
Lang,35,locus,No,,0.0,0.0,28.67053699493408,2025-11-21T18:41:03.783562,2025-12-25T13:09:20.130823,,,,,,,,,,0,0,0
Lang,36,FlexFL,Yes,1.0,1.0,0.8333333333333333,N/A,N/A,N/A,N/A,N/A,N/A,N/A,N/A,N/A,N/A,N/A,N/A,1,1,1
Lang,36,boostnsift,Yes,1.0,1.0,1.0,14.116647720336914,2025-11-18T17:56:41.006476,2025-12-22T16:51:42.270950,11.12,20.4,216080056.0,409049497.0,134861973094.0,736.0,0.0,0.0,0.0,1,1,1
Lang,36,buglocator,Yes,1.0,1.0,1.0,12.598748207092283,2025-12-17T15:21:24.175283,2025-12-22T16:51:42.270950,,,,,,,,,,1,1,1
Lang,36,locus,No,,0.0,0.0,28.621697425842285,2025-11-21T18:41:05.745392,2025-12-25T13:09:20.130823,,,,,,,,,,0,0,0
Lang,37,FlexFL,Yes,1.0,1.0,1.0,N/A,N/A,N/A,N/A,N/A,N/A,N/A,N/A,N/A,N/A,N/A,N/A,1,1,1
Lang,37,boostnsift,Yes,8.0,0.125,0.125,11.31973934173584,2025-11-18T17:56:50.689923,2025-12-22T16:51:42.270950,1.19,2.38,11366563.5,22733127.0,134861973094.0,486.0,0.0,0.0,0.0,0,0,1
Lang,37,buglocator,Yes,1.0,1.0,1.0,17.243914127349854,2025-12-17T15:21:36.235538,2025-12-22T16:51:42.270950,,,,,,,,,,1,1,1
Lang,37,locus,Yes,25.0,0.04,0.04,28.45443964004517,2025-11-21T18:41:32.241998,2025-12-25T13:09:20.130823,,,,,,,,,,0,0,0
Lang,38,FlexFL,Yes,1.0,1.0,1.0,N/A,N/A,N/A,N/A,N/A,N/A,N/A,N/A,N/A,N/A,N/A,N/A,1,1,1
Lang,38,boostnsift,Yes,2.0,0.5,0.5,16.556094884872437,2025-11-18T17:57:04.703037,2025-12-22T16:51:42.270950,30.0,60.0,33533460.0,67066920.0,134861973094.0,426.0,0.0,0.0,0.0,0,1,1
Lang,38,buglocator,Yes,4.0,0.25,0.25,16.14443612098694,2025-12-17T15:21:40.319772,2025-12-22T16:51:42.270950,,,,,,,,,,0,1,1
Lang,38,locus,No,,0.0,0.0,28.47661542892456,2025-11-21T18:41:34.234577,2025-12-25T13:09:20.130823,,,,,,,,,,0,0,0
Lang,39,FlexFL,Yes,1.0,1.0,1.0,N/A,N/A,N/A,N/A,N/A,N/A,N/A,N/A,N/A,N/A,N/A,N/A,1,1,1
Lang,39,boostnsift,Yes,1.0,1.0,1.0,8.01706862449646,2025-11-18T17:57:08.585163,2025-12-22T16:51:42.270950,1.75,1.75,22869442.0,22869442.0,134861973094.0,486.0,0.0,0.0,0.0,1,1,1
Lang,39,buglocator,Yes,2.0,0.5,0.5,9.60823106765747,2025-12-17T15:21:45.843822,2025-12-22T16:51:42.270950,,,,,,,,,,0,1,1
Lang,39,locus,No,,0.0,0.0,28.417656660079956,2025-11-21T18:42:00.663153,2025-12-25T13:09:20.130823,,,,,,,,,,0,0,0
Lang,40,FlexFL,Yes,1.0,1.0,1.0,N/A,N/A,N/A,N/A,N/A,N/A,N/A,N/A,N/A,N/A,N/A,N/A,1,1,1
Lang,40,boostnsift,Yes,1.0,1.0,1.0,13.799366474151611,2025-11-18T17:57:32.168984,2025-12-22T16:51:42.270950,18.34,26.42,231289651.0,433271603.0,134861973094.0,516.0,0.0,0.0,,1,1,1
Lang,40,buglocator,Yes,1.0,1.0,1.0,17.546189308166504,2025-12-17T15:22:03.390068,2025-12-22T16:51:42.270950,,,,,,,,,,1,1,1
Lang,40,locus,Yes,1.0,1.0,1.0,28.43503189086914,2025-11-21T18:42:29.102474,2025-12-25T13:09:20.130823,,,,,,,,,,1,1,1
Lang,41,FlexFL,Yes,1.0,1.0,0.5,N/A,N/A,N/A,N/A,N/A,N/A,N/A,N/A,N/A,N/A,N/A,N/A,1,1,1
Lang,41,boostnsift,Yes,6.0,0.166667,0.166667,12.888973236083984,2025-11-18T17:57:45.524828,2025-12-22T16:51:42.270950,178.38,342.37,373450342.0,441031065.0,134861973094.0,626.0,0.0,0.0,0.0,0,0,1
Lang,41,buglocator,Yes,2.0,0.5,0.5,14.397934913635254,2025-12-17T15:22:08.168594,2025-12-22T16:51:42.270950,,,,,,,,,,0,1,1
Lang,41,locus,Yes,1.0,1.0,1.0,28.92643690109253,2025-11-21T18:42:58.033438,2025-12-25T13:09:20.130823,,,,,,,,,,1,1,1
Lang,42,FlexFL,Yes,4.0,0.25,0.25,N/A,N/A,N/A,N/A,N/A,N/A,N/A,N/A,N/A,N/A,N/A,N/A,0,1,1
Lang,42,boostnsift,Yes,12.0,0.083333,0.083333,16.9326651096344,2025-11-18T17:57:58.241918,2025-12-22T16:51:42.270950,27.666666666666668,79.9,174549456.0,500590182.0,134861973094.0,736.0,0.0,0.0,0.0,0,0,0
Lang,42,buglocator,Yes,108.0,0.009259,0.009259,13.774316549301147,2025-12-17T15:22:17.164440,2025-12-22T16:51:42.270950,,,,,,,,,,0,0,0
Lang,42,locus,Yes,20.0,0.05,0.05,28.937840700149536,2025-11-21T18:43:04.447933,2025-12-25T13:09:20.130823,,,,,,,,,,0,0,0
Lang,43,FlexFL,Yes,1.0,1.0,1.0,N/A,N/A,N/A,N/A,N/A,N/A,N/A,N/A,N/A,N/A,N/A,N/A,1,1,1
Lang,43,boostnsift,Yes,1.0,1.0,1.0,15.119735717773438,2025-11-18T17:58:10.417208,2025-12-22T16:51:42.270950,182.965,340.42,354680831.5,454662553.0,134861973094.0,626.0,0.0,0.0,0.0,1,1,1
Lang,43,buglocator,Yes,1.0,1.0,1.0,14.99361801147461,2025-12-17T15:22:23.162267,2025-12-22T16:51:42.270950,,,,,,,,,,1,1,1
Lang,43,locus,Yes,1.0,1.0,1.0,28.931586027145386,2025-11-21T18:43:26.969288,2025-12-25T13:09:20.130823,,,,,,,,,,1,1,1
Lang,44,FlexFL,Yes,4.0,0.25,0.25,N/A,N/A,N/A,N/A,N/A,N/A,N/A,N/A,N/A,N/A,N/A,N/A,0,1,1
Lang,44,boostnsift,Yes,4.0,0.25,0.25,11.954514980316162,2025-11-18T17:58:18.061988,2025-12-22T16:51:42.270950,19.675,36.0,255170969.0,487482982.0,134861973094.0,736.0,0.0,0.0,0.0,0,1,1
Lang,44,buglocator,Yes,2.0,0.5,0.5,15.313657522201538,2025-12-17T15:22:32.478151,2025-12-22T16:51:42.270950,,,,,,,,,,0,1,1
Lang,44,locus,Yes,4.0,0.25,0.25,29.011436462402344,2025-11-21T18:43:33.463505,2025-12-25T13:09:20.130823,,,,,,,,,,0,1,1
Lang,45,FlexFL,Yes,1.0,1.0,1.0,N/A,N/A,N/A,N/A,N/A,N/A,N/A,N/A,N/A,N/A,N/A,N/A,1,1,1
Lang,45,boostnsift,Yes,1.0,1.0,1.0,8.8072030544281,2025-11-18T17:58:26.188096,2025-12-22T16:51:42.270950,1.08,1.08,22743613.0,22743613.0,134861973094.0,646.0,0.0,0.0,0.0,1,1,1
Lang,45,buglocator,Yes,1.0,1.0,1.0,13.698510646820068,2025-12-17T15:22:36.860832,2025-12-22T16:51:42.270950,,,,,,,,,,1,1,1
Lang,45,locus,Yes,1.0,1.0,1.0,28.914844512939453,2025-11-21T18:43:55.888536,2025-12-25T13:09:20.130823,,,,,,,,,,1,1,1
Lang,46,FlexFL,Yes,1.0,1.0,0.1666666666666666,N/A,N/A,N/A,N/A,N/A,N/A,N/A,N/A,N/A,N/A,N/A,N/A,1,1,1
Lang,46,boostnsift,Yes,1.0,1.0,1.0,16.307878017425537,2025-11-18T17:58:42.876648,2025-12-22T16:51:42.270950,108.47,309.12,221459251.0,417962393.0,134861973094.0,696.0,0.0,0.0,0.0,1,1,1
Lang,46,buglocator,Yes,1.0,1.0,1.0,18.285855770111084,2025-12-17T15:22:50.764058,2025-12-22T16:51:42.270950,,,,,,,,,,1,1,1
Lang,46,locus,Yes,1.0,1.0,1.0,28.90599536895752,2025-11-21T18:44:02.372736,2025-12-25T13:09:20.130823,,,,,,,,,,1,1,1
Lang,47,FlexFL,Yes,1.0,1.0,1.0,N/A,N/A,N/A,N/A,N/A,N/A,N/A,N/A,N/A,N/A,N/A,N/A,1,1,1
Lang,47,boostnsift,Yes,1.0,1.0,1.0,13.300862789154053,2025-11-18T17:58:48.407918,2025-12-22T16:51:42.270950,92.745,160.71,282276659.0,426665574.0,134861973094.0,736.0,0.0,0.0,0.0,1,1,1
Lang,47,buglocator,Yes,1.0,1.0,1.0,15.580507516860962,2025-12-17T15:22:52.441395,2025-12-22T16:51:42.270950,,,,,,,,,,1,1,1
Lang,47,locus,Yes,1.0,1.0,1.0,24.871134281158447,2025-11-21T18:44:20.763666,2025-12-25T13:09:20.130823,,,,,,,,,,1,1,1
Lang,48,FlexFL,Yes,1.0,1.0,1.0,N/A,N/A,N/A,N/A,N/A,N/A,N/A,N/A,N/A,N/A,N/A,N/A,1,1,1
Lang,49,FlexFL,Yes,4.0,0.25,0.25,N/A,N/A,N/A,N/A,N/A,N/A,N/A,N/A,N/A,N/A,N/A,N/A,1,1,1
Lang,49,boostnsift,Yes,1.0,1.0,1.0,16.061331033706665,2025-11-18T17:59:04.834398,2025-12-22T16:51:42.270950,23.22666666666667,67.53,318487483.3333333,471754342.0,134861973094.0,806.0,0.0,0.0,,1,1,1
Lang,49,buglocator,Yes,2.0,0.5,0.5,12.284085512161257,2025-12-17T15:23:03.048198,2025-12-22T16:51:42.270950,,,,,,,,,,0,1,1
Lang,49,locus,Yes,1.0,1.0,1.0,24.77496886253357,2025-11-21T18:44:27.151438,2025-12-25T13:09:20.130823,,,,,,,,,,1,1,1
Lang,50,FlexFL,Yes,1.0,1.0,1.0,N/A,N/A,N/A,N/A,N/A,N/A,N/A,N/A,N/A,N/A,N/A,N/A,1,1,1
Lang,50,boostnsift,Yes,1.0,1.0,1.0,8.346347093582153,2025-11-18T17:59:20.333092,2025-12-22T16:51:42.270950,1.86,1.86,22869442.0,22869442.0,134861973094.0,486.0,0.0,0.0,0.0,1,1,1
Lang,50,buglocator,Yes,1.0,1.0,1.0,17.307626247406006,2025-12-17T15:23:20.355882,2025-12-22T16:51:42.270950,,,,,,,,,,1,1,1
Lang,50,locus,Yes,1.0,1.0,1.0,24.506735801696777,2025-11-21T18:44:51.661925,2025-12-25T13:09:20.130823,,,,,,,,,,1,1,1
Lang,51,FlexFL,Yes,1.0,1.0,1.0,N/A,N/A,N/A,N/A,N/A,N/A,N/A,N/A,N/A,N/A,N/A,N/A,1,1,1
Lang,51,boostnsift,Yes,28.0,0.035714,0.035714,12.477352619171144,2025-11-18T17:59:33.146719,2025-12-22T16:51:42.270950,25.945,49.68,258044067.5,492516147.0,134861973094.0,736.0,0.0,0.0,0.0,0,0,0
Lang,51,buglocator,Yes,2.0,0.5,0.5,14.048390626907349,2025-12-17T15:23:21.723437,2025-12-22T16:51:42.270950,,,,,,,,,,0,1,1
Lang,51,locus,Yes,2.0,0.5,0.5,24.442822456359863,2025-11-21T18:45:16.109053,2025-12-25T13:09:20.130823,,,,,,,,,,0,1,1
Lang,52,FlexFL,Yes,1.0,1.0,1.0,N/A,N/A,N/A,N/A,N/A,N/A,N/A,N/A,N/A,N/A,N/A,N/A,1,1,1
Lang,52,boostnsift,Yes,1.0,1.0,1.0,13.317189455032349,2025-11-18T17:59:46.482356,2025-12-22T16:51:42.270950,192.32,359.72,350434099.0,410412646.0,134861973094.0,626.0,0.0,0.0,0.0,1,1,1
Lang,52,buglocator,Yes,1.0,1.0,1.0,22.733954429626465,2025-12-17T15:23:43.089892,2025-12-22T16:51:42.270950,,,,,,,,,,1,1,1
Lang,52,locus,Yes,2.0,0.5,0.5,25.7543203830719,2025-11-21T18:45:41.867328,2025-12-25T13:09:20.130823,,,,,,,,,,0,1,1
Lang,53,FlexFL,Yes,1.0,1.0,1.0,N/A,N/A,N/A,N/A,N/A,N/A,N/A,N/A,N/A,N/A,N/A,N/A,1,1,1
Lang,53,boostnsift,Yes,1.0,1.0,1.0,11.690735816955566,2025-11-18T17:59:53.938366,2025-12-22T16:51:42.270950,10.5,18.29,215429939.0,407896064.0,134861973094.0,736.0,0.0,0.0,0.0,1,1,1
Lang,53,buglocator,Yes,2.0,0.5,0.5,23.22499632835388,2025-12-17T15:23:44.948487,2025-12-22T16:51:42.270950,,,,,,,,,,0,1,1
Lang,53,locus,Yes,1.0,1.0,1.0,4.306811571121216,2025-11-21T18:45:26.868413,2025-12-25T13:09:20.130823,,,,,,,,,,1,1,1
Lang,54,FlexFL,Yes,1.0,1.0,1.0,N/A,N/A,N/A,N/A,N/A,N/A,N/A,N/A,N/A,N/A,N/A,N/A,1,1,1
Lang,54,boostnsift,Yes,1.0,1.0,1.0,14.517302989959717,2025-11-18T18:00:07.830697,2025-12-22T16:51:42.270950,0.58,1.16,11387535.0,22775070.0,134861973094.0,486.0,0.0,0.0,0.0,1,1,1
Lang,54,buglocator,Yes,1.0,1.0,1.0,8.212153434753418,2025-12-17T15:23:51.302104,2025-12-22T16:51:42.270950,,,,,,,,,,1,1,1
Lang,54,locus,Yes,1.0,1.0,1.0,4.337882995605469,2025-11-21T18:45:31.211286,2025-12-25T13:09:20.130823,,,,,,,,,,1,1,1
Lang,55,FlexFL,Yes,2.0,0.5,0.5,N/A,N/A,N/A,N/A,N/A,N/A,N/A,N/A,N/A,N/A,N/A,N/A,1,1,1
Lang,55,boostnsift,Yes,1.0,1.0,1.0,12.219371795654297,2025-11-18T18:00:18.419583,2025-12-22T16:51:42.270950,32.574999999999996,64.71,243479347.0,464204595.0,134861973094.0,736.0,0.0,0.0,0.0,1,1,1
Lang,55,buglocator,Yes,1.0,1.0,1.0,12.776545286178589,2025-12-17T15:23:57.725090,2025-12-22T16:51:42.270950,,,,,,,,,,1,1,1
Lang,55,locus,Yes,1.0,1.0,1.0,4.332665205001831,2025-11-21T18:45:35.547927,2025-12-25T13:09:20.130823,,,,,,,,,,1,1,1
Lang,56,FlexFL,No,,0.0,0.0,N/A,N/A,N/A,N/A,N/A,N/A,N/A,N/A,N/A,N/A,N/A,N/A,0,0,0
Lang,56,boostnsift,Yes,1.0,1.0,1.0,15.23910403251648,2025-11-18T18:00:31.473896,2025-12-22T16:51:42.270950,5.303333333333334,12.82,180935284.0,519569408.0,134861973094.0,806.0,0.0,0.0,0.0,1,1,1
Lang,56,buglocator,Yes,2.0,0.5,0.5,8.334121227264404,2025-12-17T15:23:59.636280,2025-12-22T16:51:42.270950,,,,,,,,,,0,1,1
Lang,56,locus,Yes,1.0,1.0,1.0,4.283711194992065,2025-11-21T18:45:39.835846,2025-12-25T13:09:20.130823,,,,,,,,,,1,1,1
Lang,57,FlexFL,Yes,1.0,1.0,1.0,N/A,N/A,N/A,N/A,N/A,N/A,N/A,N/A,N/A,N/A,N/A,N/A,1,1,1
Lang,57,boostnsift,Yes,3.0,0.333333,0.333333,15.48842477798462,2025-11-18T18:00:41.766651,2025-12-22T16:51:42.270950,39.13,75.5,260843765.0,498912460.0,134861973094.0,736.0,0.0,0.0,,0,1,1
Lang,57,buglocator,Yes,4.0,0.25,0.25,13.143238544464111,2025-12-17T15:24:10.868385,2025-12-22T16:51:42.270950,,,,,,,,,,0,1,1
Lang,57,locus,Yes,2.0,0.5,0.5,4.5675389766693115,2025-11-21T18:45:44.407325,2025-12-25T13:09:20.130823,,,,,,,,,,0,1,1
Lang,58,FlexFL,No,,0.0,0.0,N/A,N/A,N/A,N/A,N/A,N/A,N/A,N/A,N/A,N/A,N/A,N/A,0,0,0
Lang,58,boostnsift,Yes,2.0,0.5,0.5,11.685925006866457,2025-11-18T18:00:50.880776,2025-12-22T16:51:42.270950,15.47,27.94,217936035.5,412719513.0,134861973094.0,736.0,0.0,0.0,0.0,0,1,1
Lang,58,buglocator,Yes,1.0,1.0,1.0,13.324316501617432,2025-12-17T15:24:12.960649,2025-12-22T16:51:42.270950,,,,,,,,,,1,1,1
Lang,58,locus,Yes,1.0,1.0,1.0,4.35794472694397,2025-11-21T18:45:46.229230,2025-12-25T13:09:20.130823,,,,,,,,,,1,1,1
Lang,59,FlexFL,Yes,1.0,1.0,1.0,N/A,N/A,N/A,N/A,N/A,N/A,N/A,N/A,N/A,N/A,N/A,N/A,1,1,1
Lang,59,boostnsift,Yes,1.0,1.0,1.0,18.71443748474121,2025-11-18T18:01:07.928542,2025-12-22T16:51:42.270950,25.25,51.49,233903226.5,533515468.0,134861973094.0,806.0,0.0,0.0,0.0,1,1,1
Lang,59,buglocator,Yes,1.0,1.0,1.0,9.250571012496948,2025-12-17T15:24:20.119011,2025-12-22T16:51:42.270950,,,,,,,,,,1,1,1
Lang,59,locus,Yes,1.0,1.0,1.0,4.294536828994751,2025-11-21T18:45:48.705655,2025-12-25T13:09:20.130823,,,,,,,,,,1,1,1
Lang,60,FlexFL,Yes,1.0,1.0,0.5,N/A,N/A,N/A,N/A,N/A,N/A,N/A,N/A,N/A,N/A,N/A,N/A,1,1,1
Lang,60,boostnsift,Yes,1.0,1.0,1.0,19.17784857749939,2025-11-18T18:01:35.486884,2025-12-22T16:51:42.270950,21.2475,70.36,343133388.5,454557696.0,134861973094.0,806.0,0.0,0.0,0.0,1,1,1
Lang,60,buglocator,Yes,2.0,0.5,0.5,14.52887797355652,2025-12-17T15:24:34.647944,2025-12-22T16:51:42.270950,,,,,,,,,,0,1,1
Lang,60,locus,Yes,1.0,1.0,1.0,4.306365489959717,2025-11-21T18:45:53.015829,2025-12-25T13:09:20.130823,,,,,,,,,,1,1,1
Lang,61,FlexFL,Yes,1.0,1.0,1.0,N/A,N/A,N/A,N/A,N/A,N/A,N/A,N/A,N/A,N/A,N/A,N/A,1,1,1
Lang,61,boostnsift,Yes,17.0,0.058824,0.058824,15.991122484207152,2025-11-18T18:01:40.347050,2025-12-22T16:51:42.270950,148.71666666666667,303.58,331315063.0,593913446.0,134861973094.0,586.0,0.0,0.0,0.0,0,0,0
Lang,61,buglocator,Yes,2.0,0.5,0.5,10.529138088226318,2025-12-17T15:24:39.564727,2025-12-22T16:51:42.270950,,,,,,,,,,0,1,1
Lang,61,locus,Yes,2.0,0.5,0.5,4.323547840118408,2025-11-21T18:45:57.343208,2025-12-25T13:09:20.130823,,,,,,,,,,0,1,1
Lang,62,FlexFL,Yes,1.0,1.0,0.5,N/A,N/A,N/A,N/A,N/A,N/A,N/A,N/A,N/A,N/A,N/A,N/A,1,1,1
Lang,62,boostnsift,Yes,2.0,0.5,0.5,7.530618190765381,2025-11-18T18:01:48.399587,2025-12-22T16:51:42.270950,2.77,2.77,22754099.0,22754099.0,134861973094.0,486.0,0.0,0.0,,0,1,1
Lang,62,buglocator,Yes,26.0,0.038462,0.038462,14.93215537071228,2025-12-17T15:24:49.580158,2025-12-22T16:51:42.270950,,,,,,,,,,0,0,0
Lang,62,locus,Yes,4.0,0.25,0.25,4.2801830768585205,2025-11-21T18:46:01.627452,2025-12-25T13:09:20.130823,,,,,,,,,,0,1,1
Lang,63,FlexFL,Yes,1.0,1.0,1.0,N/A,N/A,N/A,N/A,N/A,N/A,N/A,N/A,N/A,N/A,N/A,N/A,1,1,1
Lang,63,boostnsift,Yes,1.0,1.0,1.0,11.796364068984984,2025-11-18T18:02:00.594687,2025-12-22T16:51:42.270950,177.14999999999998,326.96,318190387.0,370042470.0,134861973094.0,626.0,0.0,0.0,0.0,1,1,1
Lang,63,buglocator,Yes,7.0,0.142857,0.142857,13.6904776096344,2025-12-17T15:24:53.255258,2025-12-22T16:51:42.270950,,,,,,,,,,0,0,1
Lang,63,locus,Yes,2.0,0.5,0.5,4.377144813537598,2025-11-21T18:46:06.008442,2025-12-25T13:09:20.130823,,,,,,,,,,0,1,1
Lang,64,FlexFL,Yes,1.0,1.0,1.0,N/A,N/A,N/A,N/A,N/A,N/A,N/A,N/A,N/A,N/A,N/A,N/A,1,1,1
Lang,64,boostnsift,Yes,1.0,1.0,1.0,12.852537631988524,2025-11-18T18:02:09.228732,2025-12-22T16:51:42.270950,1.38,2.76,11434721.0,22869442.0,134861973094.0,486.0,0.0,0.0,0.0,1,1,1
Lang,64,buglocator,Yes,3.0,0.333333,0.333333,11.002463579177856,2025-12-17T15:25:00.582686,2025-12-22T16:51:42.270950,,,,,,,,,,0,1,1
Lang,64,locus,Yes,1.0,1.0,1.0,4.275837421417236,2025-11-21T18:46:10.287462,2025-12-25T13:09:20.130823,,,,,,,,,,1,1,1
Lang,65,FlexFL,Yes,1.0,1.0,1.0,N/A,N/A,N/A,N/A,N/A,N/A,N/A,N/A,N/A,N/A,N/A,N/A,1,1,1
Lang,65,boostnsift,Yes,1.0,1.0,1.0,14.432928085327148,2025-11-18T18:02:22.029603,2025-12-22T16:51:42.270950,26.783333333333335,78.06,139299826.0,395103436.0,134861973094.0,736.0,0.0,0.0,0.0,1,1,1
Lang,65,buglocator,Yes,2.0,0.5,0.5,11.762945175170898,2025-12-17T15:25:05.018252,2025-12-22T16:51:42.270950,,,,,,,,,,0,1,1
Lang,65,locus,Yes,2.0,0.5,0.5,4.265876770019531,2025-11-21T18:46:14.557355,2025-12-25T13:09:20.130823,,,,,,,,,,0,1,1
Math,1,FlexFL,Yes,1.0,1.0,1.0,N/A,N/A,N/A,N/A,N/A,N/A,N/A,N/A,N/A,N/A,N/A,N/A,1,1,1
Math,1,boostnsift,Yes,1.0,1.0,1.0,42.3399715423584,2025-11-27T08:04:57.731104,2025-12-22T16:51:46.559971,8.025,12.82,80714137.5,138621747.0,134861973094.0,736.0,0.0,0.0,0.0,1,1,1
Math,1,buglocator,Yes,5.0,0.2,0.2,32.37191128730774,2025-11-18T18:03:31.673932,2025-12-22T16:51:46.559971,167.58,361.77,839841567.6666666,1571958030.0,134861973094.0,806.0,0.0,0.0,0.0,0,1,1
Math,1,locus,Yes,6.0,0.166667,0.166667,41.06355309486389,2025-12-22T15:22:50.156909,2025-12-22T16:51:46.559971,,,,,,,,,,0,0,1
Math,2,FlexFL,Yes,2.0,0.5,0.5,N/A,N/A,N/A,N/A,N/A,N/A,N/A,N/A,N/A,N/A,N/A,N/A,1,1,1
Math,2,boostnsift,Yes,3.0,0.333333,0.333333,34.377450942993164,2025-11-18T18:10:41.336346,2025-12-22T16:51:46.559971,109.40333333333336,216.77,467965487.3333333,892967321.0,134861973094.0,806.0,0.0,0.0,0.0,0,1,1
Math,2,buglocator,Yes,1.0,1.0,1.0,23.493537664413452,2025-11-18T18:10:43.353435,2025-12-22T16:51:46.559971,117.02333333333333,320.36,313468299.6666667,900726784.0,134861973094.0,516.0,0.0,0.0,0.0,1,1,1
Math,2,locus,Yes,1.0,1.0,1.0,223.40516996383667,2025-12-22T15:40:59.286400,2025-12-22T16:51:46.559971,,,,,,,,,,1,1,1
Math,3,FlexFL,Yes,1.0,1.0,1.0,N/A,N/A,N/A,N/A,N/A,N/A,N/A,N/A,N/A,N/A,N/A,N/A,1,1,1
Math,3,boostnsift,Yes,1.0,1.0,1.0,43.89656829833984,2025-11-18T18:16:01.405946,2025-12-22T16:51:46.559971,140.57000000000002,539.25,206247034.5,449943961.0,134861973094.0,806.0,0.0,0.0,0.0,1,1,1
Math,3,buglocator,Yes,3.0,0.333333,0.333333,29.708444118499756,2025-11-18T18:15:59.390059,2025-12-22T16:51:46.559971,113.89333333333332,251.12,457724395.0,1250909224.0,134861973094.0,696.0,0.0,0.0,0.0,0,1,1
Math,3,locus,Yes,1.0,1.0,1.0,89.3969190120697,2025-12-22T15:49:22.867938,2025-12-22T16:51:46.559971,,,,,,,,,,1,1,1
Math,4,FlexFL,Yes,2.0,0.5,0.5,N/A,N/A,N/A,N/A,N/A,N/A,N/A,N/A,N/A,N/A,N/A,N/A,0,1,1
Math,4,boostnsift,Yes,2.0,0.5,0.5,35.544219970703125,2025-11-18T18:21:08.951990,2025-12-22T16:51:46.559971,83.2225,324.05,343259217.75,824390451.0,134861973094.0,806.0,0.0,0.0,0.0,0,1,1
Math,4,buglocator,Yes,1.0,1.0,1.0,28.86106586456299,2025-11-18T18:21:03.523037,2025-12-22T16:51:46.559971,139.95999999999998,239.67,718666726.5,1355062181.0,134861973094.0,586.0,0.0,0.0,0.0,1,1,1
Math,4,locus,Yes,3.0,0.333333,0.333333,79.8800597190857,2025-12-22T15:59:28.080828,2025-12-22T16:51:46.559971,,,,,,,,,,0,1,1
Math,5,FlexFL,Yes,1.0,1.0,1.0,N/A,N/A,N/A,N/A,N/A,N/A,N/A,N/A,N/A,N/A,N/A,N/A,1,1,1
Math,5,boostnsift,Yes,1.0,1.0,1.0,24.989962816238403,2025-11-18T18:25:28.755797,2025-12-22T16:51:46.559971,4.515,6.17,78512127.5,134008012.0,134861973094.0,736.0,0.0,0.0,0.0,1,1,1
Math,5,buglocator,Yes,3.0,0.333333,0.333333,22.33417844772339,2025-11-18T18:25:33.465991,2025-12-22T16:51:46.559971,110.87333333333332,328.63,401096398.0,1163936137.0,134861973094.0,586.0,0.0,0.0,0.0,0,1,1
Math,5,locus,Yes,4.0,0.25,0.25,100.3200387954712,2025-12-22T16:06:01.367692,2025-12-22T16:51:46.559971,,,,,,,,,,0,1,1
Math,6,FlexFL,Yes,1.0,1.0,1.0,N/A,N/A,N/A,N/A,N/A,N/A,N/A,N/A,N/A,N/A,N/A,N/A,1,1,1
Math,6,boostnsift,Yes,81.0,0.012346,0.012346,35.42053008079529,2025-11-18T18:29:59.302629,2025-12-22T16:51:46.559971,12.86,25.72,16058941.0,32117882.0,134861973094.0,536.0,0.0,0.0,0.0,0,0,0
Math,6,buglocator,Yes,269.0,0.003717,0.003717,32.17521667480469,2025-11-18T18:30:01.286316,2025-12-22T16:51:46.559971,86.17333333333333,227.05,273874070.0,766718771.0,134861973094.0,736.0,0.0,0.0,0.0,0,0,0
Math,6,locus,Yes,193.0,0.005181,0.005181,124.14066410064696,2025-12-22T16:15:58.650739,2025-12-22T16:51:46.559971,,,,,,,,,,0,0,0
Math,7,FlexFL,Yes,2.0,0.5,0.5,N/A,N/A,N/A,N/A,N/A,N/A,N/A,N/A,N/A,N/A,N/A,N/A,0,1,1
Math,7,boostnsift,Yes,1.0,1.0,1.0,39.9129536151886,2025-11-18T18:34:12.277099,2025-12-22T16:51:46.559971,27.75333333333333,58.87,280123582.6666667,808242380.0,134861973094.0,696.0,0.0,0.0,0.0,1,1,1
Math,7,buglocator,Yes,2.0,0.5,0.5,30.102205514907837,2025-11-18T18:34:10.127675,2025-12-22T16:51:46.559971,136.80666666666664,380.58,294499559.6666667,828689612.0,134861973094.0,736.0,0.0,0.0,0.0,0,1,1
Math,7,locus,Yes,5.0,0.2,0.2,162.65019011497498,2025-12-22T16:22:20.811436,2025-12-22T16:51:46.559971,,,,,,,,,,0,1,1
Math,8,FlexFL,Yes,1.0,1.0,1.0,N/A,N/A,N/A,N/A,N/A,N/A,N/A,N/A,N/A,N/A,N/A,N/A,1,1,1
Math,8,boostnsift,Yes,1.0,1.0,1.0,34.51972198486328,2025-11-18T18:38:46.397237,2025-12-22T16:51:46.559971,160.27333333333334,457.64,287662844.3333333,467140608.0,134861973094.0,806.0,0.0,0.0,0.0,1,1,1
Math,8,buglocator,Yes,1.0,1.0,1.0,31.110212087631226,2025-11-18T18:38:48.161034,2025-12-22T16:51:46.559971,194.59333333333333,323.27,504446145.6666667,1280973996.0,134861973094.0,696.0,0.0,0.0,0.0,1,1,1
Math,8,locus,Yes,1.0,1.0,1.0,197.1276409626007,2025-12-22T16:32:55.263205,2025-12-22T16:51:46.559971,,,,,,,,,,1,1,1
Math,9,FlexFL,Yes,1.0,1.0,1.0,N/A,N/A,N/A,N/A,N/A,N/A,N/A,N/A,N/A,N/A,N/A,N/A,1,1,1
Math,9,boostnsift,Yes,1.0,1.0,1.0,28.263240337371823,2025-11-18T18:43:03.782240,2025-12-22T16:51:46.559971,192.05,567.04,315537489.6666667,499646464.0,134861973094.0,806.0,0.0,0.0,0.0,1,1,1
Math,9,buglocator,Yes,2.0,0.5,0.5,24.55455446243286,2025-11-18T18:43:01.792369,2025-12-22T16:51:46.559971,167.645,289.23,838464438.0,1375463276.0,134861973094.0,696.0,0.0,0.0,0.0,0,1,1
Math,9,locus,Yes,1.0,1.0,1.0,200.1798779964447,2025-12-22T16:40:02.004037,2025-12-22T16:51:46.559971,,,,,,,,,,1,1,1
Math,10,FlexFL,Yes,1.0,1.0,1.0,N/A,N/A,N/A,N/A,N/A,N/A,N/A,N/A,N/A,N/A,N/A,N/A,1,1,1
Math,10,boostnsift,Yes,1.0,1.0,1.0,25.32601809501648,2025-11-18T18:03:54.722811,2025-12-22T16:51:46.559971,16.435000000000002,32.42,13160677.0,23592960.0,134861973094.0,736.0,0.0,0.0,0.0,1,1,1
Math,10,buglocator,Yes,27.0,0.037037,0.037037,25.05621218681335,2025-11-18T18:03:56.733725,2025-12-22T16:51:46.559971,95.225,148.57,734395367.0,1317481218.0,134861973094.0,806.0,0.0,0.0,0.0,0,0,0
Math,10,locus,Yes,5.0,0.2,0.2,81.73634791374207,2025-12-22T15:30:49.180698,2025-12-22T16:51:46.559971,,,,,,,,,,0,1,1
Math,11,FlexFL,Yes,1.0,1.0,1.0,N/A,N/A,N/A,N/A,N/A,N/A,N/A,N/A,N/A,N/A,N/A,N/A,1,1,1
Math,11,boostnsift,Yes,2.0,0.5,0.5,37.102996826171875,2025-11-18T18:06:25.789069,2025-12-22T16:51:46.559971,171.67666666666665,502.24,274272528.6666667,430650163.0,134861973094.0,806.0,0.0,0.0,0.0,0,1,1
Math,11,buglocator,Yes,2.0,0.5,0.5,28.82833242416382,2025-11-18T18:06:23.266262,2025-12-22T16:51:46.559971,260.895,281.57,723301432.5,1220844453.0,134861973094.0,696.0,0.0,0.0,0.0,0,1,1
Math,11,locus,Yes,2.0,0.5,0.5,65.16010808944702,2025-12-22T15:32:50.472521,2025-12-22T16:51:46.559971,,,,,,,,,,0,1,1
Math,12,FlexFL,No,,0.0,0.0,N/A,N/A,N/A,N/A,N/A,N/A,N/A,N/A,N/A,N/A,N/A,N/A,0,0,0
Math,12,boostnsift,Yes,11.0,0.090909,0.090909,30.611440181732178,2025-11-18T18:06:54.241712,2025-12-22T16:51:46.559971,14.84,29.68,16095641.5,32191283.0,134861973094.0,626.0,0.0,0.0,0.0,0,0,0
Math,12,buglocator,Yes,7.0,0.142857,0.142857,30.44250750541687,2025-11-18T18:06:56.235094,2025-12-22T16:51:46.559971,132.61666666666665,369.2,320797845.6666667,922851737.0,134861973094.0,736.0,0.0,0.0,0.0,0,0,1
Math,12,locus,Yes,12.0,0.083333,0.083333,64.86932611465454,2025-12-22T15:33:00.573586,2025-12-22T16:51:46.559971,,,,,,,,,,0,0,0
Math,13,FlexFL,No,,0.0,0.0,N/A,N/A,N/A,N/A,N/A,N/A,N/A,N/A,N/A,N/A,N/A,N/A,0,0,0
Math,13,boostnsift,Yes,8.0,0.125,0.125,25.11971640586853,2025-11-18T18:07:19.765730,2025-12-22T16:51:46.559971,25.21,25.21,32033996.0,32033996.0,134861973094.0,626.0,0.0,0.0,0.0,0,0,1
Math,13,buglocator,Yes,12.0,0.083333,0.083333,29.361533164978027,2025-11-18T18:07:25.600454,2025-12-22T16:51:46.559971,170.14333333333332,482.4,354712289.0,1024458752.0,134861973094.0,736.0,0.0,0.0,0.0,0,0,0
Math,13,locus,Yes,9.0,0.111111,0.111111,73.57907581329346,2025-12-22T15:34:04.052143,2025-12-22T16:51:46.559971,,,,,,,,,,0,0,1
Math,14,FlexFL,No,,0.0,0.0,N/A,N/A,N/A,N/A,N/A,N/A,N/A,N/A,N/A,N/A,N/A,N/A,0,0,0
Math,14,boostnsift,Yes,41.0,0.02439,0.02439,30.57375144958496,2025-11-18T18:07:50.691907,2025-12-22T16:51:46.559971,11.175,22.35,16221470.5,32442941.0,134861973094.0,646.0,0.0,0.0,0.0,0,0,0
Math,14,buglocator,Yes,25.0,0.04,0.04,27.633294582366943,2025-11-18T18:07:53.237422,2025-12-22T16:51:46.559971,193.54666666666665,418.07,585898830.0,1019320729.0,134861973094.0,806.0,0.0,0.0,0.0,0,0,0
Math,14,locus,Yes,41.0,0.02439,0.02439,76.95101618766785,2025-12-22T15:34:17.528075,2025-12-22T16:51:46.559971,,,,,,,,,,0,0,0
Math,15,FlexFL,Yes,1.0,1.0,1.0,N/A,N/A,N/A,N/A,N/A,N/A,N/A,N/A,N/A,N/A,N/A,N/A,1,1,1
Math,15,boostnsift,Yes,3.0,0.333333,0.333333,29.647558450698853,2025-11-18T18:08:20.708993,2025-12-22T16:51:46.559971,149.49666666666667,443.4,295782318.0,511390515.0,134861973094.0,806.0,0.0,0.0,0.0,0,1,1
Math,15,buglocator,Yes,13.0,0.076923,0.076923,24.92915678024292,2025-11-18T18:08:18.188866,2025-12-22T16:51:46.559971,234.8,292.76,704817135.0,1119912722.0,134861973094.0,626.0,0.0,0.0,0.0,0,0,0
Math,15,locus,Yes,1.0,1.0,1.0,77.67067694664001,2025-12-22T15:35:21.725944,2025-12-22T16:51:46.559971,,,,,,,,,,1,1,1
Math,16,FlexFL,Yes,1.0,1.0,1.0,N/A,N/A,N/A,N/A,N/A,N/A,N/A,N/A,N/A,N/A,N/A,N/A,1,1,1
Math,16,boostnsift,Yes,2.0,0.5,0.5,28.458072900772095,2025-11-18T18:08:47.035469,2025-12-22T16:51:46.559971,37.03333333333333,79.86,226453967.66666663,646761676.0,134861973094.0,696.0,0.0,0.0,0.0,0,1,1
Math,16,buglocator,Yes,13.0,0.076923,0.076923,22.777148246765137,2025-11-18T18:08:43.489152,2025-12-22T16:51:46.559971,159.745,291.96,476871393.0,915406848.0,134861973094.0,736.0,0.0,0.0,0.0,0,0,0
Math,16,locus,Yes,3.0,0.333333,0.333333,76.86292386054993,2025-12-22T15:35:34.392889,2025-12-22T16:51:46.559971,,,,,,,,,,0,1,1
Math,17,FlexFL,Yes,1.0,1.0,1.0,N/A,N/A,N/A,N/A,N/A,N/A,N/A,N/A,N/A,N/A,N/A,N/A,1,1,1
Math,17,boostnsift,Yes,3.0,0.333333,0.333333,35.445361375808716,2025-11-18T18:09:19.550157,2025-12-22T16:51:46.559971,60.38199999999999,211.73,1051124039.2,1529008357.0,134861973094.0,766.0,0.0,0.0,0.0,0,1,1
Math,17,buglocator,Yes,15.0,0.066667,0.066667,20.06810617446899,2025-11-18T18:09:07.112137,2025-12-22T16:51:46.559971,168.235,305.44,489842278.0,939838668.0,134861973094.0,736.0,0.0,0.0,0.0,0,0,0
Math,17,locus,Yes,35.0,0.028571,0.028571,76.93121480941772,2025-12-22T15:36:38.672443,2025-12-22T16:51:46.559971,,,,,,,,,,0,0,0
Math,18,FlexFL,No,,0.0,0.0,N/A,N/A,N/A,N/A,N/A,N/A,N/A,N/A,N/A,N/A,N/A,N/A,0,0,0
Math,18,boostnsift,Yes,15.0,0.066667,0.066667,35.232070446014404,2025-11-18T18:09:43.065370,2025-12-22T16:51:46.559971,119.54,457.68,728600936.0,1202590842.0,134861973094.0,876.0,0.0,0.0,0.0,0,0,0
Math,18,buglocator,Yes,1.0,1.0,1.0,17.58376669883728,2025-11-18T18:09:37.145919,2025-12-22T16:51:46.559971,89.97999999999999,146.42,561989549.5,1084479242.0,134861973094.0,516.0,0.0,0.0,0.0,1,1,1
Math,18,locus,Yes,2.0,0.5,0.5,101.46948504447936,2025-12-22T15:37:15.876992,2025-12-22T16:51:46.559971,,,,,,,,,,0,1,1
Math,19,FlexFL,Yes,1.0,1.0,1.0,N/A,N/A,N/A,N/A,N/A,N/A,N/A,N/A,N/A,N/A,N/A,N/A,1,1,1
Math,19,boostnsift,Yes,11.0,0.090909,0.090909,42.076847076416016,2025-11-18T18:10:19.844983,2025-12-22T16:51:46.559971,99.21499999999996,510.58,715507717.1666666,1468878815.0,134861973094.0,876.0,0.0,0.0,0.0,0,0,0
Math,19,buglocator,Yes,1.0,1.0,1.0,23.525461435317993,2025-11-18T18:10:06.594094,2025-12-22T16:51:46.559971,275.02,495.18,703300894.5,1084479242.0,134861973094.0,806.0,0.0,0.0,0.0,1,1,1
Math,19,locus,Yes,2.0,0.5,0.5,158.546541929245,2025-12-22T15:39:17.229351,2025-12-22T16:51:46.559971,,,,,,,,,,0,1,1
Math,20,FlexFL,Yes,2.0,0.5,0.5,N/A,N/A,N/A,N/A,N/A,N/A,N/A,N/A,N/A,N/A,N/A,N/A,0,1,1
Math,20,boostnsift,Yes,1.0,1.0,1.0,35.23377966880798,2025-11-18T18:11:17.148589,2025-12-22T16:51:46.559971,79.56,293.81,923536667.0,1496796102.0,134861973094.0,656.0,0.0,0.0,0.0,1,1,1
Math,20,buglocator,Yes,1.0,1.0,1.0,22.177268743515015,2025-11-18T18:11:05.533681,2025-12-22T16:51:46.559971,191.695,351.14,507395440.0,974965964.0,134861973094.0,736.0,0.0,0.0,,1,1,1
Math,20,locus,Yes,1.0,1.0,1.0,178.0525417327881,2025-12-22T15:42:15.294456,2025-12-22T16:51:46.559971,,,,,,,,,,1,1,1
Math,21,FlexFL,Yes,1.0,1.0,1.0,N/A,N/A,N/A,N/A,N/A,N/A,N/A,N/A,N/A,N/A,N/A,N/A,1,1,1
Math,21,boostnsift,Yes,10.0,0.1,0.1,38.160576820373535,2025-11-18T18:11:44.065375,2025-12-22T16:51:46.559971,102.554,350.29,660334024.8,1113470271.0,134861973094.0,876.0,0.0,0.0,0.0,0,0,1
Math,21,buglocator,Yes,3.0,0.333333,0.333333,17.803420543670654,2025-11-18T18:11:34.955293,2025-12-22T16:51:46.559971,111.015,216.07,581518229.0,1102732853.0,134861973094.0,516.0,0.0,0.0,0.0,0,1,1
Math,21,locus,Yes,2.0,0.5,0.5,93.94083094596864,2025-12-22T15:42:33.228971,2025-12-22T16:51:46.559971,,,,,,,,,,0,1,1
Math,22,FlexFL,Yes,1.0,1.0,1.0,N/A,N/A,N/A,N/A,N/A,N/A,N/A,N/A,N/A,N/A,N/A,N/A,1,1,1
Math,22,boostnsift,Yes,7.0,0.142857,0.142857,37.08242845535278,2025-11-18T18:12:12.403274,2025-12-22T16:51:46.559971,138.482,499.72,820459549.0,1449551462.0,134861973094.0,876.0,0.0,0.0,0.0,0,0,1
Math,22,buglocator,Yes,17.0,0.058824,0.058824,18.708998918533325,2025-11-18T18:12:02.777489,2025-12-22T16:51:46.559971,304.77,482.51,721082646.0,1120986464.0,134861973094.0,806.0,0.0,0.0,0.0,0,0,0
Math,22,locus,Yes,7.0,0.142857,0.142857,73.12732315063477,2025-12-22T15:43:28.425070,2025-12-22T16:51:46.559971,,,,,,,,,,0,0,1
Math,23,FlexFL,Yes,1.0,1.0,1.0,N/A,N/A,N/A,N/A,N/A,N/A,N/A,N/A,N/A,N/A,N/A,N/A,1,1,1
Math,23,boostnsift,Yes,1.0,1.0,1.0,39.318302631378174,2025-11-18T18:12:42.436404,2025-12-22T16:51:46.559971,101.32833333333332,457.47,535207171.0,1065353216.0,134861973094.0,876.0,0.0,0.0,0.0,1,1,1
Math,23,buglocator,Yes,3.0,0.333333,0.333333,18.83435821533203,2025-11-18T18:12:31.338642,2025-12-22T16:51:46.559971,148.04,267.5,505272074.0,970666803.0,134861973094.0,516.0,0.0,0.0,0.0,0,1,1
Math,23,locus,Yes,4.0,0.25,0.25,79.33446192741394,2025-12-22T15:43:52.572129,2025-12-22T16:51:46.559971,,,,,,,,,,0,1,1
Math,24,FlexFL,Yes,1.0,1.0,1.0,N/A,N/A,N/A,N/A,N/A,N/A,N/A,N/A,N/A,N/A,N/A,N/A,1,1,1
Math,24,boostnsift,Yes,5.0,0.2,0.2,37.86856508255005,2025-11-18T18:13:09.566736,2025-12-22T16:51:46.559971,103.18999999999998,361.38,528627006.8,1014602137.0,134861973094.0,876.0,0.0,0.0,0.0,0,1,1
Math,24,buglocator,Yes,5.0,0.2,0.2,18.014525175094604,2025-11-18T18:13:00.454011,2025-12-22T16:51:46.559971,122.04,133.43,618701782.5,1095216660.0,134861973094.0,516.0,0.0,0.0,0.0,0,1,1
Math,24,locus,Yes,4.0,0.25,0.25,77.35324382781982,2025-12-22T15:44:45.779732,2025-12-22T16:51:46.559971,,,,,,,,,,0,1,1
Math,25,FlexFL,Yes,2.0,0.5,0.5,N/A,N/A,N/A,N/A,N/A,N/A,N/A,N/A,N/A,N/A,N/A,N/A,1,1,1
Math,25,boostnsift,Yes,1.0,1.0,1.0,38.98530912399292,2025-11-18T18:13:39.783016,2025-12-22T16:51:46.559971,139.86999999999998,495.69,837902401.0,1258425417.0,134861973094.0,876.0,0.0,0.0,,1,1,1
Math,25,buglocator,Yes,1.0,1.0,1.0,20.571898460388184,2025-11-18T18:13:30.204842,2025-12-22T16:51:46.559971,154.775,262.57,579908665.0,1075889307.0,134861973094.0,516.0,0.0,0.0,0.0,1,1,1
Math,25,locus,Yes,1.0,1.0,1.0,78.38222599029541,2025-12-22T15:45:10.958150,2025-12-22T16:51:46.559971,,,,,,,,,,1,1,1
Math,26,FlexFL,Yes,1.0,1.0,1.0,N/A,N/A,N/A,N/A,N/A,N/A,N/A,N/A,N/A,N/A,N/A,N/A,1,1,1
Math,26,boostnsift,Yes,2.0,0.5,0.5,33.3515100479126,2025-11-18T18:14:03.914462,2025-12-22T16:51:46.559971,103.674,370.94,479247466.2,934281216.0,134861973094.0,876.0,0.0,0.0,0.0,0,1,1
Math,26,buglocator,Yes,2.0,0.5,0.5,18.587215900421143,2025-11-18T18:13:58.394319,2025-12-22T16:51:46.559971,279.565,428.71,554382131.0,800273203.0,134861973094.0,586.0,0.0,0.0,0.0,0,1,1
Math,26,locus,Yes,4.0,0.25,0.25,105.18035197257996,2025-12-22T15:46:30.980314,2025-12-22T16:51:46.559971,,,,,,,,,,0,1,1
Math,27,FlexFL,Yes,2.0,0.5,0.5,N/A,N/A,N/A,N/A,N/A,N/A,N/A,N/A,N/A,N/A,N/A,N/A,1,1,1
Math,27,boostnsift,Yes,1.0,1.0,1.0,35.36625051498413,2025-11-18T18:14:34.134166,2025-12-22T16:51:46.559971,142.078,502.58,591967289.0,1021103308.0,134861973094.0,876.0,0.0,0.0,0.0,1,1,1
Math,27,buglocator,Yes,1.0,1.0,1.0,21.119145154953003,2025-11-18T18:14:25.045963,2025-12-22T16:51:46.559971,205.63,314.32,764135079.5,1264867868.0,134861973094.0,586.0,0.0,0.0,0.0,1,1,1
Math,27,locus,Yes,3.0,0.333333,0.333333,98.58182787895204,2025-12-22T15:46:49.544285,2025-12-22T16:51:46.559971,,,,,,,,,,0,1,1
Math,28,FlexFL,Yes,1.0,1.0,1.0,N/A,N/A,N/A,N/A,N/A,N/A,N/A,N/A,N/A,N/A,N/A,N/A,1,1,1
Math,28,boostnsift,Yes,1.0,1.0,1.0,34.74275207519531,2025-11-18T18:15:00.275655,2025-12-22T16:51:46.559971,75.728,305.21,368756916.0,684195840.0,134861973094.0,876.0,0.0,0.0,0.0,1,1,1
Math,28,buglocator,Yes,2.0,0.5,0.5,17.034632444381714,2025-11-18T18:14:51.276050,2025-12-22T16:51:46.559971,91.155,149.39,537232670.5,1019949875.0,134861973094.0,516.0,0.0,0.0,0.0,0,1,1
Math,28,locus,Yes,2.0,0.5,0.5,82.46728491783142,2025-12-22T15:47:53.463528,2025-12-22T16:51:46.559971,,,,,,,,,,0,1,1
Math,29,FlexFL,Yes,1.0,1.0,1.0,N/A,N/A,N/A,N/A,N/A,N/A,N/A,N/A,N/A,N/A,N/A,N/A,1,1,1
Math,29,boostnsift,Yes,1.0,1.0,1.0,37.93489456176758,2025-11-18T18:15:29.657242,2025-12-22T16:51:46.559971,102.71333333333332,447.95,461803355.8333333,794610892.0,134861973094.0,876.0,0.0,0.0,0.0,1,1,1
Math,29,buglocator,Yes,1.0,1.0,1.0,16.59321641921997,2025-11-18T18:15:16.894421,2025-12-22T16:51:46.559971,165.9,298.91,524959088.5,1009778688.0,134861973094.0,516.0,0.0,0.0,0.0,1,1,1
Math,29,locus,Yes,2.0,0.5,0.5,84.65005302429199,2025-12-22T15:48:14.195336,2025-12-22T16:51:46.559971,,,,,,,,,,0,1,1
Math,30,FlexFL,Yes,1.0,1.0,1.0,N/A,N/A,N/A,N/A,N/A,N/A,N/A,N/A,N/A,N/A,N/A,N/A,1,1,1
Math,30,boostnsift,Yes,1.0,1.0,1.0,33.51115322113037,2025-11-18T18:16:33.276484,2025-12-22T16:51:46.559971,145.79,508.58,626241044.0,1041340825.0,134861973094.0,876.0,0.0,0.0,0.0,1,1,1
Math,30,buglocator,Yes,2.0,0.5,0.5,22.763925790786743,2025-11-18T18:16:24.174933,2025-12-22T16:51:46.559971,262.12,524.24,154717388.5,309434777.0,134861973094.0,536.0,0.0,0.0,0.0,0,1,1
Math,30,locus,Yes,2.0,0.5,0.5,77.87637972831726,2025-12-22T15:49:32.072793,2025-12-22T16:51:46.559971,,,,,,,,,,0,1,1
Math,31,FlexFL,No,,0.0,0.0,N/A,N/A,N/A,N/A,N/A,N/A,N/A,N/A,N/A,N/A,N/A,N/A,0,0,0
Math,31,boostnsift,Yes,199.0,0.005025,0.005025,33.32329821586609,2025-11-18T18:16:57.863309,2025-12-22T16:51:46.559971,105.566,391.77,411150843.4,924424601.0,134861973094.0,876.0,0.0,0.0,0.0,0,0,0
Math,31,buglocator,Yes,53.0,0.018868,0.018868,16.482451915740967,2025-11-18T18:16:49.762165,2025-12-22T16:51:46.559971,167.9,302.72,501465743.0,963012198.0,134861973094.0,516.0,0.0,0.0,0.0,0,0,0
Math,31,locus,No,,0.0,0.0,145.64492797851562,2025-12-22T15:51:48.517242,2025-12-22T16:51:46.559971,,,,,,,,,,0,0,0
Math,32,FlexFL,No,,0.0,0.0,N/A,N/A,N/A,N/A,N/A,N/A,N/A,N/A,N/A,N/A,N/A,N/A,0,0,0
Math,32,boostnsift,Yes,4.0,0.25,0.25,30.79726791381836,2025-11-18T18:17:21.071021,2025-12-22T16:51:46.559971,115.072,521.1,495779315.2,1111322787.0,134861973094.0,806.0,0.0,0.0,0.0,0,1,1
Math,32,buglocator,Yes,20.0,0.05,0.05,17.617967128753662,2025-11-18T18:17:15.499374,2025-12-22T16:51:46.559971,38.815,63.78,563242598.0,1065353216.0,134861973094.0,586.0,0.0,0.0,0.0,0,0,0
Math,32,locus,Yes,14.0,0.071429,0.071429,195.611976146698,2025-12-22T15:52:47.699559,2025-12-22T16:51:46.559971,,,,,,,,,,0,0,0
Math,33,FlexFL,Yes,1.0,1.0,1.0,N/A,N/A,N/A,N/A,N/A,N/A,N/A,N/A,N/A,N/A,N/A,N/A,1,1,1
Math,33,boostnsift,Yes,69.0,0.014493,0.014493,31.54468297958374,2025-11-18T18:17:47.394319,2025-12-22T16:51:46.559971,109.0075,359.04,511739166.25,878811545.0,134861973094.0,696.0,0.0,0.0,0.0,0,0,0
Math,33,buglocator,Yes,14.0,0.071429,0.071429,17.909817457199097,2025-11-18T18:17:38.983928,2025-12-22T16:51:46.559971,156.945,286.08,534453944.0,1028653056.0,134861973094.0,736.0,0.0,0.0,0.0,0,0,0
Math,33,locus,Yes,34.0,0.029412,0.029412,210.70590209960935,2025-12-22T15:55:19.228578,2025-12-22T16:51:46.559971,,,,,,,,,,0,0,0
Math,34,FlexFL,Yes,1.0,1.0,1.0,N/A,N/A,N/A,N/A,N/A,N/A,N/A,N/A,N/A,N/A,N/A,N/A,1,1,1
Math,34,boostnsift,Yes,1.0,1.0,1.0,49.40769720077515,2025-11-18T18:18:28.732410,2025-12-22T16:51:46.559971,36.92,114.41,800707313.2,1037146521.0,134861973094.0,766.0,0.0,0.0,0.0,1,1,1
Math,34,buglocator,Yes,1.0,1.0,1.0,28.667091131210327,2025-11-18T18:18:16.064691,2025-12-22T16:51:46.559971,157.785,286.52,500207451.5,960600473.0,134861973094.0,736.0,0.0,0.0,0.0,1,1,1
Math,34,locus,Yes,2.0,0.5,0.5,168.56003713607788,2025-12-22T15:55:36.272067,2025-12-22T16:51:46.559971,,,,,,,,,,0,1,1
Math,35,FlexFL,Yes,1.0,1.0,1.0,N/A,N/A,N/A,N/A,N/A,N/A,N/A,N/A,N/A,N/A,N/A,N/A,1,1,1
Math,35,boostnsift,Yes,1.0,1.0,1.0,37.5458722114563,2025-11-18T18:18:54.044619,2025-12-22T16:51:46.559971,96.392,404.92,405043937.0,929457766.0,134861973094.0,876.0,0.0,0.0,0.0,1,1,1
Math,35,buglocator,Yes,1.0,1.0,1.0,16.189018726348877,2025-11-18T18:18:44.924515,2025-12-22T16:51:46.559971,141.34,251.84,508973547.0,978006835.0,134861973094.0,516.0,0.0,0.0,0.0,1,1,1
Math,35,locus,Yes,1.0,1.0,1.0,84.96436095237732,2025-12-22T15:56:44.198492,2025-12-22T16:51:46.559971,,,,,,,,,,1,1,1
Math,36,FlexFL,Yes,1.0,1.0,1.0,N/A,N/A,N/A,N/A,N/A,N/A,N/A,N/A,N/A,N/A,N/A,N/A,1,1,1
Math,36,boostnsift,Yes,1.0,1.0,1.0,30.99252653121948,2025-11-18T18:19:16.266297,2025-12-22T16:51:46.559971,126.6625,442.06,521089842.75,951477862.0,134861973094.0,806.0,0.0,0.0,0.0,1,1,1
Math,36,buglocator,Yes,1.0,1.0,1.0,20.039961338043213,2025-11-18T18:19:14.093893,2025-12-22T16:51:46.559971,213.84,608.58,267631547.66666663,764621619.0,134861973094.0,516.0,0.0,0.0,0.0,1,1,1
Math,36,locus,Yes,1.0,1.0,1.0,78.2339448928833,2025-12-22T15:56:54.515802,2025-12-22T16:51:46.559971,,,,,,,,,,1,1,1
Math,37,FlexFL,Yes,1.0,1.0,0.5,N/A,N/A,N/A,N/A,N/A,N/A,N/A,N/A,N/A,N/A,N/A,N/A,1,1,1
Math,37,boostnsift,Yes,1.0,1.0,1.0,25.23764657974243,2025-11-18T18:19:39.696084,2025-12-22T16:51:46.559971,16.655,23.25,90015006.5,150470656.0,134861973094.0,736.0,0.0,0.0,0.0,1,1,1
Math,37,buglocator,Yes,1.0,1.0,1.0,25.438201904296875,2025-11-18T18:19:41.709824,2025-12-22T16:51:46.559971,266.12,421.69,671508070.0,1059061760.0,134861973094.0,696.0,0.0,0.0,0.0,1,1,1
Math,37,locus,Yes,1.0,1.0,1.0,78.52161908149719,2025-12-22T15:58:02.723824,2025-12-22T16:51:46.559971,,,,,,,,,,1,1,1
Math,38,FlexFL,Yes,1.0,1.0,1.0,N/A,N/A,N/A,N/A,N/A,N/A,N/A,N/A,N/A,N/A,N/A,N/A,1,1,1
Math,38,boostnsift,Yes,5.0,0.2,0.2,33.83001685142517,2025-11-18T18:20:13.905716,2025-12-22T16:51:46.559971,104.066,456.8,334715944.6,700868198.0,134861973094.0,806.0,0.0,0.0,0.0,0,1,1
Math,38,buglocator,Yes,5.0,0.2,0.2,22.223519563674927,2025-11-18T18:20:03.945109,2025-12-22T16:51:46.559971,290.40999999999997,479.65,669253631.5,1039033958.0,134861973094.0,736.0,0.0,0.0,0.0,0,1,1
Math,38,locus,Yes,2.0,0.5,0.5,73.6828978061676,2025-12-22T15:58:08.199616,2025-12-22T16:51:46.559971,,,,,,,,,,0,1,1
Math,39,FlexFL,Yes,1.0,1.0,1.0,N/A,N/A,N/A,N/A,N/A,N/A,N/A,N/A,N/A,N/A,N/A,N/A,1,1,1
Math,39,boostnsift,Yes,3.0,0.333333,0.333333,30.378007173538208,2025-11-18T18:20:34.658548,2025-12-22T16:51:46.559971,114.62,401.52,724190101.0,1221918195.0,134861973094.0,806.0,0.0,0.0,0.0,0,1,1
Math,39,buglocator,Yes,11.0,0.090909,0.090909,19.126376390457153,2025-11-18T18:20:33.035150,2025-12-22T16:51:46.559971,154.025,308.05,126091264.0,252182528.0,134861973094.0,266.0,0.0,0.0,0.0,0,0,0
Math,39,locus,Yes,1.0,1.0,1.0,62.85576176643371,2025-12-22T15:59:05.580303,2025-12-22T16:51:46.559971,,,,,,,,,,1,1,1
Math,40,FlexFL,Yes,1.0,1.0,1.0,N/A,N/A,N/A,N/A,N/A,N/A,N/A,N/A,N/A,N/A,N/A,N/A,1,1,1
Math,40,boostnsift,Yes,2.0,0.5,0.5,32.82845425605774,2025-11-18T18:21:38.118182,2025-12-22T16:51:46.559971,151.476,570.63,563662028.4,968464793.0,134861973094.0,876.0,0.0,0.0,0.0,0,1,1
Math,40,buglocator,Yes,1.0,1.0,1.0,19.53496050834656,2025-11-18T18:21:28.490480,2025-12-22T16:51:46.559971,257.40500000000003,466.61,671403212.5,999922073.0,134861973094.0,626.0,0.0,0.0,0.0,1,1,1
Math,40,locus,Yes,1.0,1.0,1.0,60.87202501296997,2025-12-22T16:00:06.453756,2025-12-22T16:51:46.559971,,,,,,,,,,1,1,1
Math,41,FlexFL,Yes,1.0,1.0,1.0,N/A,N/A,N/A,N/A,N/A,N/A,N/A,N/A,N/A,N/A,N/A,N/A,1,1,1
Math,41,boostnsift,Yes,4.0,0.25,0.25,23.097896814346313,2025-11-18T18:21:51.940844,2025-12-22T16:51:46.559971,1.45,2.75,82460016.0,141872332.0,134861973094.0,736.0,0.0,0.0,0.0,0,1,1
Math,41,buglocator,Yes,2.0,0.5,0.5,16.333696126937866,2025-11-18T18:21:54.468772,2025-12-22T16:51:46.559971,206.22,381.25,442514800.0,844942540.0,134861973094.0,516.0,0.0,0.0,0.0,0,1,1
Math,41,locus,Yes,2.0,0.5,0.5,61.10198402404785,2025-12-22T16:00:29.184846,2025-12-22T16:51:46.559971,,,,,,,,,,0,1,1
Math,42,FlexFL,Yes,1.0,1.0,1.0,N/A,N/A,N/A,N/A,N/A,N/A,N/A,N/A,N/A,N/A,N/A,N/A,1,1,1
Math,42,boostnsift,Yes,1.0,1.0,1.0,23.30528664588928,2025-11-18T18:22:15.596962,2025-12-22T16:51:46.559971,13.86,26.45,85044756.0,146171494.0,134861973094.0,736.0,0.0,0.0,0.0,1,1,1
Math,42,buglocator,Yes,1.0,1.0,1.0,22.11261224746704,2025-11-18T18:22:16.596776,2025-12-22T16:51:46.559971,315.74,515.82,749434044.0,1146756268.0,134861973094.0,626.0,0.0,0.0,0.0,1,1,1
Math,42,locus,Yes,4.0,0.25,0.25,67.27923488616943,2025-12-22T16:01:13.733643,2025-12-22T16:51:46.559971,,,,,,,,,,0,1,1
Math,43,FlexFL,Yes,5.0,0.2,0.2,N/A,N/A,N/A,N/A,N/A,N/A,N/A,N/A,N/A,N/A,N/A,N/A,1,1,1
Math,43,boostnsift,Yes,1.0,1.0,1.0,31.79502773284912,2025-11-18T18:22:47.806522,2025-12-22T16:51:46.559971,48.73500000000001,128.86,575799295.75,925682892.0,134861973094.0,766.0,0.0,0.0,0.0,1,1,1
Math,43,buglocator,Yes,1.0,1.0,1.0,22.093072414398193,2025-11-18T18:22:38.692938,2025-12-22T16:51:46.559971,120.81,214.51,497313382.0,954728448.0,134861973094.0,736.0,0.0,0.0,0.0,1,1,1
Math,43,locus,Yes,1.0,1.0,1.0,63.20749402046203,2025-12-22T16:01:32.393319,2025-12-22T16:51:46.559971,,,,,,,,,,1,1,1
Math,44,FlexFL,Yes,3.0,0.3333333333333333,0.3333333333333333,N/A,N/A,N/A,N/A,N/A,N/A,N/A,N/A,N/A,N/A,N/A,N/A,0,1,1
Math,44,boostnsift,Yes,1.0,1.0,1.0,21.782376050949097,2025-11-18T18:23:00.819144,2025-12-22T16:51:46.559971,1.465,2.93,11618222.0,23236444.0,134861973094.0,486.0,0.0,0.0,0.0,1,1,1
Math,44,buglocator,Yes,1.0,1.0,1.0,17.541279554367065,2025-11-18T18:23:05.351084,2025-12-22T16:51:46.559971,219.38,296.77,652686130.5,1047107993.0,134861973094.0,586.0,0.0,0.0,,1,1,1
Math,44,locus,Yes,2.0,0.5,0.5,60.99917006492615,2025-12-22T16:02:14.733963,2025-12-22T16:51:46.559971,,,,,,,,,,0,1,1
Math,45,FlexFL,Yes,1.0,1.0,1.0,N/A,N/A,N/A,N/A,N/A,N/A,N/A,N/A,N/A,N/A,N/A,N/A,1,1,1
Math,45,boostnsift,Yes,1.0,1.0,1.0,34.530089378356934,2025-11-18T18:23:35.995663,2025-12-22T16:51:46.559971,114.6,505.8,361003745.0,830891622.0,134861973094.0,806.0,0.0,0.0,0.0,1,1,1
Math,45,buglocator,Yes,1.0,1.0,1.0,21.53054404258728,2025-11-18T18:23:26.885015,2025-12-22T16:51:46.559971,255.61,511.22,189163110.0,378326220.0,134861973094.0,536.0,0.0,0.0,0.0,1,1,1
Math,45,locus,Yes,1.0,1.0,1.0,61.0043683052063,2025-12-22T16:02:33.399438,2025-12-22T16:51:46.559971,,,,,,,,,,1,1,1
Math,46,FlexFL,Yes,1.0,1.0,1.0,N/A,N/A,N/A,N/A,N/A,N/A,N/A,N/A,N/A,N/A,N/A,N/A,1,1,1
Math,46,boostnsift,Yes,1.0,1.0,1.0,35.74683141708374,2025-11-18T18:24:03.093986,2025-12-22T16:51:46.559971,34.272499999999994,87.6,657921146.5,1059061760.0,134861973094.0,876.0,0.0,0.0,0.0,1,1,1
Math,46,buglocator,Yes,6.0,0.166667,0.166667,17.61543321609497,2025-11-18T18:23:53.686229,2025-12-22T16:51:46.559971,108.81,189.57,465137827.0,890555596.0,134861973094.0,736.0,0.0,0.0,0.0,0,0,1
Math,46,locus,Yes,1.0,1.0,1.0,69.58958005905151,2025-12-22T16:03:24.325832,2025-12-22T16:51:46.559971,,,,,,,,,,1,1,1
Math,47,FlexFL,Yes,1.0,1.0,0.3333333333333333,N/A,N/A,N/A,N/A,N/A,N/A,N/A,N/A,N/A,N/A,N/A,N/A,1,1,1
Math,47,boostnsift,Yes,2.0,0.5,0.5,22.580841064453125,2025-11-18T18:24:16.904741,2025-12-22T16:51:46.559971,1.14,2.28,11738808.0,23477616.0,134861973094.0,486.0,0.0,0.0,0.0,0,1,1
Math,47,buglocator,Yes,7.0,0.142857,0.142857,16.254409074783325,2025-11-18T18:24:19.352946,2025-12-22T16:51:46.559971,95.07,157.41,463963422.0,888248729.0,134861973094.0,516.0,0.0,0.0,0.0,0,0,1
Math,47,locus,Yes,1.0,1.0,1.0,66.1744818687439,2025-12-22T16:03:39.578482,2025-12-22T16:51:46.559971,,,,,,,,,,1,1,1
Math,48,FlexFL,No,,0.0,0.0,N/A,N/A,N/A,N/A,N/A,N/A,N/A,N/A,N/A,N/A,N/A,N/A,0,0,0
Math,48,boostnsift,Yes,20.0,0.05,0.05,21.916261911392212,2025-11-18T18:24:39.436419,2025-12-22T16:51:46.559971,10.45,19.13,86911221.5,149946368.0,134861973094.0,736.0,0.0,0.0,0.0,0,0,0
Math,48,buglocator,Yes,14.0,0.071429,0.071429,22.084108114242554,2025-11-18T18:24:41.530436,2025-12-22T16:51:46.559971,302.015,604.03,175636480.0,351272960.0,134861973094.0,536.0,0.0,0.0,0.0,0,0,0
Math,48,locus,Yes,4.0,0.25,0.25,56.71556091308594,2025-12-22T16:04:21.043076,2025-12-22T16:51:46.559971,,,,,,,,,,0,1,1
Math,49,FlexFL,Yes,4.0,0.25,0.0625,N/A,N/A,N/A,N/A,N/A,N/A,N/A,N/A,N/A,N/A,N/A,N/A,0,1,1
Math,49,boostnsift,Yes,1.0,1.0,1.0,31.107603073120117,2025-11-18T18:25:11.111547,2025-12-22T16:51:46.559971,38.395,87.66,610813869.75,1009464115.0,134861973094.0,696.0,0.0,0.0,0.0,1,1,1
Math,49,buglocator,Yes,1.0,1.0,1.0,21.819961309432983,2025-11-18T18:25:03.362109,2025-12-22T16:51:46.559971,100.9,171.96,480064307.0,906493952.0,134861973094.0,736.0,0.0,0.0,0.0,1,1,1
Math,49,locus,Yes,1.0,1.0,1.0,54.91173601150513,2025-12-22T16:04:34.495414,2025-12-22T16:51:46.559971,,,,,,,,,,1,1,1
Math,50,FlexFL,Yes,1.0,1.0,1.0,N/A,N/A,N/A,N/A,N/A,N/A,N/A,N/A,N/A,N/A,N/A,N/A,1,1,1
Math,50,boostnsift,Yes,20.0,0.05,0.05,41.20090293884277,2025-11-18T18:26:10.330845,2025-12-22T16:51:46.559971,143.55599999999998,527.24,683669873.8,1175747297.0,134861973094.0,876.0,0.0,0.0,,0,0,0
Math,50,buglocator,Yes,14.0,0.071429,0.071429,27.17416620254517,2025-11-18T18:26:00.655489,2025-12-22T16:51:46.559971,76.975,141.81,469547089.5,889926451.0,134861973094.0,626.0,0.0,0.0,0.0,0,0,0
Math,50,locus,Yes,4.0,0.25,0.25,65.91136693954468,2025-12-22T16:05:40.409270,2025-12-22T16:51:46.559971,,,,,,,,,,0,1,1
Math,51,FlexFL,Yes,4.0,0.25,0.25,N/A,N/A,N/A,N/A,N/A,N/A,N/A,N/A,N/A,N/A,N/A,N/A,0,1,1
Math,51,boostnsift,Yes,39.0,0.025641,0.025641,24.124244689941406,2025-11-18T18:26:25.140542,2025-12-22T16:51:46.559971,1.07,2.14,11607736.0,23215472.0,134861973094.0,486.0,0.0,0.0,0.0,0,0,0
Math,51,buglocator,Yes,14.0,0.071429,0.071429,16.82285976409912,2025-11-18T18:26:27.156934,2025-12-22T16:51:46.559971,61.355,116.94,517079039.5,993945190.0,134861973094.0,516.0,0.0,0.0,0.0,0,0,0
Math,51,locus,Yes,4.0,0.25,0.25,61.03157997131348,2025-12-22T16:06:41.443497,2025-12-22T16:51:46.559971,,,,,,,,,,0,1,1
Math,52,FlexFL,Yes,1.0,1.0,1.0,N/A,N/A,N/A,N/A,N/A,N/A,N/A,N/A,N/A,N/A,N/A,N/A,1,1,1
Math,52,boostnsift,Yes,1.0,1.0,1.0,25.053712844848633,2025-11-18T18:26:50.572532,2025-12-22T16:51:46.559971,11.815,23.63,16043212.5,32086425.0,134861973094.0,626.0,0.0,0.0,0.0,1,1,1
Math,52,buglocator,Yes,1.0,1.0,1.0,21.38626480102539,2025-11-18T18:26:48.556489,2025-12-22T16:51:46.559971,99.425,166.65,468896972.0,884264140.0,134861973094.0,736.0,0.0,0.0,0.0,1,1,1
Math,52,locus,Yes,227.0,0.004405,0.004405,133.003271818161,2025-12-22T16:08:14.376280,2025-12-22T16:51:46.559971,,,,,,,,,,0,0,0
Math,53,FlexFL,Yes,1.0,1.0,1.0,N/A,N/A,N/A,N/A,N/A,N/A,N/A,N/A,N/A,N/A,N/A,N/A,1,1,1
Math,53,boostnsift,Yes,1.0,1.0,1.0,22.064542531967163,2025-11-18T18:27:11.015004,2025-12-22T16:51:46.559971,15.005,29.8,12842434.0,23121100.0,134861973094.0,736.0,0.0,0.0,0.0,1,1,1
Math,53,buglocator,Yes,1.0,1.0,1.0,21.419739723205566,2025-11-18T18:27:11.995388,2025-12-22T16:51:46.559971,335.03000000000003,557.35,691326156.5,1046373990.0,134861973094.0,696.0,0.0,0.0,0.0,1,1,1
Math,53,locus,Yes,1.0,1.0,1.0,216.85971307754517,2025-12-22T16:10:18.344835,2025-12-22T16:51:46.559971,,,,,,,,,,1,1,1
Math,54,FlexFL,Yes,1.0,1.0,0.5,N/A,N/A,N/A,N/A,N/A,N/A,N/A,N/A,N/A,N/A,N/A,N/A,1,1,1
Math,54,boostnsift,Yes,2.0,0.5,0.5,26.83090114593506,2025-11-18T18:27:38.251883,2025-12-22T16:51:46.559971,77.975,234.23,382035558.25,594018304.0,134861973094.0,696.0,0.0,0.0,0.0,0,1,1
Math,54,buglocator,Yes,6.0,0.166667,0.166667,18.134954690933228,2025-11-18T18:27:30.133634,2025-12-22T16:51:46.559971,71.65,112.66,417642577.5,795449753.0,134861973094.0,736.0,0.0,0.0,,0,0,1
Math,54,locus,Yes,6.0,0.166667,0.166667,145.81103587150574,2025-12-22T16:10:40.191321,2025-12-22T16:51:46.559971,,,,,,,,,,0,0,1
Math,55,FlexFL,Yes,1.0,1.0,1.0,N/A,N/A,N/A,N/A,N/A,N/A,N/A,N/A,N/A,N/A,N/A,N/A,1,1,1
Math,55,boostnsift,Yes,1.0,1.0,1.0,28.715519189834595,2025-11-18T18:27:59.227176,2025-12-22T16:51:46.559971,102.34,271.26,440763678.5,704328499.0,134861973094.0,806.0,0.0,0.0,0.0,1,1,1
Math,55,buglocator,Yes,1.0,1.0,1.0,15.398563861846924,2025-11-18T18:27:53.653709,2025-12-22T16:51:46.559971,65.64,100.62,463250390.5,886990438.0,134861973094.0,516.0,0.0,0.0,0.0,1,1,1
Math,55,locus,Yes,2.0,0.5,0.5,107.16745805740356,2025-12-22T16:12:05.537245,2025-12-22T16:51:46.559971,,,,,,,,,,0,1,1
Math,56,FlexFL,Yes,1.0,1.0,1.0,N/A,N/A,N/A,N/A,N/A,N/A,N/A,N/A,N/A,N/A,N/A,N/A,1,1,1
Math,56,boostnsift,Yes,1.0,1.0,1.0,30.09566879272461,2025-11-18T18:28:24.112332,2025-12-22T16:51:46.559971,72.284,339.26,368920493.8,730542899.0,134861973094.0,806.0,0.0,0.0,0.0,1,1,1
Math,56,buglocator,Yes,1.0,1.0,1.0,15.785345077514648,2025-11-18T18:28:15.015789,2025-12-22T16:51:46.559971,67.47,116.2,503473766.0,961649049.0,134861973094.0,516.0,0.0,0.0,0.0,1,1,1
Math,56,locus,Yes,1.0,1.0,1.0,107.64145612716676,2025-12-22T16:12:27.834305,2025-12-22T16:51:46.559971,,,,,,,,,,1,1,1
Math,57,FlexFL,Yes,1.0,1.0,1.0,N/A,N/A,N/A,N/A,N/A,N/A,N/A,N/A,N/A,N/A,N/A,N/A,1,1,1
Math,57,boostnsift,Yes,1.0,1.0,1.0,20.33051371574402,2025-11-18T18:28:35.750850,2025-12-22T16:51:46.559971,1.455,2.91,11628707.5,23257415.0,134861973094.0,646.0,0.0,0.0,0.0,1,1,1
Math,57,buglocator,Yes,1.0,1.0,1.0,16.1576144695282,2025-11-18T18:28:40.273898,2025-12-22T16:51:46.559971,296.08,592.16,180564787.0,361129574.0,134861973094.0,516.0,0.0,0.0,0.0,1,1,1
Math,57,locus,Yes,2.0,0.5,0.5,84.67042684555054,2025-12-22T16:13:30.208990,2025-12-22T16:51:46.559971,,,,,,,,,,0,1,1
Math,58,FlexFL,Yes,4.0,0.25,0.25,N/A,N/A,N/A,N/A,N/A,N/A,N/A,N/A,N/A,N/A,N/A,N/A,0,1,1
Math,58,boostnsift,Yes,1.0,1.0,1.0,29.26797866821289,2025-11-18T18:29:07.168860,2025-12-22T16:51:46.559971,61.192499999999995,171.82,393255321.25,598946611.0,134861973094.0,696.0,0.0,0.0,0.0,1,1,1
Math,58,buglocator,Yes,1.0,1.0,1.0,17.649569034576416,2025-11-18T18:28:57.926470,2025-12-22T16:51:46.559971,126.54,224.17,431080079.0,821978726.0,134861973094.0,736.0,0.0,0.0,0.0,1,1,1
Math,58,locus,Yes,1.0,1.0,1.0,86.6438729763031,2025-12-22T16:13:54.491405,2025-12-22T16:51:46.559971,,,,,,,,,,1,1,1
Math,59,FlexFL,Yes,1.0,1.0,1.0,N/A,N/A,N/A,N/A,N/A,N/A,N/A,N/A,N/A,N/A,N/A,N/A,1,1,1
Math,59,boostnsift,Yes,129.0,0.007752,0.007752,30.564408540725708,2025-11-18T18:29:29.107745,2025-12-22T16:51:46.559971,127.095,365.25,653984268.0,1119912722.0,134861973094.0,806.0,0.0,0.0,0.0,0,0,0
Math,59,buglocator,Yes,104.0,0.009615,0.009615,16.316408157348633,2025-11-18T18:29:23.488435,2025-12-22T16:51:46.559971,177.915,355.83,152777523.0,305555046.0,134861973094.0,426.0,0.0,0.0,0.0,0,0,0
Math,59,locus,Yes,29.0,0.034483,0.034483,86.17962217330933,2025-12-22T16:14:56.391097,2025-12-22T16:51:46.559971,,,,,,,,,,0,0,0
Math,60,FlexFL,Yes,1.0,1.0,1.0,N/A,N/A,N/A,N/A,N/A,N/A,N/A,N/A,N/A,N/A,N/A,N/A,1,1,1
Math,60,boostnsift,Yes,5.0,0.2,0.2,32.40339112281799,2025-11-18T18:30:32.098947,2025-12-22T16:51:46.559971,25.1525,42.99,315914977.0,752667852.0,134861973094.0,696.0,0.0,0.0,0.0,0,1,1
Math,60,buglocator,Yes,1.0,1.0,1.0,21.67387080192566,2025-11-18T18:30:22.963710,2025-12-22T16:51:46.559971,64.53999999999999,100.46,425239510.5,810339532.0,134861973094.0,736.0,0.0,0.0,0.0,1,1,1
Math,60,locus,Yes,2.0,0.5,0.5,64.32619905471802,2025-12-22T16:16:00.720564,2025-12-22T16:51:46.559971,,,,,,,,,,0,1,1
Math,61,FlexFL,Yes,1.0,1.0,1.0,N/A,N/A,N/A,N/A,N/A,N/A,N/A,N/A,N/A,N/A,N/A,N/A,1,1,1
Math,61,boostnsift,Yes,1.0,1.0,1.0,26.867850303649902,2025-11-18T18:30:50.319235,2025-12-22T16:51:46.559971,92.6,335.15,600317623.75,1014602137.0,134861973094.0,806.0,0.0,0.0,0.0,1,1,1
Math,61,buglocator,Yes,1.0,1.0,1.0,16.219521522521973,2025-11-18T18:30:48.322118,2025-12-22T16:51:46.559971,310.36,620.72,178834636.5,357669273.0,134861973094.0,516.0,0.0,0.0,0.0,1,1,1
Math,61,locus,Yes,1.0,1.0,1.0,49.416544914245605,2025-12-22T16:16:48.068570,2025-12-22T16:51:46.559971,,,,,,,,,,1,1,1
Math,62,FlexFL,No,,0.0,0.0,N/A,N/A,N/A,N/A,N/A,N/A,N/A,N/A,N/A,N/A,N/A,N/A,0,0,0
Math,62,boostnsift,Yes,3.0,0.333333,0.333333,27.31422996520996,2025-11-18T18:31:16.162438,2025-12-22T16:51:46.559971,24.57,47.45,445545185.0,929143193.0,134861973094.0,696.0,0.0,0.0,0.0,0,1,1
Math,62,buglocator,Yes,5.0,0.2,0.2,16.735122680664062,2025-11-18T18:31:07.057563,2025-12-22T16:51:46.559971,90.385,146.76,426387701.5,786641715.0,134861973094.0,736.0,0.0,0.0,0.0,0,1,1
Math,62,locus,Yes,20.0,0.05,0.05,49.36937594413757,2025-12-22T16:16:50.091428,2025-12-22T16:51:46.559971,,,,,,,,,,0,0,0
Math,63,FlexFL,Yes,1.0,1.0,1.0,N/A,N/A,N/A,N/A,N/A,N/A,N/A,N/A,N/A,N/A,N/A,N/A,1,1,1
Math,63,boostnsift,Yes,5.0,0.2,0.2,30.46880578994751,2025-11-18T18:31:37.928084,2025-12-22T16:51:46.559971,165.24,513.45,771011116.5,1271310319.0,134861973094.0,806.0,0.0,0.0,,0,1,1
Math,63,buglocator,Yes,20.0,0.05,0.05,16.193537712097168,2025-11-18T18:31:32.359964,2025-12-22T16:51:46.559971,307.155,614.31,170498457.5,340996915.0,134861973094.0,516.0,0.0,0.0,0.0,0,0,0
Math,63,locus,Yes,1.0,1.0,1.0,45.7146897315979,2025-12-22T16:17:33.785528,2025-12-22T16:51:46.559971,,,,,,,,,,1,1,1
Math,64,FlexFL,Yes,1.0,1.0,1.0,N/A,N/A,N/A,N/A,N/A,N/A,N/A,N/A,N/A,N/A,N/A,N/A,1,1,1
Math,64,boostnsift,Yes,1.0,1.0,1.0,17.744964838027954,2025-11-18T18:31:50.514159,2025-12-22T16:51:46.559971,19.97,19.97,32233226.0,32233226.0,134861973094.0,376.0,0.0,0.0,0.0,1,1,1
Math,64,buglocator,Yes,5.0,0.2,0.2,14.96220636367798,2025-11-18T18:31:52.894000,2025-12-22T16:51:46.559971,86.54499999999999,140.7,454678282.0,869269504.0,134861973094.0,736.0,0.0,0.0,,0,1,1
Math,64,locus,Yes,2.0,0.5,0.5,54.575072050094604,2025-12-22T16:17:44.668230,2025-12-22T16:51:46.559971,,,,,,,,,,0,1,1
Math,65,FlexFL,Yes,1.0,1.0,1.0,N/A,N/A,N/A,N/A,N/A,N/A,N/A,N/A,N/A,N/A,N/A,N/A,1,1,1
Math,65,boostnsift,Yes,1.0,1.0,1.0,28.57866907119751,2025-11-18T18:32:19.601993,2025-12-22T16:51:46.559971,125.4,477.82,487669104.0,774163660.0,134861973094.0,806.0,0.0,0.0,0.0,1,1,1
Math,65,buglocator,Yes,1.0,1.0,1.0,20.98785400390625,2025-11-18T18:32:13.904900,2025-12-22T16:51:46.559971,268.57,537.14,159068979.0,318137958.0,134861973094.0,626.0,0.0,0.0,0.0,1,1,1
Math,65,locus,Yes,2.0,0.5,0.5,49.84209322929382,2025-12-22T16:18:23.628890,2025-12-22T16:51:46.559971,,,,,,,,,,0,1,1
Math,66,FlexFL,Yes,3.0,0.3333333333333333,0.0666666666666666,N/A,N/A,N/A,N/A,N/A,N/A,N/A,N/A,N/A,N/A,N/A,N/A,1,1,1
Math,66,boostnsift,Yes,2.0,0.5,0.5,18.830942630767822,2025-11-18T18:32:33.113318,2025-12-22T16:51:46.559971,1.405,2.81,11560550.0,23121100.0,134861973094.0,486.0,0.0,0.0,0.0,0,1,1
Math,66,buglocator,Yes,2.0,0.5,0.5,15.57719111442566,2025-11-18T18:32:35.182336,2025-12-22T16:51:46.559971,15.615,31.23,20064501.5,40129003.0,134861973094.0,426.0,0.0,0.0,0.0,0,1,1
Math,66,locus,Yes,1.0,1.0,1.0,50.125080823898315,2025-12-22T16:18:34.814329,2025-12-22T16:51:46.559971,,,,,,,,,,1,1,1
Math,67,FlexFL,Yes,2.0,0.5,0.25,N/A,N/A,N/A,N/A,N/A,N/A,N/A,N/A,N/A,N/A,N/A,N/A,1,1,1
Math,67,boostnsift,Yes,1.0,1.0,1.0,17.88272738456726,2025-11-18T18:32:51.417391,2025-12-22T16:51:46.559971,1.525,3.05,11392778.0,22785556.0,134861973094.0,486.0,0.0,0.0,0.0,1,1,1
Math,67,buglocator,Yes,1.0,1.0,1.0,18.24139404296875,2025-11-18T18:32:53.427358,2025-12-22T16:51:46.559971,65.84,131.68,71303168.0,142606336.0,134861973094.0,266.0,0.0,0.0,0.0,1,1,1
Math,67,locus,Yes,1.0,1.0,1.0,59.31256914138794,2025-12-22T16:19:22.944716,2025-12-22T16:51:46.559971,,,,,,,,,,1,1,1
Math,68,FlexFL,Yes,1.0,1.0,0.8333333333333333,N/A,N/A,N/A,N/A,N/A,N/A,N/A,N/A,N/A,N/A,N/A,N/A,1,1,1
Math,68,boostnsift,Yes,1.0,1.0,1.0,25.69236946105957,2025-11-18T18:33:17.568569,2025-12-22T16:51:46.559971,123.19750000000002,375.61,463769435.75,757805875.0,134861973094.0,806.0,0.0,0.0,0.0,1,1,1
Math,68,buglocator,Yes,7.0,0.142857,0.142857,18.577439069747925,2025-11-18T18:33:12.016425,2025-12-22T16:51:46.559971,332.535,665.07,166776012.5,333552025.0,134861973094.0,536.0,0.0,0.0,0.0,0,0,1
Math,68,locus,Yes,2.0,0.5,0.5,63.31830620765686,2025-12-22T16:19:38.153477,2025-12-22T16:51:46.559971,,,,,,,,,,0,1,1
Math,69,FlexFL,Yes,1.0,1.0,1.0,N/A,N/A,N/A,N/A,N/A,N/A,N/A,N/A,N/A,N/A,N/A,N/A,1,1,1
Math,69,boostnsift,Yes,1.0,1.0,1.0,27.646665811538696,2025-11-18T18:33:40.022418,2025-12-22T16:51:46.559971,41.495,96.67,227011460.75,492725862.0,134861973094.0,696.0,0.0,0.0,0.0,1,1,1
Math,69,buglocator,Yes,1.0,1.0,1.0,14.326103448867798,2025-11-18T18:33:31.897965,2025-12-22T16:51:46.559971,73.985,120.53,457137192.5,874197811.0,134861973094.0,736.0,0.0,0.0,0.0,1,1,1
Math,69,locus,Yes,2.0,0.5,0.5,57.64059090614319,2025-12-22T16:20:20.588205,2025-12-22T16:51:46.559971,,,,,,,,,,0,1,1
Math,70,FlexFL,Yes,1.0,1.0,1.0,N/A,N/A,N/A,N/A,N/A,N/A,N/A,N/A,N/A,N/A,N/A,N/A,1,1,1
Math,70,boostnsift,Yes,1.0,1.0,1.0,26.25570917129517,2025-11-18T18:34:36.920211,2025-12-22T16:51:46.559971,30.613333333333333,42.34,484484054.6666667,875980390.0,134861973094.0,696.0,0.0,0.0,0.0,1,1,1
Math,70,buglocator,Yes,1.0,1.0,1.0,18.7161808013916,2025-11-18T18:34:30.996396,2025-12-22T16:51:46.559971,65.28,100.83,459868733.0,879860121.0,134861973094.0,736.0,0.0,0.0,0.0,1,1,1
Math,70,locus,No,,0.0,0.0,66.39303803443909,2025-12-22T16:21:26.997724,2025-12-22T16:51:46.559971,,,,,,,,,,0,0,0
Math,71,FlexFL,Yes,1.0,1.0,1.0,N/A,N/A,N/A,N/A,N/A,N/A,N/A,N/A,N/A,N/A,N/A,N/A,1,1,1
Math,71,boostnsift,Yes,2.0,0.5,0.5,30.239979028701782,2025-11-18T18:35:01.586407,2025-12-22T16:51:46.559971,132.2125,461.24,746051337.75,1267015352.0,134861973094.0,806.0,0.0,0.0,0.0,0,1,1
Math,71,buglocator,Yes,48.0,0.020833,0.020833,19.128345727920532,2025-11-18T18:34:56.070880,2025-12-22T16:51:46.559971,139.87,279.74,114923929.5,229847859.0,134861973094.0,626.0,0.0,0.0,0.0,0,0,0
Math,71,locus,Yes,74.0,0.013514,0.013514,265.7820098400116,2025-12-22T16:25:52.799959,2025-12-22T16:51:46.559971,,,,,,,,,,0,0,0
Math,72,FlexFL,Yes,1.0,1.0,1.0,N/A,N/A,N/A,N/A,N/A,N/A,N/A,N/A,N/A,N/A,N/A,N/A,1,1,1
Math,72,boostnsift,Yes,1.0,1.0,1.0,22.065269708633423,2025-11-18T18:35:18.752097,2025-12-22T16:51:46.559971,55.215,94.54,54908681.5,77479280.0,134861973094.0,806.0,0.0,0.0,0.0,1,1,1
Math,72,buglocator,Yes,1.0,1.0,1.0,16.15528440475464,2025-11-18T18:35:17.745418,2025-12-22T16:51:46.559971,98.14,169.76,413264772.5,787061145.0,134861973094.0,736.0,0.0,0.0,0.0,1,1,1
Math,72,locus,Yes,1.0,1.0,1.0,209.965567111969,2025-12-22T16:25:50.785818,2025-12-22T16:51:46.559971,,,,,,,,,,1,1,1
Math,73,FlexFL,Yes,1.0,1.0,1.0,N/A,N/A,N/A,N/A,N/A,N/A,N/A,N/A,N/A,N/A,N/A,N/A,1,1,1
Math,73,boostnsift,Yes,1.0,1.0,1.0,23.792181491851807,2025-11-18T18:35:42.228086,2025-12-22T16:51:46.559971,11.47,22.94,15980298.0,31960596.0,134861973094.0,626.0,0.0,0.0,0.0,1,1,1
Math,73,buglocator,Yes,1.0,1.0,1.0,21.163764715194706,2025-11-18T18:35:39.928084,2025-12-22T16:51:46.559971,73.06,119.1,404970536.5,770179072.0,134861973094.0,736.0,0.0,0.0,0.0,1,1,1
Math,73,locus,Yes,1.0,1.0,1.0,88.35415983200073,2025-12-22T16:27:19.153135,2025-12-22T16:51:46.559971,,,,,,,,,,1,1,1
Math,74,FlexFL,Yes,4.0,0.25,0.25,N/A,N/A,N/A,N/A,N/A,N/A,N/A,N/A,N/A,N/A,N/A,N/A,0,1,1
Math,74,boostnsift,Yes,1.0,1.0,1.0,30.7610285282135,2025-11-18T18:36:11.069765,2025-12-22T16:51:46.559971,106.0125,242.06,568066047.75,946234982.0,134861973094.0,696.0,0.0,0.0,0.0,1,1,1
Math,74,buglocator,Yes,4.0,0.25,0.25,20.728248834609985,2025-11-18T18:36:02.959608,2025-12-22T16:51:46.559971,83.545,132.18,429785087.5,792618598.0,134861973094.0,736.0,0.0,0.0,0.0,0,1,1
Math,74,locus,Yes,2.0,0.5,0.5,88.04325079917908,2025-12-22T16:27:20.844245,2025-12-22T16:51:46.559971,,,,,,,,,,0,1,1
Math,75,FlexFL,Yes,1.0,1.0,1.0,N/A,N/A,N/A,N/A,N/A,N/A,N/A,N/A,N/A,N/A,N/A,N/A,1,1,1
Math,75,boostnsift,Yes,1.0,1.0,1.0,28.74867272377014,2025-11-18T18:36:32.070349,2025-12-22T16:51:46.559971,93.9525,346.86,364773375.75,978531123.0,134861973094.0,806.0,0.0,0.0,0.0,1,1,1
Math,75,buglocator,Yes,1.0,1.0,1.0,15.43473505973816,2025-11-18T18:36:26.507873,2025-12-22T16:51:46.559971,71.12,110.93,412913499.5,786012569.0,134861973094.0,516.0,0.0,0.0,0.0,1,1,1
Math,75,locus,Yes,2.0,0.5,0.5,66.20363402366638,2025-12-22T16:28:25.360327,2025-12-22T16:51:46.559971,,,,,,,,,,0,1,1
Math,76,FlexFL,Yes,2.0,0.5,0.5,N/A,N/A,N/A,N/A,N/A,N/A,N/A,N/A,N/A,N/A,N/A,N/A,0,1,1
Math,76,boostnsift,Yes,4.0,0.25,0.25,32.873342752456665,2025-11-18T18:36:59.803128,2025-12-22T16:51:46.559971,81.044,309.88,431881191.0,648229683.0,134861973094.0,876.0,0.0,0.0,0.0,0,1,1
Math,76,buglocator,Yes,1.0,1.0,1.0,16.462693452835083,2025-11-18T18:36:48.548836,2025-12-22T16:51:46.559971,235.575,443.69,383196856.0,726663168.0,134861973094.0,736.0,0.0,0.0,0.0,1,1,1
Math,76,locus,Yes,1.0,1.0,1.0,66.56536602973938,2025-12-22T16:28:27.413680,2025-12-22T16:51:46.559971,,,,,,,,,,1,1,1
Math,77,FlexFL,Yes,1.0,1.0,1.0,N/A,N/A,N/A,N/A,N/A,N/A,N/A,N/A,N/A,N/A,N/A,N/A,1,1,1
Math,77,boostnsift,Yes,6.0,0.166667,0.166667,27.957937479019165,2025-11-18T18:37:18.330121,2025-12-22T16:51:46.559971,143.71,416.51,503437065.5,805096652.0,134861973094.0,806.0,0.0,0.0,0.0,0,0,1
Math,77,buglocator,Yes,2.0,0.5,0.5,16.512396574020386,2025-11-18T18:37:16.332236,2025-12-22T16:51:46.559971,2.73,5.46,26654801.5,53309603.0,134861973094.0,426.0,0.0,0.0,0.0,0,1,1
Math,77,locus,Yes,3.0,0.333333,0.333333,70.15897178649902,2025-12-22T16:29:35.535127,2025-12-22T16:51:46.559971,,,,,,,,,,0,1,1
Math,78,FlexFL,Yes,1.0,1.0,1.0,N/A,N/A,N/A,N/A,N/A,N/A,N/A,N/A,N/A,N/A,N/A,N/A,1,1,1
Math,78,boostnsift,Yes,1.0,1.0,1.0,38.69616913795471,2025-11-18T18:37:55.430927,2025-12-22T16:51:46.559971,164.285,489.92,617118433.0,1069547520.0,134861973094.0,806.0,0.0,0.0,0.0,1,1,1
Math,78,buglocator,Yes,2.0,0.5,0.5,31.09869813919067,2025-11-18T18:37:49.442861,2025-12-22T16:51:46.559971,178.22,356.44,164521574.0,329043148.0,134861973094.0,536.0,0.0,0.0,0.0,0,1,1
Math,78,locus,Yes,2.0,0.5,0.5,70.71717810630798,2025-12-22T16:29:38.134472,2025-12-22T16:51:46.559971,,,,,,,,,,0,1,1
Math,79,FlexFL,No,,0.0,0.0,N/A,N/A,N/A,N/A,N/A,N/A,N/A,N/A,N/A,N/A,N/A,N/A,0,0,0
Math,79,boostnsift,Yes,11.0,0.090909,0.090909,27.2466824054718,2025-11-18T18:38:17.037423,2025-12-22T16:51:46.559971,82.9025,269.87,652932546.25,996566630.0,134861973094.0,806.0,0.0,0.0,0.0,0,0,0
Math,79,buglocator,Yes,59.0,0.016949,0.016949,16.05644965171814,2025-11-18T18:38:11.490556,2025-12-22T16:51:46.559971,82.05,124.75,471576084.0,876190105.0,134861973094.0,516.0,0.0,0.0,0.0,0,0,0
Math,79,locus,Yes,43.0,0.023256,0.023256,140.94780373573303,2025-12-22T16:31:56.489479,2025-12-22T16:51:46.559971,,,,,,,,,,0,0,0
Math,80,FlexFL,Yes,1.0,1.0,1.0,N/A,N/A,N/A,N/A,N/A,N/A,N/A,N/A,N/A,N/A,N/A,N/A,1,1,1
Math,80,boostnsift,Yes,2.0,0.5,0.5,29.23973298072815,2025-11-18T18:39:16.789440,2025-12-22T16:51:46.559971,92.085,180.63,464812769.0,708313088.0,134861973094.0,696.0,0.0,0.0,0.0,0,1,1
Math,80,buglocator,Yes,1.0,1.0,1.0,20.81220817565918,2025-11-18T18:39:08.976364,2025-12-22T16:51:46.559971,67.26,105.08,415949127.0,778462822.0,134861973094.0,736.0,0.0,0.0,0.0,1,1,1
Math,80,locus,Yes,2.0,0.5,0.5,66.7249391078949,2025-12-22T16:33:03.216559,2025-12-22T16:51:46.559971,,,,,,,,,,0,1,1
Math,81,FlexFL,Yes,3.0,0.3333333333333333,0.1111111111111111,N/A,N/A,N/A,N/A,N/A,N/A,N/A,N/A,N/A,N/A,N/A,N/A,1,1,1
Math,81,boostnsift,Yes,2.0,0.5,0.5,28.95695400238037,2025-11-18T18:39:38.254781,2025-12-22T16:51:46.559971,60.0325,212.08,249613516.75,583742259.0,134861973094.0,806.0,0.0,0.0,0.0,0,1,1
Math,81,buglocator,Yes,1.0,1.0,1.0,15.896334648132324,2025-11-18T18:39:32.689254,2025-12-22T16:51:46.559971,68.515,102.96,468503756.5,883530137.0,134861973094.0,516.0,0.0,0.0,0.0,1,1,1
Math,81,locus,Yes,1.0,1.0,1.0,81.24336504936218,2025-12-22T16:34:16.507804,2025-12-22T16:51:46.559971,,,,,,,,,,1,1,1
Math,82,FlexFL,Yes,1.0,1.0,1.0,N/A,N/A,N/A,N/A,N/A,N/A,N/A,N/A,N/A,N/A,N/A,N/A,1,1,1
Math,82,boostnsift,Yes,4.0,0.25,0.25,31.024739742279053,2025-11-18T18:40:04.083675,2025-12-22T16:51:46.559971,123.246,478.35,352260718.2,708208230.0,134861973094.0,806.0,0.0,0.0,0.0,0,1,1
Math,82,buglocator,Yes,5.0,0.2,0.2,16.622093439102173,2025-11-18T18:39:54.883157,2025-12-22T16:51:46.559971,1.675,3.35,27399290.5,54798581.0,134861973094.0,266.0,0.0,0.0,0.0,0,1,1
Math,82,locus,No,,0.0,0.0,75.80957698822021,2025-12-22T16:34:19.029854,2025-12-22T16:51:46.559971,,,,,,,,,,0,0,0
Math,83,FlexFL,Yes,2.0,0.5,0.25,N/A,N/A,N/A,N/A,N/A,N/A,N/A,N/A,N/A,N/A,N/A,N/A,0,1,1
Math,83,boostnsift,Yes,1.0,1.0,1.0,34.49464464187622,2025-11-18T18:40:29.706835,2025-12-22T16:51:46.559971,96.554,371.19,390875577.8,773639372.0,134861973094.0,806.0,0.0,0.0,0.0,1,1,1
Math,83,buglocator,Yes,3.0,0.333333,0.333333,15.876194715499878,2025-11-18T18:40:19.962874,2025-12-22T16:51:46.559971,75.42,115.68,484646584.0,914882560.0,134861973094.0,516.0,0.0,0.0,0.0,0,1,1
Math,83,locus,No,,0.0,0.0,45.7214720249176,2025-12-22T16:35:02.230534,2025-12-22T16:51:46.559971,,,,,,,,,,0,0,0
Math,84,FlexFL,Yes,1.0,1.0,1.0,N/A,N/A,N/A,N/A,N/A,N/A,N/A,N/A,N/A,N/A,N/A,N/A,1,1,1
Math,84,boostnsift,Yes,1.0,1.0,1.0,25.443196058273315,2025-11-18T18:40:46.474553,2025-12-22T16:51:46.559971,11.405,18.21,167819345.5,308595916.0,134861973094.0,736.0,0.0,0.0,0.0,1,1,1
Math,84,buglocator,Yes,1.0,1.0,1.0,17.719939470291138,2025-11-18T18:40:47.430143,2025-12-22T16:51:46.559971,198.13,396.26,151466803.0,302933606.0,134861973094.0,536.0,0.0,0.0,0.0,1,1,1
Math,84,locus,No,,0.0,0.0,49.3689649105072,2025-12-22T16:35:08.401457,2025-12-22T16:51:46.559971,,,,,,,,,,0,0,0
Math,85,FlexFL,Yes,2.0,0.5,0.5,N/A,N/A,N/A,N/A,N/A,N/A,N/A,N/A,N/A,N/A,N/A,N/A,0,1,1
Math,85,boostnsift,Yes,34.0,0.029412,0.029412,22.13758850097656,2025-11-18T18:41:09.089316,2025-12-22T16:51:46.559971,14.47,28.94,16100884.0,32201768.0,134861973094.0,626.0,0.0,0.0,0.0,0,0,0
Math,85,buglocator,Yes,10.0,0.1,0.1,19.644670248031616,2025-11-18T18:41:07.078522,2025-12-22T16:51:46.559971,189.69,350.96,340624670.5,628516454.0,134861973094.0,736.0,0.0,0.0,0.0,0,0,1
Math,85,locus,Yes,50.0,0.02,0.02,49.470637798309326,2025-12-22T16:35:51.702190,2025-12-22T16:51:46.559971,,,,,,,,,,0,0,0
Math,86,FlexFL,Yes,1.0,1.0,1.0,N/A,N/A,N/A,N/A,N/A,N/A,N/A,N/A,N/A,N/A,N/A,N/A,1,1,1
Math,86,boostnsift,Yes,1.0,1.0,1.0,22.60031509399414,2025-11-18T18:41:30.067429,2025-12-22T16:51:46.559971,87.32333333333332,225.51,95959733.33333331,261305139.0,134861973094.0,806.0,0.0,0.0,0.0,1,1,1
Math,86,buglocator,Yes,1.0,1.0,1.0,18.52627182006836,2025-11-18T18:41:27.618859,2025-12-22T16:51:46.559971,285.37,570.74,164469145.5,328938291.0,134861973094.0,536.0,0.0,0.0,0.0,1,1,1
Math,86,locus,Yes,5.0,0.2,0.2,50.39444303512573,2025-12-22T16:35:58.796593,2025-12-22T16:51:46.559971,,,,,,,,,,0,1,1
Math,87,FlexFL,Yes,1.0,1.0,1.0,N/A,N/A,N/A,N/A,N/A,N/A,N/A,N/A,N/A,N/A,N/A,N/A,1,1,1
Math,87,boostnsift,Yes,2.0,0.5,0.5,27.708248376846313,2025-11-18T18:41:55.683937,2025-12-22T16:51:46.559971,148.64,460.03,457263021.75,700134195.0,134861973094.0,806.0,0.0,0.0,0.0,0,1,1
Math,87,buglocator,Yes,1.0,1.0,1.0,20.072409868240356,2025-11-18T18:41:50.143058,2025-12-22T16:51:46.559971,254.41,508.82,160117555.0,320235110.0,134861973094.0,626.0,0.0,0.0,0.0,1,1,1
Math,87,locus,Yes,1.0,1.0,1.0,40.66317415237427,2025-12-22T16:36:32.367291,2025-12-22T16:51:46.559971,,,,,,,,,,1,1,1
Math,88,FlexFL,Yes,4.0,0.25,0.25,N/A,N/A,N/A,N/A,N/A,N/A,N/A,N/A,N/A,N/A,N/A,N/A,0,1,1
Math,88,boostnsift,Yes,6.0,0.166667,0.166667,29.836469411849976,2025-11-18T18:42:20.308428,2025-12-22T16:51:46.559971,13.7825,29.52,239874867.0,564658176.0,134861973094.0,696.0,0.0,0.0,0.0,0,0,1
Math,88,buglocator,Yes,48.0,0.020833,0.020833,15.437257528305054,2025-11-18T18:42:11.124309,2025-12-22T16:51:46.559971,71.51,114.59,408305008.5,776680243.0,134861973094.0,736.0,0.0,0.0,0.0,0,0,0
Math,88,locus,Yes,3.0,0.333333,0.333333,43.021700859069824,2025-12-22T16:36:41.821152,2025-12-22T16:51:46.559971,,,,,,,,,,0,1,1
Math,89,FlexFL,Yes,1.0,1.0,1.0,N/A,N/A,N/A,N/A,N/A,N/A,N/A,N/A,N/A,N/A,N/A,N/A,1,1,1
Math,89,boostnsift,Yes,1.0,1.0,1.0,25.70079779624939,2025-11-18T18:42:37.224679,2025-12-22T16:51:46.559971,84.87,186.77,335065469.6666667,566650470.0,134861973094.0,806.0,0.0,0.0,0.0,1,1,1
Math,89,buglocator,Yes,1.0,1.0,1.0,14.861465454101562,2025-11-18T18:42:35.173097,2025-12-22T16:51:46.559971,77.795,115.28,403486801.5,741762662.0,134861973094.0,516.0,0.0,0.0,0.0,1,1,1
Math,89,locus,Yes,2.0,0.5,0.5,63.91260600090027,2025-12-22T16:37:36.488359,2025-12-22T16:51:46.559971,,,,,,,,,,0,1,1
Math,90,FlexFL,Yes,1.0,1.0,1.0,N/A,N/A,N/A,N/A,N/A,N/A,N/A,N/A,N/A,N/A,N/A,N/A,1,1,1
Math,90,boostnsift,Yes,1.0,1.0,1.0,34.45758366584778,2025-11-18T18:43:37.619556,2025-12-22T16:51:46.559971,83.57,388.76,307394248.1666667,509188505.0,134861973094.0,876.0,0.0,0.0,0.0,1,1,1
Math,90,buglocator,Yes,1.0,1.0,1.0,20.15859889984131,2025-11-18T18:43:23.944145,2025-12-22T16:51:46.559971,285.635,571.27,178834636.5,357669273.0,134861973094.0,626.0,0.0,0.0,0.0,1,1,1
Math,90,locus,Yes,2.0,0.5,0.5,93.60507106781006,2025-12-22T16:39:10.140856,2025-12-22T16:51:46.559971,,,,,,,,,,0,1,1
Math,91,FlexFL,Yes,1.0,1.0,1.0,N/A,N/A,N/A,N/A,N/A,N/A,N/A,N/A,N/A,N/A,N/A,N/A,1,1,1
Math,91,boostnsift,Yes,5.0,0.2,0.2,28.19553780555725,2025-11-18T18:43:52.494127,2025-12-22T16:51:46.559971,11.215,19.75,154486701.5,286156390.0,134861973094.0,736.0,0.0,0.0,,0,1,1
Math,91,buglocator,Yes,1.0,1.0,1.0,16.874542474746704,2025-11-18T18:43:54.510466,2025-12-22T16:51:46.559971,9.38,18.76,19828572.0,39657144.0,134861973094.0,266.0,0.0,0.0,0.0,1,1,1
Math,91,locus,Yes,1.0,1.0,1.0,65.28995418548584,2025-12-22T16:40:15.433875,2025-12-22T16:51:46.559971,,,,,,,,,,1,1,1
Math,92,FlexFL,Yes,1.0,1.0,1.0,N/A,N/A,N/A,N/A,N/A,N/A,N/A,N/A,N/A,N/A,N/A,N/A,1,1,1
Math,92,boostnsift,Yes,1.0,1.0,1.0,32.305086851119995,2025-11-18T18:44:25.213867,2025-12-22T16:51:46.559971,71.07333333333332,150.64,212883297.0,599680614.0,134861973094.0,696.0,0.0,0.0,0.0,1,1,1
Math,92,buglocator,Yes,2.0,0.5,0.5,25.136035442352295,2025-11-18T18:44:19.649705,2025-12-22T16:51:46.559971,15.865,31.73,27441233.5,54882467.0,134861973094.0,486.0,0.0,0.0,0.0,0,1,1
Math,92,locus,Yes,2.0,0.5,0.5,81.58250284194946,2025-12-22T16:41:23.596975,2025-12-22T16:51:46.559971,,,,,,,,,,0,1,1
Math,93,FlexFL,Yes,1.0,1.0,1.0,N/A,N/A,N/A,N/A,N/A,N/A,N/A,N/A,N/A,N/A,N/A,N/A,1,1,1
Math,93,boostnsift,Yes,5.0,0.2,0.2,28.153585195541385,2025-11-18T18:44:48.145377,2025-12-22T16:51:46.559971,81.4025,296.73,220691169.0,460534579.0,134861973094.0,806.0,0.0,0.0,0.0,0,1,1
Math,93,buglocator,Yes,2.0,0.5,0.5,14.254459142684937,2025-11-18T18:44:39.471740,2025-12-22T16:51:46.559971,547.61,547.61,318242816.0,318242816.0,134861973094.0,736.0,0.0,0.0,0.0,0,1,1
Math,93,locus,Yes,2.0,0.5,0.5,73.96142601966858,2025-12-22T16:41:29.398513,2025-12-22T16:51:46.559971,,,,,,,,,,0,1,1
Math,94,FlexFL,Yes,1.0,1.0,1.0,N/A,N/A,N/A,N/A,N/A,N/A,N/A,N/A,N/A,N/A,N/A,N/A,1,1,1
Math,94,boostnsift,Yes,1.0,1.0,1.0,16.345139980316162,2025-11-18T18:44:56.163992,2025-12-22T16:51:46.559971,7.614999999999999,12.79,154539130.5,285841817.0,134861973094.0,736.0,0.0,0.0,0.0,1,1,1
Math,94,buglocator,Yes,2.0,0.5,0.5,14.01179027557373,2025-11-18T18:45:02.160620,2025-12-22T16:51:46.559971,15.745,31.49,19996344.0,39992688.0,134861973094.0,376.0,0.0,0.0,0.0,0,1,1
Math,94,locus,Yes,2.0,0.5,0.5,84.10078001022339,2025-12-22T16:42:47.707254,2025-12-22T16:51:46.559971,,,,,,,,,,0,1,1
Math,95,FlexFL,Yes,1.0,1.0,1.0,N/A,N/A,N/A,N/A,N/A,N/A,N/A,N/A,N/A,N/A,N/A,N/A,1,1,1
Math,95,boostnsift,Yes,7.0,0.142857,0.142857,23.26499319076538,2025-11-18T18:45:19.889223,2025-12-22T16:51:46.559971,84.99,243.78,320549683.0,547880960.0,134861973094.0,806.0,0.0,0.0,,0,0,1
Math,95,buglocator,Yes,2.0,0.5,0.5,14.554526090621948,2025-11-18T18:45:16.725267,2025-12-22T16:51:46.559971,41.885,83.77,57252249.5,114504499.0,134861973094.0,376.0,0.0,0.0,0.0,0,1,1
Math,95,locus,Yes,1.0,1.0,1.0,72.73682117462158,2025-12-22T16:42:42.161104,2025-12-22T16:51:46.559971,,,,,,,,,,1,1,1
Math,96,FlexFL,Yes,2.0,0.5,0.5,N/A,N/A,N/A,N/A,N/A,N/A,N/A,N/A,N/A,N/A,N/A,N/A,1,1,1
Math,96,boostnsift,Yes,3.0,0.333333,0.333333,23.92166757583618,2025-11-18T18:45:41.029309,2025-12-22T16:51:46.559971,62.06333333333333,88.19,252514576.33333337,391223705.0,134861973094.0,696.0,0.0,0.0,0.0,0,1,1
Math,96,buglocator,Yes,4.0,0.25,0.25,16.584991693496704,2025-11-18T18:45:36.489682,2025-12-22T16:51:46.559971,17.91,35.82,32558284.5,65116569.0,134861973094.0,486.0,0.0,0.0,0.0,0,1,1
Math,96,locus,Yes,2.0,0.5,0.5,160.16849780082703,2025-12-22T16:45:22.346605,2025-12-22T16:51:46.559971,,,,,,,,,,0,1,1
Math,97,FlexFL,Yes,1.0,1.0,1.0,N/A,N/A,N/A,N/A,N/A,N/A,N/A,N/A,N/A,N/A,N/A,N/A,1,1,1
Math,97,boostnsift,Yes,1.0,1.0,1.0,21.223098516464233,2025-11-18T18:45:58.065524,2025-12-22T16:51:46.559971,59.43666666666667,160.61,242832724.66666663,358403276.0,134861973094.0,806.0,0.0,0.0,0.0,1,1,1
Math,97,buglocator,Yes,1.0,1.0,1.0,10.936930656433104,2025-11-18T18:45:51.969242,2025-12-22T16:51:46.559971,510.78,510.78,324009984.0,324009984.0,134861973094.0,536.0,0.0,0.0,0.0,1,1,1
Math,97,locus,Yes,1.0,1.0,1.0,156.27329897880554,2025-12-22T16:45:23.987049,2025-12-22T16:51:46.559971,,,,,,,,,,1,1,1
Math,98,FlexFL,Yes,1.0,1.0,0.5,N/A,N/A,N/A,N/A,N/A,N/A,N/A,N/A,N/A,N/A,N/A,N/A,1,1,1
Math,98,boostnsift,Yes,1.0,1.0,1.0,25.41403746604919,2025-11-18T18:46:17.729093,2025-12-22T16:51:46.559971,45.645,93.67,188075212.5,367945318.0,134861973094.0,806.0,0.0,0.0,0.0,1,1,1
Math,98,buglocator,Yes,1.0,1.0,1.0,10.57399559020996,2025-11-18T18:46:08.642532,2025-12-22T16:51:46.559971,415.76,415.76,267806310.0,267806310.0,134861973094.0,266.0,0.0,0.0,0.0,1,1,1
Math,98,locus,Yes,1.0,1.0,1.0,51.735933780670166,2025-12-22T16:46:14.089280,2025-12-22T16:51:46.559971,,,,,,,,,,1,1,1
Math,99,FlexFL,Yes,1.0,1.0,1.0,N/A,N/A,N/A,N/A,N/A,N/A,N/A,N/A,N/A,N/A,N/A,N/A,1,1,1
Math,99,boostnsift,Yes,1.0,1.0,1.0,20.389334678649902,2025-11-18T18:46:29.399363,2025-12-22T16:51:46.559971,29.24,55.75,187805204.0,352531251.0,134861973094.0,806.0,0.0,0.0,0.0,1,1,1
Math,99,buglocator,Yes,2.0,0.5,0.5,14.20383071899414,2025-11-18T18:46:31.936414,2025-12-22T16:51:46.559971,222.96,414.32,295520173.5,551131545.0,134861973094.0,516.0,0.0,0.0,0.0,0,1,1
Math,99,locus,Yes,2.0,0.5,0.5,54.655932903289795,2025-12-22T16:46:18.643567,2025-12-22T16:51:46.559971,,,,,,,,,,0,1,1
Math,100,FlexFL,Yes,1.0,1.0,1.0,N/A,N/A,N/A,N/A,N/A,N/A,N/A,N/A,N/A,N/A,N/A,N/A,1,1,1
Math,100,boostnsift,Yes,1.0,1.0,1.0,27.63808250427246,2025-11-18T18:04:22.696138,2025-12-22T16:51:46.559971,52.55250000000001,191.58,182528245.5,385561395.0,134861973094.0,806.0,0.0,0.0,0.0,1,1,1
Math,100,buglocator,Yes,1.0,1.0,1.0,16.327961683273315,2025-11-18T18:04:13.064955,2025-12-22T16:51:46.559971,414.96,414.96,338899763.0,338899763.0,134861973094.0,536.0,0.0,0.0,0.0,1,1,1
Math,100,locus,Yes,3.0,0.333333,0.333333,20.82291889190674,2025-12-22T15:31:10.005421,2025-12-22T16:51:46.559971,,,,,,,,,,0,1,1
Math,101,FlexFL,Yes,1.0,1.0,1.0,N/A,N/A,N/A,N/A,N/A,N/A,N/A,N/A,N/A,N/A,N/A,N/A,1,1,1
Math,101,boostnsift,Yes,1.0,1.0,1.0,17.83568239212036,2025-11-18T18:04:31.243513,2025-12-22T16:51:46.559971,12.454999999999998,21.9,160002211.0,297061580.0,134861973094.0,736.0,0.0,0.0,0.0,1,1,1
Math,101,buglocator,Yes,1.0,1.0,1.0,10.55017590522766,2025-11-18T18:04:33.249805,2025-12-22T16:51:46.559971,469.04,469.04,353684684.0,353684684.0,134861973094.0,426.0,0.0,0.0,,1,1,1
Math,101,locus,Yes,1.0,1.0,1.0,21.028668880462646,2025-12-22T15:31:12.002503,2025-12-22T16:51:46.559971,,,,,,,,,,1,1,1
Math,102,FlexFL,Yes,1.0,1.0,1.0,N/A,N/A,N/A,N/A,N/A,N/A,N/A,N/A,N/A,N/A,N/A,N/A,1,1,1
Math,102,boostnsift,Yes,1.0,1.0,1.0,20.868369340896606,2025-11-18T18:04:52.440347,2025-12-22T16:51:46.559971,73.96,200.92,266589961.66666663,388182835.0,134861973094.0,806.0,0.0,0.0,0.0,1,1,1
Math,102,buglocator,Yes,1.0,1.0,1.0,12.770873069763184,2025-11-18T18:04:46.023923,2025-12-22T16:51:46.559971,644.79,644.79,351063244.0,351063244.0,134861973094.0,646.0,0.0,0.0,0.0,1,1,1
Math,102,locus,Yes,1.0,1.0,1.0,16.955939769744873,2025-12-22T15:31:26.963169,2025-12-22T16:51:46.559971,,,,,,,,,,1,1,1
Math,103,FlexFL,Yes,1.0,1.0,1.0,N/A,N/A,N/A,N/A,N/A,N/A,N/A,N/A,N/A,N/A,N/A,N/A,1,1,1
Math,103,boostnsift,Yes,1.0,1.0,1.0,21.164974689483643,2025-11-18T18:05:07.510875,2025-12-22T16:51:46.559971,59.54,89.84,260745898.33333337,393216000.0,134861973094.0,806.0,0.0,0.0,0.0,1,1,1
Math,103,buglocator,Yes,1.0,1.0,1.0,11.352588415145874,2025-11-18T18:05:03.875916,2025-12-22T16:51:46.559971,42.28,42.28,51254394.0,51254394.0,134861973094.0,266.0,0.0,0.0,0.0,1,1,1
Math,103,locus,Yes,1.0,1.0,1.0,16.94236397743225,2025-12-22T15:31:28.945406,2025-12-22T16:51:46.559971,,,,,,,,,,1,1,1
Math,104,FlexFL,No,,0.0,0.0,N/A,N/A,N/A,N/A,N/A,N/A,N/A,N/A,N/A,N/A,N/A,N/A,0,0,0
Math,104,boostnsift,Yes,1.0,1.0,1.0,23.387370586395264,2025-11-18T18:05:28.078043,2025-12-22T16:51:46.559971,66.43666666666667,90.63,259403721.0,378745651.0,134861973094.0,696.0,0.0,0.0,0.0,1,1,1
Math,104,buglocator,Yes,1.0,1.0,1.0,12.558770895004272,2025-11-18T18:05:20.072645,2025-12-22T16:51:46.559971,30.69,30.69,44249907.0,44249907.0,134861973094.0,486.0,0.0,0.0,0.0,1,1,1
Math,104,locus,Yes,1.0,1.0,1.0,16.38328504562378,2025-12-22T15:31:43.347957,2025-12-22T16:51:46.559971,,,,,,,,,,1,1,1
Math,105,FlexFL,Yes,1.0,1.0,1.0,N/A,N/A,N/A,N/A,N/A,N/A,N/A,N/A,N/A,N/A,N/A,N/A,1,1,1
Math,105,boostnsift,Yes,1.0,1.0,1.0,12.83270525932312,2025-11-18T18:05:33.242190,2025-12-22T16:51:46.559971,29.21,40.07,215938498.0,400870604.0,134861973094.0,736.0,0.0,0.0,,1,1,1
Math,105,buglocator,Yes,2.0,0.5,0.5,7.45682954788208,2025-11-18T18:05:35.538101,2025-12-22T16:51:46.559971,138.85,138.85,124675686.0,124675686.0,134861973094.0,266.0,0.0,0.0,0.0,0,1,1
Math,105,locus,Yes,1.0,1.0,1.0,16.365827798843384,2025-12-22T15:31:45.311769,2025-12-22T16:51:46.559971,,,,,,,,,,1,1,1
Math,106,FlexFL,Yes,1.0,1.0,1.0,N/A,N/A,N/A,N/A,N/A,N/A,N/A,N/A,N/A,N/A,N/A,N/A,1,1,1
Math,106,boostnsift,Yes,1.0,1.0,1.0,20.848116874694824,2025-11-18T18:05:54.419384,2025-12-22T16:51:46.559971,25.590000000000003,76.15,119820779.0,336697753.0,134861973094.0,736.0,0.0,0.0,0.0,1,1,1
Math,106,buglocator,Yes,1.0,1.0,1.0,12.787686347961426,2025-11-18T18:05:48.342053,2025-12-22T16:51:46.559971,534.68,534.68,338375475.0,338375475.0,134861973094.0,626.0,0.0,0.0,0.0,1,1,1
Math,106,locus,Yes,1.0,1.0,1.0,12.354440927505491,2025-12-22T15:31:55.703242,2025-12-22T16:51:46.559971,,,,,,,,,,1,1,1
Mockito,1,FlexFL,No,,0.0,0.0,N/A,N/A,N/A,N/A,N/A,N/A,N/A,N/A,N/A,N/A,N/A,N/A,0,0,0
Mockito,1,boostnsift,Yes,18.0,0.055556,0.055556,38.354897022247314,2025-11-18T18:47:10.790500,2025-12-22T16:51:47.268695,43.565,115.43,170501078.5,342779494.0,134861973094.0,696.0,0.0,0.0,0.0,0,0,0
Mockito,1,buglocator,Yes,66.0,0.015152,0.015152,65.50408506393433,2025-12-17T16:03:06.345222,2025-12-22T16:51:47.268695,,,,,,,,,,0,0,0
Mockito,1,locus,No,,0.0,0.0,39.45638585090637,2025-11-22T12:31:31.322130,2025-12-22T16:51:47.268695,,,,,,,,,,0,0,0
Mockito,2,FlexFL,Yes,5.0,0.2,0.2,N/A,N/A,N/A,N/A,N/A,N/A,N/A,N/A,N/A,N/A,N/A,N/A,0,1,1
Mockito,2,boostnsift,No,,0.0,0.0,31.178975820541385,2025-11-18T18:51:26.033555,2025-12-22T16:51:47.268695,103.83,307.17,247602872.0,365848166.0,134861973094.0,806.0,0.0,0.0,,0,0,0
Mockito,2,buglocator,Yes,811.0,0.001233,0.001233,57.61068892478943,2025-12-17T16:07:01.673532,2025-12-22T16:51:47.268695,,,,,,,,,,0,0,0
Mockito,2,locus,No,,0.0,0.0,32.3706841468811,2025-11-22T12:50:56.724531,2025-12-22T16:51:47.268695,,,,,,,,,,0,0,0
Mockito,3,FlexFL,No,,0.0,0.0,N/A,N/A,N/A,N/A,N/A,N/A,N/A,N/A,N/A,N/A,N/A,N/A,0,0,0
Mockito,3,boostnsift,Yes,18.0,0.055556,0.055556,36.12450814247131,2025-11-18T18:55:52.409221,2025-12-22T16:51:47.268695,115.9525,401.62,251202109.0,366477312.0,134861973094.0,806.0,0.0,0.0,0.0,0,0,0
Mockito,3,buglocator,Yes,52.0,0.019231,0.019231,62.78129887580872,2025-12-17T16:11:38.577611,2025-12-22T16:51:47.268695,,,,,,,,,,0,0,0
Mockito,3,locus,No,,0.0,0.0,33.51549482345581,2025-11-22T13:15:57.460748,2025-12-22T16:51:47.268695,,,,,,,,,,0,0,0
Mockito,4,FlexFL,No,,0.0,0.0,N/A,N/A,N/A,N/A,N/A,N/A,N/A,N/A,N/A,N/A,N/A,N/A,0,0,0
Mockito,4,boostnsift,Yes,13.0,0.076923,0.076923,34.33603525161743,2025-11-18T18:59:12.513839,2025-12-22T16:51:47.268695,142.61499999999998,445.34,272485580.25,388077977.0,134861973094.0,806.0,0.0,0.0,0.0,0,0,0
Mockito,4,buglocator,Yes,71.0,0.014085,0.014085,38.94309091567993,2025-12-17T16:14:06.995722,2025-12-22T16:51:47.268695,,,,,,,,,,0,0,0
Mockito,4,locus,No,,0.0,0.0,32.26883316040039,2025-11-22T13:41:21.570224,2025-12-22T16:51:47.268695,,,,,,,,,,0,0,0
Mockito,5,FlexFL,Yes,2.0,0.5,0.5,N/A,N/A,N/A,N/A,N/A,N/A,N/A,N/A,N/A,N/A,N/A,N/A,0,1,1
Mockito,5,boostnsift,Yes,6.0,0.166667,0.166667,35.75363111495972,2025-11-18T18:59:43.069350,2025-12-22T16:51:47.268695,50.772499999999994,145.79,169046179.5,342045491.0,134861973094.0,696.0,0.0,0.0,0.0,0,0,1
Mockito,5,buglocator,Yes,13.0,0.076923,0.076923,38.37354803085327,2025-12-17T16:14:07.499912,2025-12-22T16:51:47.268695,,,,,,,,,,0,0,0
Mockito,5,locus,No,,0.0,0.0,27.76873898506165,2025-11-22T13:41:49.343282,2025-12-22T16:51:47.268695,,,,,,,,,,0,0,0
Mockito,6,FlexFL,Yes,2.0,0.5,0.0583333333333333,N/A,N/A,N/A,N/A,N/A,N/A,N/A,N/A,N/A,N/A,N/A,N/A,0,1,1
Mockito,6,boostnsift,Yes,12.0,0.083333,0.083333,33.75510311126709,2025-11-18T19:00:08.271120,2025-12-22T16:51:47.268695,117.0875,452.35,173518356.0,395627724.0,134861973094.0,806.0,0.0,0.0,0.0,0,0,0
Mockito,6,buglocator,Yes,1.0,1.0,1.0,51.63082337379456,2025-12-17T16:14:58.626600,2025-12-22T16:51:47.268695,,,,,,,,,,1,1,1
Mockito,6,locus,No,,0.0,0.0,26.94642996788025,2025-11-22T13:42:16.293141,2025-12-22T16:51:47.268695,,,,,,,,,,0,0,0
Mockito,7,FlexFL,No,,0.0,0.0,N/A,N/A,N/A,N/A,N/A,N/A,N/A,N/A,N/A,N/A,N/A,N/A,0,0,0
Mockito,7,boostnsift,Yes,7.0,0.142857,0.142857,30.17246961593628,2025-11-18T19:00:33.521898,2025-12-22T16:51:47.268695,144.745,496.72,279484825.25,395942297.0,134861973094.0,806.0,0.0,0.0,,0,0,1
Mockito,7,buglocator,Yes,2.0,0.5,0.5,48.660784006118774,2025-12-17T16:14:56.160751,2025-12-22T16:51:47.268695,,,,,,,,,,0,1,1
Mockito,7,locus,No,,0.0,0.0,28.567330598831177,2025-11-22T13:42:44.864419,2025-12-22T16:51:47.268695,,,,,,,,,,0,0,0
Mockito,8,FlexFL,Yes,1.0,1.0,1.0,N/A,N/A,N/A,N/A,N/A,N/A,N/A,N/A,N/A,N/A,N/A,N/A,1,1,1
Mockito,8,boostnsift,Yes,1.0,1.0,1.0,36.47321915626526,2025-11-18T19:01:04.830558,2025-12-22T16:51:47.268695,93.104,352.4,224472858.2,397515161.0,134861973094.0,806.0,0.0,0.0,0.0,1,1,1
Mockito,8,buglocator,Yes,1.0,1.0,1.0,39.269153118133545,2025-12-17T16:15:35.429959,2025-12-22T16:51:47.268695,,,,,,,,,,1,1,1
Mockito,8,locus,No,,0.0,0.0,23.379766702651978,2025-11-22T13:43:08.248434,2025-12-22T16:51:47.268695,,,,,,,,,,0,0,0
Mockito,9,FlexFL,No,,0.0,0.0,N/A,N/A,N/A,N/A,N/A,N/A,N/A,N/A,N/A,N/A,N/A,N/A,0,0,0
Mockito,9,boostnsift,Yes,25.0,0.04,0.04,30.189127445220947,2025-11-18T19:01:25.747921,2025-12-22T16:51:47.268695,105.375,345.24,242202705.5,354628403.0,134861973094.0,806.0,0.0,0.0,0.0,0,0,0
Mockito,9,buglocator,Yes,108.0,0.009259,0.009259,37.31135272979736,2025-12-17T16:15:35.938007,2025-12-22T16:51:47.268695,,,,,,,,,,0,0,0
Mockito,9,locus,No,,0.0,0.0,24.67427635192871,2025-11-22T13:43:32.927257,2025-12-22T16:51:47.268695,,,,,,,,,,0,0,0
Mockito,10,FlexFL,Yes,1.0,1.0,0.3333333333333333,N/A,N/A,N/A,N/A,N/A,N/A,N/A,N/A,N/A,N/A,N/A,N/A,1,1,1
Mockito,10,boostnsift,Yes,3.0,0.333333,0.333333,32.79379320144653,2025-11-18T18:47:34.961116,2025-12-22T16:51:47.268695,144.39999999999998,486.06,296723414.75,429916160.0,134861973094.0,806.0,0.0,0.0,,0,1,1
Mockito,10,buglocator,Yes,2.0,0.5,0.5,55.41075038909912,2025-12-17T16:02:56.252027,2025-12-22T16:51:47.268695,,,,,,,,,,0,1,1
Mockito,10,locus,No,,0.0,0.0,28.75079870223999,2025-11-22T12:31:20.617011,2025-12-22T16:51:47.268695,,,,,,,,,,0,0,0
Mockito,11,FlexFL,Yes,1.0,1.0,1.0,N/A,N/A,N/A,N/A,N/A,N/A,N/A,N/A,N/A,N/A,N/A,N/A,1,1,1
Mockito,11,boostnsift,Yes,48.0,0.020833,0.020833,44.13260126113891,2025-11-18T18:48:15.123347,2025-12-22T16:51:47.268695,86.65285714285714,451.33,374098961.28571427,509817651.0,134861973094.0,876.0,0.0,0.0,0.0,0,0,0
Mockito,11,buglocator,Yes,7.0,0.142857,0.142857,52.96509552001953,2025-12-17T16:03:49.217184,2025-12-22T16:51:47.268695,,,,,,,,,,0,0,1
Mockito,11,locus,No,,0.0,0.0,29.647576332092285,2025-11-22T12:31:50.270314,2025-12-22T16:51:47.268695,,,,,,,,,,0,0,0
Mockito,12,FlexFL,No,,0.0,0.0,N/A,N/A,N/A,N/A,N/A,N/A,N/A,N/A,N/A,N/A,N/A,N/A,0,0,0
Mockito,12,boostnsift,Yes,73.0,0.013699,0.013699,24.28778648376465,2025-11-18T18:48:20.813510,2025-12-22T16:51:47.268695,55.470000000000006,138.72,250316062.33333337,370147328.0,134861973094.0,586.0,0.0,0.0,0.0,0,0,0
Mockito,12,buglocator,Yes,593.0,0.001686,0.001686,33.41979932785034,2025-12-17T16:03:39.765076,2025-12-22T16:51:47.268695,,,,,,,,,,0,0,0
Mockito,12,locus,Yes,393.0,0.002545,0.002545,385.5926003456116,2025-11-22T12:37:56.918777,2025-12-22T16:51:47.268695,,,,,,,,,,0,0,0
Mockito,13,FlexFL,No,,0.0,0.0,N/A,N/A,N/A,N/A,N/A,N/A,N/A,N/A,N/A,N/A,N/A,N/A,0,0,0
Mockito,13,boostnsift,Yes,39.0,0.025641,0.025641,22.44976782798767,2025-11-18T18:48:44.004074,2025-12-22T16:51:47.268695,85.92,231.75,212032552.66666663,321073971.0,134861973094.0,806.0,0.0,0.0,0.0,0,0,0
Mockito,13,buglocator,Yes,176.0,0.005682,0.005682,31.621782302856445,2025-12-17T16:04:11.386912,2025-12-22T16:51:47.268695,,,,,,,,,,0,0,0
Mockito,13,locus,No,,0.0,0.0,381.3590621948242,2025-11-22T12:38:11.632991,2025-12-22T16:51:47.268695,,,,,,,,,,0,0,0
Mockito,14,FlexFL,No,,0.0,0.0,N/A,N/A,N/A,N/A,N/A,N/A,N/A,N/A,N/A,N/A,N/A,N/A,0,0,0
Mockito,14,boostnsift,Yes,38.0,0.026316,0.026316,29.115360975265503,2025-11-18T18:49:10.756209,2025-12-22T16:51:47.268695,54.9575,193.11,274173787.75,368679321.0,134861973094.0,806.0,0.0,0.0,0.0,0,0,0
Mockito,14,buglocator,Yes,175.0,0.005714,0.005714,34.65755224227905,2025-12-17T16:04:23.874787,2025-12-22T16:51:47.268695,,,,,,,,,,0,0,0
Mockito,14,locus,No,,0.0,0.0,358.05664324760437,2025-11-22T12:43:54.979573,2025-12-22T16:51:47.268695,,,,,,,,,,0,0,0
Mockito,15,FlexFL,No,,0.0,0.0,N/A,N/A,N/A,N/A,N/A,N/A,N/A,N/A,N/A,N/A,N/A,N/A,0,0,0
Mockito,15,boostnsift,No,,0.0,0.0,27.24162745475769,2025-11-18T18:49:28.145586,2025-12-22T16:51:47.268695,85.33333333333333,222.03,226153376.0,348546662.0,134861973094.0,806.0,0.0,0.0,,0,0,0
Mockito,15,buglocator,Yes,289.0,0.00346,0.00346,35.829946517944336,2025-12-17T16:04:47.216912,2025-12-22T16:51:47.268695,,,,,,,,,,0,0,0
Mockito,15,locus,No,,0.0,0.0,354.26408100128174,2025-11-22T12:44:05.901377,2025-12-22T16:51:47.268695,,,,,,,,,,0,0,0
Mockito,16,FlexFL,Yes,1.0,1.0,1.0,N/A,N/A,N/A,N/A,N/A,N/A,N/A,N/A,N/A,N/A,N/A,N/A,1,1,1
Mockito,16,boostnsift,No,,0.0,0.0,24.312402725219727,2025-11-18T18:49:46.875561,2025-12-22T16:51:47.268695,68.10000000000001,123.19,268739542.6666667,409468928.0,134861973094.0,806.0,0.0,0.0,,0,0,0
Mockito,16,buglocator,Yes,478.0,0.002092,0.002092,42.328624963760376,2025-12-17T16:05:06.203468,2025-12-22T16:51:47.268695,,,,,,,,,,0,0,0
Mockito,16,locus,Yes,856.0,0.001168,0.001168,354.8963496685028,2025-11-22T12:49:49.880202,2025-12-22T16:51:47.268695,,,,,,,,,,0,0,0
Mockito,17,FlexFL,No,,0.0,0.0,N/A,N/A,N/A,N/A,N/A,N/A,N/A,N/A,N/A,N/A,N/A,N/A,0,0,0
Mockito,17,boostnsift,Yes,15.0,0.066667,0.066667,25.210774898529053,2025-11-18T18:50:05.910172,2025-12-22T16:51:47.268695,72.64333333333333,190.25,256317412.0,411670937.0,134861973094.0,696.0,0.0,0.0,0.0,0,0,0
Mockito,17,buglocator,Yes,496.0,0.002016,0.002016,36.84236693382263,2025-12-17T16:05:24.059344,2025-12-22T16:51:47.268695,,,,,,,,,,0,0,0
Mockito,17,locus,Yes,820.0,0.00122,0.00122,356.7529754638672,2025-11-22T12:50:02.662965,2025-12-22T16:51:47.268695,,,,,,,,,,0,0,0
Mockito,18,FlexFL,Yes,1.0,1.0,1.0,N/A,N/A,N/A,N/A,N/A,N/A,N/A,N/A,N/A,N/A,N/A,N/A,1,1,1
Mockito,18,boostnsift,Yes,18.0,0.055556,0.055556,35.651657819747925,2025-11-18T18:50:35.803148,2025-12-22T16:51:47.268695,138.08499999999998,510.96,286376591.0,388182835.0,134861973094.0,806.0,0.0,0.0,0.0,0,0,0
Mockito,18,buglocator,Yes,33.0,0.030303,0.030303,57.85926461219787,2025-12-17T16:06:04.062789,2025-12-22T16:51:47.268695,,,,,,,,,,0,0,0
Mockito,18,locus,No,,0.0,0.0,34.465895652770996,2025-11-22T12:50:24.349620,2025-12-22T16:51:47.268695,,,,,,,,,,0,0,0
Mockito,19,FlexFL,No,,0.0,0.0,N/A,N/A,N/A,N/A,N/A,N/A,N/A,N/A,N/A,N/A,N/A,N/A,0,0,0
Mockito,19,boostnsift,Yes,14.0,0.071429,0.071429,30.598555088043213,2025-11-18T18:51:00.902333,2025-12-22T16:51:47.268695,113.0775,398.53,331871682.25,567803904.0,134861973094.0,806.0,0.0,0.0,,0,0,0
Mockito,19,buglocator,Yes,20.0,0.05,0.05,69.33574199676514,2025-12-17T16:06:33.395137,2025-12-22T16:51:47.268695,,,,,,,,,,0,0,0
Mockito,19,locus,No,,0.0,0.0,31.95667719841003,2025-11-22T12:50:34.622965,2025-12-22T16:51:47.268695,,,,,,,,,,0,0,0
Mockito,20,FlexFL,No,,0.0,0.0,N/A,N/A,N/A,N/A,N/A,N/A,N/A,N/A,N/A,N/A,N/A,N/A,0,0,0
Mockito,20,boostnsift,Yes,35.0,0.028571,0.028571,31.85522222518921,2025-11-18T18:51:52.724564,2025-12-22T16:51:47.268695,107.6625,312.77,429740523.25,645293670.0,134861973094.0,806.0,0.0,0.0,,0,0,0
Mockito,20,buglocator,Yes,141.0,0.007092,0.007092,55.78804588317871,2025-12-17T16:07:29.183241,2025-12-22T16:51:47.268695,,,,,,,,,,0,0,0
Mockito,20,locus,No,,0.0,0.0,23.93091106414795,2025-11-22T12:50:58.557134,2025-12-22T16:51:47.268695,,,,,,,,,,0,0,0
Mockito,21,FlexFL,Yes,2.0,0.5,0.45,N/A,N/A,N/A,N/A,N/A,N/A,N/A,N/A,N/A,N/A,N/A,N/A,0,1,1
Mockito,21,boostnsift,Yes,178.0,0.005618,0.005618,34.48055553436279,2025-11-18T18:52:19.967888,2025-12-22T16:51:47.268695,121.295,368.51,307337625.25,436836761.0,134861973094.0,806.0,0.0,0.0,0.0,0,0,0
Mockito,21,buglocator,Yes,350.0,0.002857,0.002857,51.813658237457275,2025-12-17T16:07:53.487257,2025-12-22T16:51:47.268695,,,,,,,,,,0,0,0
Mockito,21,locus,No,,0.0,0.0,24.69679069519043,2025-11-22T12:51:21.425024,2025-12-22T16:51:47.268695,,,,,,,,,,0,0,0
Mockito,22,FlexFL,Yes,1.0,1.0,1.0,N/A,N/A,N/A,N/A,N/A,N/A,N/A,N/A,N/A,N/A,N/A,N/A,1,1,1
Mockito,22,boostnsift,No,,0.0,0.0,28.334600925445557,2025-11-18T18:52:43.171254,2025-12-22T16:51:47.268695,124.87,342.21,182239100.5,362178150.0,134861973094.0,806.0,0.0,0.0,,0,0,0
Mockito,22,buglocator,Yes,270.0,0.003704,0.003704,48.17750263214111,2025-12-17T16:08:17.360796,2025-12-22T16:51:47.268695,,,,,,,,,,0,0,0
Mockito,22,locus,Yes,278.0,0.003597,0.003597,354.34954357147217,2025-11-22T12:56:52.911290,2025-12-22T16:51:47.268695,,,,,,,,,,0,0,0
Mockito,23,FlexFL,No,,0.0,0.0,N/A,N/A,N/A,N/A,N/A,N/A,N/A,N/A,N/A,N/A,N/A,N/A,0,0,0
Mockito,23,boostnsift,Yes,58.0,0.017241,0.017241,28.679099082946777,2025-11-18T18:53:06.709932,2025-12-22T16:51:47.268695,113.13,422.68,205020200.75,426665574.0,134861973094.0,806.0,0.0,0.0,0.0,0,0,0
Mockito,23,buglocator,Yes,105.0,0.009524,0.009524,48.41349649429321,2025-12-17T16:08:41.900809,2025-12-22T16:51:47.268695,,,,,,,,,,0,0,0
Mockito,23,locus,Yes,701.0,0.001427,0.001427,353.9794759750366,2025-11-22T12:57:15.407892,2025-12-22T16:51:47.268695,,,,,,,,,,0,0,0
Mockito,24,FlexFL,No,,0.0,0.0,N/A,N/A,N/A,N/A,N/A,N/A,N/A,N/A,N/A,N/A,N/A,N/A,0,0,0
Mockito,24,boostnsift,Yes,89.0,0.011236,0.011236,30.465739250183105,2025-11-18T18:53:31.469276,2025-12-22T16:51:47.268695,107.8775,393.95,189186703.0,393950003.0,134861973094.0,806.0,0.0,0.0,0.0,0,0,0
Mockito,24,buglocator,Yes,118.0,0.008475,0.008475,52.02487778663635,2025-12-17T16:09:09.385727,2025-12-22T16:51:47.268695,,,,,,,,,,0,0,0
Mockito,24,locus,Yes,396.0,0.002525,0.002525,365.22386145591736,2025-11-22T13:02:58.139595,2025-12-22T16:51:47.268695,,,,,,,,,,0,0,0
Mockito,25,FlexFL,No,,0.0,0.0,N/A,N/A,N/A,N/A,N/A,N/A,N/A,N/A,N/A,N/A,N/A,N/A,0,0,0
Mockito,25,boostnsift,Yes,9.0,0.111111,0.111111,28.94859552383423,2025-11-18T18:53:54.712142,2025-12-22T16:51:47.268695,81.85750000000002,286.66,157661265.75,332503449.0,134861973094.0,806.0,0.0,0.0,0.0,0,0,1
Mockito,25,buglocator,Yes,96.0,0.010417,0.010417,58.83492875099182,2025-12-17T16:09:40.735797,2025-12-22T16:51:47.268695,,,,,,,,,,0,0,0
Mockito,25,locus,Yes,701.0,0.001427,0.001427,368.28238248825073,2025-11-22T13:03:23.693864,2025-12-22T16:51:47.268695,,,,,,,,,,0,0,0
Mockito,26,FlexFL,No,,0.0,0.0,N/A,N/A,N/A,N/A,N/A,N/A,N/A,N/A,N/A,N/A,N/A,N/A,0,0,0
Mockito,26,boostnsift,No,,0.0,0.0,29.259702920913696,2025-11-18T18:54:18.773273,2025-12-22T16:51:47.268695,113.5425,437.27,179670875.75,379374796.0,134861973094.0,806.0,0.0,0.0,0.0,0,0,0
Mockito,26,buglocator,Yes,593.0,0.001686,0.001686,51.19828224182129,2025-12-17T16:10:00.584065,2025-12-22T16:51:47.268695,,,,,,,,,,0,0,0
Mockito,26,locus,Yes,29.0,0.034483,0.034483,371.26732873916626,2025-11-22T13:09:09.410715,2025-12-22T16:51:47.268695,,,,,,,,,,0,0,0
Mockito,27,FlexFL,No,,0.0,0.0,N/A,N/A,N/A,N/A,N/A,N/A,N/A,N/A,N/A,N/A,N/A,N/A,0,0,0
Mockito,27,boostnsift,Yes,42.0,0.02381,0.02381,25.540855884552,2025-11-18T18:54:35.278191,2025-12-22T16:51:47.268695,93.72,229.02,291392279.3333333,506776780.0,134861973094.0,806.0,0.0,0.0,0.0,0,0,0
Mockito,27,buglocator,Yes,184.0,0.005435,0.005435,30.14079427719116,2025-12-17T16:10:10.876646,2025-12-22T16:51:47.268695,,,,,,,,,,0,0,0
Mockito,27,locus,Yes,834.0,0.001199,0.001199,365.0314023494721,2025-11-22T13:09:28.729736,2025-12-22T16:51:47.268695,,,,,,,,,,0,0,0
Mockito,28,FlexFL,No,,0.0,0.0,N/A,N/A,N/A,N/A,N/A,N/A,N/A,N/A,N/A,N/A,N/A,N/A,0,0,0
Mockito,28,boostnsift,Yes,8.0,0.125,0.125,26.53906512260437,2025-11-18T18:55:00.214901,2025-12-22T16:51:47.268695,17.77,30.75,250417424.66666663,364799590.0,134861973094.0,696.0,0.0,0.0,0.0,0,0,1
Mockito,28,buglocator,Yes,555.0,0.001802,0.001802,35.212136030197144,2025-12-17T16:10:35.796258,2025-12-22T16:51:47.268695,,,,,,,,,,0,0,0
Mockito,28,locus,Yes,293.0,0.003413,0.003413,374.5263361930847,2025-11-22T13:15:23.941190,2025-12-22T16:51:47.268695,,,,,,,,,,0,0,0
Mockito,29,FlexFL,No,,0.0,0.0,N/A,N/A,N/A,N/A,N/A,N/A,N/A,N/A,N/A,N/A,N/A,N/A,0,0,0
Mockito,29,boostnsift,No,,0.0,0.0,26.083756923675537,2025-11-18T18:55:21.495083,2025-12-22T16:51:47.268695,53.192499999999995,185.07,185359400.75,372663910.0,134861973094.0,806.0,0.0,0.0,0.0,0,0,0
Mockito,29,buglocator,Yes,624.0,0.001603,0.001603,43.88153696060181,2025-12-17T16:10:54.758239,2025-12-22T16:51:47.268695,,,,,,,,,,0,0,0
Mockito,29,locus,Yes,168.0,0.005952,0.005952,372.18871307373047,2025-11-22T13:15:40.923592,2025-12-22T16:51:47.268695,,,,,,,,,,0,0,0
Mockito,30,FlexFL,No,,0.0,0.0,N/A,N/A,N/A,N/A,N/A,N/A,N/A,N/A,N/A,N/A,N/A,N/A,0,0,0
Mockito,30,boostnsift,Yes,7.0,0.142857,0.142857,24.090322494506836,2025-11-18T18:56:10.772422,2025-12-22T16:51:47.268695,85.32333333333334,231.81,252227965.66666663,376019353.0,134861973094.0,806.0,0.0,0.0,0.0,0,0,1
Mockito,30,buglocator,Yes,126.0,0.007937,0.007937,41.29745173454285,2025-12-17T16:11:36.055743,2025-12-22T16:51:47.268695,,,,,,,,,,0,0,0
Mockito,30,locus,No,,0.0,0.0,424.4740421772003,2025-11-22T13:22:45.401469,2025-12-22T16:51:47.268695,,,,,,,,,,0,0,0
Mockito,31,FlexFL,No,,0.0,0.0,N/A,N/A,N/A,N/A,N/A,N/A,N/A,N/A,N/A,N/A,N/A,N/A,0,0,0
Mockito,31,boostnsift,Yes,67.0,0.014925,0.014925,25.934091329574585,2025-11-18T18:56:31.003798,2025-12-22T16:51:47.268695,73.41666666666667,108.08,229449400.0,347183513.0,134861973094.0,696.0,0.0,0.0,0.0,0,0,0
Mockito,31,buglocator,Yes,90.0,0.011111,0.011111,35.147067070007324,2025-12-17T16:12:11.202864,2025-12-22T16:51:47.268695,,,,,,,,,,0,0,0
Mockito,31,locus,Yes,420.0,0.002381,0.002381,418.7740521430969,2025-11-22T13:22:56.238168,2025-12-22T16:51:47.268695,,,,,,,,,,0,0,0
Mockito,32,FlexFL,Yes,1.0,1.0,1.0,N/A,N/A,N/A,N/A,N/A,N/A,N/A,N/A,N/A,N/A,N/A,N/A,1,1,1
Mockito,32,boostnsift,Yes,7.0,0.142857,0.142857,28.18112874031067,2025-11-18T18:56:54.958155,2025-12-22T16:51:47.268695,65.77,232.94,233166602.0,524497715.0,134861973094.0,806.0,0.0,0.0,0.0,0,0,1
Mockito,32,buglocator,Yes,573.0,0.001745,0.001745,34.22909498214722,2025-12-17T16:12:12.806762,2025-12-22T16:51:47.268695,,,,,,,,,,0,0,0
Mockito,32,locus,Yes,678.0,0.001475,0.001475,349.1304485797882,2025-11-22T13:28:34.535846,2025-12-22T16:51:47.268695,,,,,,,,,,0,0,0
Mockito,33,FlexFL,No,,0.0,0.0,N/A,N/A,N/A,N/A,N/A,N/A,N/A,N/A,N/A,N/A,N/A,N/A,0,0,0
Mockito,33,boostnsift,Yes,18.0,0.055556,0.055556,25.214766025543213,2025-11-18T18:57:11.091616,2025-12-22T16:51:47.268695,64.85333333333332,192.67,147317937.33333334,418591539.0,134861973094.0,736.0,0.0,0.0,0.0,0,0,0
Mockito,33,buglocator,Yes,144.0,0.006944,0.006944,21.7353253364563,2025-12-17T16:12:32.938246,2025-12-22T16:51:47.268695,,,,,,,,,,0,0,0
Mockito,33,locus,Yes,30.0,0.033333,0.033333,349.17774653434753,2025-11-22T13:28:45.419841,2025-12-22T16:51:47.268695,,,,,,,,,,0,0,0
Mockito,34,FlexFL,No,,0.0,0.0,N/A,N/A,N/A,N/A,N/A,N/A,N/A,N/A,N/A,N/A,N/A,N/A,0,0,0
Mockito,34,boostnsift,No,,0.0,0.0,26.01270341873169,2025-11-18T18:57:35.550265,2025-12-22T16:51:47.268695,99.09999999999998,134.84,242706895.66666663,362912153.0,134861973094.0,696.0,0.0,0.0,0.0,0,0,0
Mockito,34,buglocator,Yes,417.0,0.002398,0.002398,21.808224201202393,2025-12-17T16:12:34.615040,2025-12-22T16:51:47.268695,,,,,,,,,,0,0,0
Mockito,34,locus,Yes,30.0,0.033333,0.033333,362.40368700027466,2025-11-22T13:34:36.943441,2025-12-22T16:51:47.268695,,,,,,,,,,0,0,0
Mockito,35,FlexFL,No,,0.0,0.0,N/A,N/A,N/A,N/A,N/A,N/A,N/A,N/A,N/A,N/A,N/A,N/A,0,0,0
Mockito,35,boostnsift,Yes,21.0,0.047619,0.047619,22.066340684890747,2025-11-18T18:57:50.271453,2025-12-22T16:51:47.268695,19.61,55.35,162277621.66666666,463994880.0,134861973094.0,736.0,0.0,0.0,0.0,0,0,0
Mockito,35,buglocator,Yes,23.0,0.043478,0.043478,31.210256814956665,2025-12-17T16:13:04.148559,2025-12-22T16:51:47.268695,,,,,,,,,,0,0,0
Mockito,35,locus,No,,0.0,0.0,366.04478764534,2025-11-22T13:34:51.473660,2025-12-22T16:51:47.268695,,,,,,,,,,0,0,0
Mockito,36,FlexFL,No,,0.0,0.0,N/A,N/A,N/A,N/A,N/A,N/A,N/A,N/A,N/A,N/A,N/A,N/A,0,0,0
Mockito,36,boostnsift,Yes,33.0,0.030303,0.030303,22.258471250534058,2025-11-18T18:58:08.525739,2025-12-22T16:51:47.268695,90.09,207.85,217338347.33333337,329462579.0,134861973094.0,806.0,0.0,0.0,0.0,0,0,0
Mockito,36,buglocator,Yes,98.0,0.010204,0.010204,29.144529819488525,2025-12-17T16:13:03.759626,2025-12-22T16:51:47.268695,,,,,,,,,,0,0,0
Mockito,36,locus,No,,0.0,0.0,357.57008361816406,2025-11-22T13:40:34.520079,2025-12-22T16:51:47.268695,,,,,,,,,,0,0,0
Mockito,37,FlexFL,Yes,4.0,0.25,0.25,N/A,N/A,N/A,N/A,N/A,N/A,N/A,N/A,N/A,N/A,N/A,N/A,0,1,1
Mockito,37,boostnsift,No,,0.0,0.0,21.817178964614868,2025-11-18T18:58:24.563098,2025-12-22T16:51:47.268695,37.61666666666667,75.9,264104837.0,400556032.0,134861973094.0,806.0,0.0,0.0,0.0,0,0,0
Mockito,37,buglocator,Yes,414.0,0.002415,0.002415,25.36663055419922,2025-12-17T16:13:29.126312,2025-12-22T16:51:47.268695,,,,,,,,,,0,0,0
Mockito,37,locus,No,,0.0,0.0,357.81878662109375,2025-11-22T13:40:49.297626,2025-12-22T16:51:47.268695,,,,,,,,,,0,0,0
Mockito,38,FlexFL,Yes,4.0,0.25,0.25,N/A,N/A,N/A,N/A,N/A,N/A,N/A,N/A,N/A,N/A,N/A,N/A,0,1,1
Mockito,38,boostnsift,Yes,12.0,0.083333,0.083333,19.387084484100345,2025-11-18T18:58:40.465011,2025-12-22T16:51:47.268695,30.435,39.03,257205206.5,470705766.0,134861973094.0,696.0,0.0,0.0,0.0,0,0,0
Mockito,38,buglocator,Yes,433.0,0.002309,0.002309,23.90396022796631,2025-12-17T16:13:28.052575,2025-12-22T16:51:47.268695,,,,,,,,,,0,0,0
Mockito,38,locus,Yes,704.0,0.00142,0.00142,352.6353232860565,2025-11-22T13:46:27.159803,2025-12-22T16:51:47.268695,,,,,,,,,,0,0,0
Time,1,FlexFL,Yes,1.0,1.0,1.0,N/A,N/A,N/A,N/A,N/A,N/A,N/A,N/A,N/A,N/A,N/A,N/A,1,1,1
Time,1,boostnsift,Yes,156.0,0.00641,0.00641,21.63654851913452,2025-11-18T19:01:47.795905,2025-12-22T16:51:47.986491,32.96,98.44,222511322.0,644769382.0,134861973094.0,736.0,0.0,0.0,0.0,0,0,0
Time,1,buglocator,Yes,253.0,0.003953,0.003953,13.671834945678713,2025-11-18T19:01:41.690819,2025-12-22T16:51:47.986491,491.81,491.81,549139251.0,549139251.0,134861973094.0,626.0,0.0,0.0,0.0,0,0,0
Time,1,locus,Yes,280.0,0.003571,0.003571,1.859231948852539,2025-11-18T19:01:28.015339,2025-12-22T16:51:47.986491,,,,,,,,,,0,0,0
Time,2,FlexFL,Yes,1.0,1.0,1.0,N/A,N/A,N/A,N/A,N/A,N/A,N/A,N/A,N/A,N/A,N/A,N/A,1,1,1
Time,2,boostnsift,Yes,156.0,0.00641,0.00641,17.575613975524902,2025-11-18T19:04:08.280897,2025-12-22T16:51:47.986491,137.70333333333335,364.22,363576251.3333333,793352601.0,134861973094.0,736.0,0.0,0.0,0.0,0,0,0
Time,2,buglocator,Yes,253.0,0.003953,0.003953,7.952476739883423,2025-11-18T19:04:00.306164,2025-12-22T16:51:47.986491,464.01,464.01,362283008.0,362283008.0,134861973094.0,486.0,0.0,0.0,0.0,0,0,0
Time,2,locus,Yes,280.0,0.003571,0.003571,0.3801617622375488,2025-11-18T19:03:50.625337,2025-12-22T16:51:47.986491,,,,,,,,,,0,0,0
Time,3,FlexFL,Yes,1.0,1.0,0.4,N/A,N/A,N/A,N/A,N/A,N/A,N/A,N/A,N/A,N/A,N/A,N/A,1,1,1
Time,3,boostnsift,Yes,17.0,0.058824,0.058824,13.880990505218506,2025-11-18T19:06:56.065575,2025-12-22T16:51:47.986491,37.58,71.61,294974914.0,566860185.0,134861973094.0,736.0,0.0,0.0,0.0,0,0,0
Time,3,buglocator,Yes,1.0,1.0,1.0,7.552264928817749,2025-11-18T19:06:54.329361,2025-12-22T16:51:47.986491,432.16,432.16,306079334.0,306079334.0,134861973094.0,266.0,0.0,0.0,0.0,1,1,1
Time,3,locus,Yes,10.0,0.1,0.1,0.3196208477020263,2025-11-18T19:06:42.181312,2025-12-22T16:51:47.986491,,,,,,,,,,0,0,1
Time,4,FlexFL,Yes,1.0,1.0,1.0,N/A,N/A,N/A,N/A,N/A,N/A,N/A,N/A,N/A,N/A,N/A,N/A,1,1,1
Time,4,boostnsift,Yes,2.0,0.5,0.5,16.11159920692444,2025-11-18T19:07:10.782009,2025-12-22T16:51:47.986491,189.835,354.16,454924697.0,606181785.0,134861973094.0,806.0,0.0,0.0,0.0,0,1,1
Time,4,buglocator,Yes,9.0,0.111111,0.111111,11.15369701385498,2025-11-18T19:07:07.222202,2025-12-22T16:51:47.986491,454.02,454.02,387134259.0,387134259.0,134861973094.0,646.0,0.0,0.0,0.0,0,0,1
Time,4,locus,Yes,2.0,0.5,0.5,0.3242626190185547,2025-11-18T19:06:54.653666,2025-12-22T16:51:47.986491,,,,,,,,,,0,1,1
Time,5,FlexFL,Yes,5.0,0.2,0.2,N/A,N/A,N/A,N/A,N/A,N/A,N/A,N/A,N/A,N/A,N/A,N/A,1,1,1
Time,5,boostnsift,Yes,1.0,1.0,1.0,17.79004955291748,2025-11-18T19:07:25.329714,2025-12-22T16:51:47.986491,48.47333333333333,142.22,159341608.66666666,455291699.0,134861973094.0,736.0,0.0,0.0,0.0,1,1,1
Time,5,buglocator,Yes,3.0,0.333333,0.333333,8.44499397277832,2025-11-18T19:07:19.250392,2025-12-22T16:51:47.986491,647.55,647.55,436312473.0,436312473.0,134861973094.0,376.0,0.0,0.0,0.0,0,1,1
Time,5,locus,Yes,1.0,1.0,1.0,0.3131051063537597,2025-11-18T19:07:07.535352,2025-12-22T16:51:47.986491,,,,,,,,,,1,1,1
Time,6,FlexFL,Yes,1.0,1.0,1.0,N/A,N/A,N/A,N/A,N/A,N/A,N/A,N/A,N/A,N/A,N/A,N/A,1,1,1
Time,6,boostnsift,Yes,31.0,0.032258,0.032258,16.44770646095276,2025-11-18T19:07:36.016494,2025-12-22T16:51:47.986491,27.77333333333333,82.85,300689653.6666667,879230976.0,134861973094.0,736.0,0.0,0.0,0.0,0,0,0
Time,6,buglocator,Yes,2.0,0.5,0.5,8.572384119033813,2025-11-18T19:07:33.917640,2025-12-22T16:51:47.986491,648.71,648.71,422785843.0,422785843.0,134861973094.0,426.0,0.0,0.0,0.0,0,1,1
Time,6,locus,Yes,52.0,0.019231,0.019231,0.3066799640655517,2025-11-18T19:07:19.557119,2025-12-22T16:51:47.986491,,,,,,,,,,0,0,0
Time,7,FlexFL,Yes,1.0,1.0,1.0,N/A,N/A,N/A,N/A,N/A,N/A,N/A,N/A,N/A,N/A,N/A,N/A,1,1,1
Time,7,boostnsift,Yes,1.0,1.0,1.0,14.13090705871582,2025-11-18T19:07:48.468207,2025-12-22T16:51:47.986491,184.02,338.33,440559206.0,611319808.0,134861973094.0,626.0,0.0,0.0,0.0,1,1,1
Time,7,buglocator,Yes,6.0,0.166667,0.166667,8.017456293106079,2025-11-18T19:07:44.036908,2025-12-22T16:51:47.986491,425.14,425.14,342779494.0,342779494.0,134861973094.0,486.0,0.0,0.0,0.0,0,0,1
Time,7,locus,Yes,8.0,0.125,0.125,0.4162344932556152,2025-11-18T19:07:34.333941,2025-12-22T16:51:47.986491,,,,,,,,,,0,0,1
Time,8,FlexFL,Yes,1.0,1.0,1.0,N/A,N/A,N/A,N/A,N/A,N/A,N/A,N/A,N/A,N/A,N/A,N/A,1,1,1
Time,8,boostnsift,Yes,1.0,1.0,1.0,13.73530125617981,2025-11-18T19:07:58.107085,2025-12-22T16:51:47.986491,39.945,77.52,315233402.5,607125504.0,134861973094.0,736.0,0.0,0.0,0.0,1,1,1
Time,8,buglocator,Yes,1.0,1.0,1.0,7.638769626617432,2025-11-18T19:07:56.110538,2025-12-22T16:51:47.986491,463.89,463.89,307127910.0,307127910.0,134861973094.0,266.0,0.0,0.0,0.0,1,1,1
Time,8,locus,Yes,5.0,0.2,0.2,0.331270694732666,2025-11-18T19:07:44.368223,2025-12-22T16:51:47.986491,,,,,,,,,,0,1,1
Time,9,FlexFL,Yes,3.0,0.3333333333333333,0.1666666666666666,N/A,N/A,N/A,N/A,N/A,N/A,N/A,N/A,N/A,N/A,N/A,N/A,1,1,1
Time,9,boostnsift,Yes,18.0,0.055556,0.055556,17.467576265335083,2025-11-18T19:08:13.898865,2025-12-22T16:51:47.986491,20.136666666666667,57.57,394886730.6666667,587936563.0,134861973094.0,806.0,0.0,0.0,0.0,0,0,0
Time,9,buglocator,Yes,31.0,0.032258,0.032258,10.407112836837769,2025-11-18T19:08:08.517562,2025-12-22T16:51:47.986491,463.58,463.58,300941312.0,300941312.0,134861973094.0,266.0,0.0,0.0,0.0,0,0,0
Time,9,locus,Yes,83.0,0.012048,0.012048,0.3173160552978515,2025-11-18T19:07:56.427903,2025-12-22T16:51:47.986491,,,,,,,,,,0,0,0
Time,10,FlexFL,Yes,2.0,0.5,0.5,N/A,N/A,N/A,N/A,N/A,N/A,N/A,N/A,N/A,N/A,N/A,N/A,0,1,1
Time,10,boostnsift,Yes,63.0,0.015873,0.015873,17.191245555877686,2025-11-18T19:01:59.229764,2025-12-22T16:51:47.986491,24.886666666666667,72.4,406718163.0,607754649.0,134861973094.0,806.0,0.0,0.0,0.0,0,0,0
Time,10,buglocator,Yes,6.0,0.166667,0.166667,8.642521619796753,2025-11-18T19:01:56.470257,2025-12-22T16:51:47.986491,739.83,739.83,403282329.0,403282329.0,134861973094.0,426.0,0.0,0.0,0.0,0,0,1
Time,10,locus,Yes,8.0,0.125,0.125,0.3443367481231689,2025-11-18T19:01:42.035219,2025-12-22T16:51:47.986491,,,,,,,,,,0,0,1
Time,11,FlexFL,No,,0.0,0.0,N/A,N/A,N/A,N/A,N/A,N/A,N/A,N/A,N/A,N/A,N/A,N/A,0,0,0
Time,11,boostnsift,Yes,1.0,1.0,1.0,18.948081016540527,2025-11-18T19:02:15.762462,2025-12-22T16:51:47.986491,39.33,115.38,220865058.0,639841075.0,134861973094.0,736.0,0.0,0.0,0.0,1,1,1
Time,11,buglocator,Yes,2.0,0.5,0.5,10.419474840164185,2025-11-18T19:02:09.661617,2025-12-22T16:51:47.986491,661.19,661.19,392901427.0,392901427.0,134861973094.0,376.0,0.0,0.0,0.0,0,1,1
Time,11,locus,Yes,1.0,1.0,1.0,0.3285269737243652,2025-11-18T19:01:56.798832,2025-12-22T16:51:47.986491,,,,,,,,,,1,1,1
Time,12,FlexFL,Yes,1.0,1.0,0.5,N/A,N/A,N/A,N/A,N/A,N/A,N/A,N/A,N/A,N/A,N/A,N/A,1,1,1
Time,12,boostnsift,Yes,1.0,1.0,1.0,19.356715202331543,2025-11-18T19:02:29.322364,2025-12-22T16:51:47.986491,27.929999999999996,108.24,399103754.0,841482240.0,134861973094.0,806.0,0.0,0.0,0.0,1,1,1
Time,12,buglocator,Yes,1.0,1.0,1.0,7.52370810508728,2025-11-18T19:02:23.289269,2025-12-22T16:51:47.986491,473.18,473.18,359242137.0,359242137.0,134861973094.0,266.0,0.0,0.0,0.0,1,1,1
Time,12,locus,Yes,1.0,1.0,1.0,0.3004846572875976,2025-11-18T19:02:09.962156,2025-12-22T16:51:47.986491,,,,,,,,,,1,1,1
Time,13,FlexFL,No,,0.0,0.0,N/A,N/A,N/A,N/A,N/A,N/A,N/A,N/A,N/A,N/A,N/A,N/A,0,0,0
Time,13,boostnsift,Yes,47.0,0.021277,0.021277,15.617144584655762,2025-11-18T19:02:39.257248,2025-12-22T16:51:47.986491,27.409999999999997,52.48,381346119.5,739455795.0,134861973094.0,736.0,0.0,0.0,0.0,0,0,0
Time,13,buglocator,Yes,65.0,0.015385,0.015385,7.33643913269043,2025-11-18T19:02:36.662029,2025-12-22T16:51:47.986491,469.43,469.43,334286028.0,334286028.0,134861973094.0,266.0,0.0,0.0,0.0,0,0,0
Time,13,locus,Yes,121.0,0.008264,0.008264,0.3473260402679443,2025-11-18T19:02:23.636660,2025-12-22T16:51:47.986491,,,,,,,,,,0,0,0
Time,14,FlexFL,Yes,3.0,0.3333333333333333,0.3333333333333333,N/A,N/A,N/A,N/A,N/A,N/A,N/A,N/A,N/A,N/A,N/A,N/A,0,1,1
Time,14,boostnsift,Yes,6.0,0.166667,0.166667,16.752864599227905,2025-11-18T19:02:53.721463,2025-12-22T16:51:47.986491,26.52,79.03,247114410.33333337,717855129.0,134861973094.0,736.0,0.0,0.0,0.0,0,0,1
Time,14,buglocator,Yes,11.0,0.090909,0.090909,8.351949214935303,2025-11-18T19:02:47.611874,2025-12-22T16:51:47.986491,642.32,642.32,510027366.0,510027366.0,134861973094.0,626.0,0.0,0.0,0.0,0,0,0
Time,14,locus,Yes,19.0,0.052632,0.052632,0.2963831424713135,2025-11-18T19:02:36.958460,2025-12-22T16:51:47.986491,,,,,,,,,,0,0,0
Time,15,FlexFL,Yes,1.0,1.0,1.0,N/A,N/A,N/A,N/A,N/A,N/A,N/A,N/A,N/A,N/A,N/A,N/A,1,1,1
Time,15,boostnsift,Yes,1.0,1.0,1.0,19.052910327911377,2025-11-18T19:03:06.988346,2025-12-22T16:51:47.986491,18.646666666666665,53.1,232843291.0,675282944.0,134861973094.0,736.0,0.0,0.0,0.0,1,1,1
Time,15,buglocator,Yes,1.0,1.0,1.0,7.615356683731079,2025-11-18T19:03:01.340093,2025-12-22T16:51:47.986491,410.32,410.32,298215014.0,298215014.0,134861973094.0,266.0,0.0,0.0,0.0,1,1,1
Time,15,locus,Yes,1.0,1.0,1.0,0.3162682056427002,2025-11-18T19:02:47.928187,2025-12-22T16:51:47.986491,,,,,,,,,,1,1,1
Time,16,FlexFL,Yes,1.0,1.0,1.0,N/A,N/A,N/A,N/A,N/A,N/A,N/A,N/A,N/A,N/A,N/A,N/A,1,1,1
Time,16,boostnsift,Yes,2.0,0.5,0.5,19.239368200302124,2025-11-18T19:03:20.913167,2025-12-22T16:51:47.986491,34.58,100.53,212609269.33333337,615094681.0,134861973094.0,736.0,0.0,0.0,0.0,0,1,1
Time,16,buglocator,Yes,1.0,1.0,1.0,7.812758445739746,2025-11-18T19:03:14.804746,2025-12-22T16:51:47.986491,680.85,680.85,424987852.0,424987852.0,134861973094.0,376.0,0.0,0.0,0.0,1,1,1
Time,16,locus,Yes,8.0,0.125,0.125,0.3154222965240478,2025-11-18T19:03:01.655569,2025-12-22T16:51:47.986491,,,,,,,,,,0,0,1
Time,17,FlexFL,Yes,2.0,0.5,0.5,N/A,N/A,N/A,N/A,N/A,N/A,N/A,N/A,N/A,N/A,N/A,N/A,0,1,1
Time,17,boostnsift,Yes,2.0,0.5,0.5,13.185588836669922,2025-11-18T19:03:28.317813,2025-12-22T16:51:47.986491,49.145,95.38,350465556.0,678009241.0,134861973094.0,736.0,0.0,0.0,0.0,0,1,1
Time,17,buglocator,Yes,1.0,1.0,1.0,8.143024206161499,2025-11-18T19:03:29.067792,2025-12-22T16:51:47.986491,518.94,518.94,588041420.0,588041420.0,134861973094.0,516.0,0.0,0.0,0.0,1,1,1
Time,17,locus,Yes,5.0,0.2,0.2,0.3191461563110351,2025-11-18T19:03:15.123938,2025-12-22T16:51:47.986491,,,,,,,,,,0,1,1
Time,18,FlexFL,Yes,4.0,0.25,0.25,N/A,N/A,N/A,N/A,N/A,N/A,N/A,N/A,N/A,N/A,N/A,N/A,1,1,1
Time,18,boostnsift,Yes,1.0,1.0,1.0,13.257567882537842,2025-11-18T19:03:41.950013,2025-12-22T16:51:47.986491,158.605,277.38,370094899.0,526909440.0,134861973094.0,696.0,0.0,0.0,0.0,1,1,1
Time,18,buglocator,Yes,1.0,1.0,1.0,8.922789335250854,2025-11-18T19:03:38.014943,2025-12-22T16:51:47.986491,406.22,406.22,285107814.0,285107814.0,134861973094.0,486.0,0.0,0.0,0.0,1,1,1
Time,18,locus,Yes,4.0,0.25,0.25,0.3651623725891113,2025-11-18T19:03:28.683016,2025-12-22T16:51:47.986491,,,,,,,,,,0,1,1
Time,19,FlexFL,Yes,2.0,0.5,0.5,N/A,N/A,N/A,N/A,N/A,N/A,N/A,N/A,N/A,N/A,N/A,N/A,0,1,1
Time,19,boostnsift,Yes,4.0,0.25,0.25,14.00049090385437,2025-11-18T19:03:52.336828,2025-12-22T16:51:47.986491,32.214999999999996,62.22,338899763.0,655045427.0,134861973094.0,736.0,0.0,0.0,,0,1,1
Time,19,buglocator,Yes,1.0,1.0,1.0,8.280784845352173,2025-11-18T19:03:50.245131,2025-12-22T16:51:47.986491,715.17,715.17,537080627.0,537080627.0,134861973094.0,426.0,0.0,0.0,0.0,1,1,1
Time,19,locus,Yes,4.0,0.25,0.25,0.3183355331420898,2025-11-18T19:03:38.333324,2025-12-22T16:51:47.986491,,,,,,,,,,0,1,1
Time,20,FlexFL,Yes,3.0,0.3333333333333333,0.3333333333333333,N/A,N/A,N/A,N/A,N/A,N/A,N/A,N/A,N/A,N/A,N/A,N/A,0,1,1
Time,20,boostnsift,Yes,14.0,0.071429,0.071429,17.488524913787842,2025-11-18T19:04:18.111026,2025-12-22T16:51:47.986491,33.666666666666664,97.9,245167554.33333337,712507392.0,134861973094.0,736.0,0.0,0.0,0.0,0,0,0
Time,20,buglocator,Yes,49.0,0.020408,0.020408,7.283876657485962,2025-11-18T19:04:15.583248,2025-12-22T16:51:47.986491,487.85,487.85,293706137.0,293706137.0,134861973094.0,266.0,0.0,0.0,0.0,0,0,0
Time,20,locus,Yes,26.0,0.038462,0.038462,0.3115966320037842,2025-11-18T19:04:00.617812,2025-12-22T16:51:47.986491,,,,,,,,,,0,0,0
Time,22,FlexFL,No,,0.0,0.0,N/A,N/A,N/A,N/A,N/A,N/A,N/A,N/A,N/A,N/A,N/A,N/A,0,0,0
Time,22,boostnsift,Yes,14.0,0.071429,0.071429,27.717551946640015,2025-11-18T19:04:43.646693,2025-12-22T16:51:47.986491,121.5,371.92,747694980.75,1444182753.0,134861973094.0,806.0,0.0,0.0,0.0,0,0,0
Time,22,buglocator,Yes,24.0,0.041667,0.041667,19.229637622833252,2025-11-18T19:04:37.347957,2025-12-22T16:51:47.986491,209.65,310.24,890079543.0,1484984942.0,134861973094.0,626.0,0.0,0.0,0.0,0,0,0
Time,22,locus,Yes,47.0,0.021277,0.021277,0.3426785469055176,2025-11-18T19:04:15.925971,2025-12-22T16:51:47.986491,,,,,,,,,,0,0,0
Time,23,FlexFL,Yes,1.0,1.0,1.0,N/A,N/A,N/A,N/A,N/A,N/A,N/A,N/A,N/A,N/A,N/A,N/A,1,1,1
Time,23,boostnsift,Yes,1.0,1.0,1.0,29.177414894104004,2025-11-18T19:05:06.872005,2025-12-22T16:51:47.986491,55.474999999999994,168.43,852882882.0,1527934615.0,134861973094.0,806.0,0.0,0.0,0.0,1,1,1
Time,23,buglocator,Yes,1.0,1.0,0.501873,17.521394968032837,2025-11-18T19:05:01.182399,2025-12-22T16:51:47.986491,67.07,68.32,771046243.5,1439887785.0,134861973094.0,586.0,0.0,0.0,0.0,1,1,1
Time,23,locus,Yes,1.0,1.0,1.0,0.3287923336029053,2025-11-18T19:04:37.676799,2025-12-22T16:51:47.986491,,,,,,,,,,1,1,1
Time,24,FlexFL,No,,0.0,0.0,N/A,N/A,N/A,N/A,N/A,N/A,N/A,N/A,N/A,N/A,N/A,N/A,0,0,0
Time,24,boostnsift,Yes,45.0,0.022222,0.022222,28.195944786071777,2025-11-18T19:05:29.764128,2025-12-22T16:51:47.986491,129.1875,442.11,726983507.5,1484984942.0,134861973094.0,806.0,0.0,0.0,,0,0,0
Time,24,buglocator,Yes,115.0,0.008696,0.005913,16.226500034332275,2025-11-18T19:05:23.103861,2025-12-22T16:51:47.986491,180.10000000000002,332.41,659215613.5,1278826512.0,134861973094.0,516.0,0.0,0.0,0.0,0,0,0
Time,24,locus,Yes,117.0,0.008547,0.008547,0.380781888961792,2025-11-18T19:05:01.563225,2025-12-22T16:51:47.986491,,,,,,,,,,0,0,0
Time,25,FlexFL,No,,0.0,0.0,N/A,N/A,N/A,N/A,N/A,N/A,N/A,N/A,N/A,N/A,N/A,N/A,0,0,0
Time,25,boostnsift,Yes,3.0,0.333333,0.333333,33.89678430557251,2025-11-18T19:05:57.367190,2025-12-22T16:51:47.986491,116.5475,315.42,725835841.25,1213328261.0,134861973094.0,876.0,0.0,0.0,0.0,0,1,1
Time,25,buglocator,Yes,1.0,1.0,0.501418,22.504839181900024,2025-11-18T19:05:52.285153,2025-12-22T16:51:47.986491,133.59,267.18,110782054.0,221564108.0,134861973094.0,626.0,0.0,0.0,0.0,1,1,1
Time,25,locus,No,,0.0,0.0,0.360933780670166,2025-11-18T19:05:23.464841,2025-12-22T16:51:47.986491,,,,,,,,,,0,0,0
Time,26,FlexFL,No,,0.0,0.0,N/A,N/A,N/A,N/A,N/A,N/A,N/A,N/A,N/A,N/A,N/A,N/A,0,0,0
Time,26,boostnsift,Yes,19.0,0.052632,0.052632,32.58516812324524,2025-11-18T19:06:25.226918,2025-12-22T16:51:47.986491,82.33000000000001,134.36,672420331.0,975699968.0,134861973094.0,766.0,0.0,0.0,0.0,0,0,0
Time,26,buglocator,Yes,22.0,0.045455,0.045455,18.738402605056763,2025-11-18T19:06:16.108760,2025-12-22T16:51:47.986491,92.98,152.23,724465352.0,1387274436.0,134861973094.0,736.0,0.0,0.0,0.0,0,0,0
Time,26,locus,No,,0.0,0.0,0.3427300453186035,2025-11-18T19:05:52.627927,2025-12-22T16:51:47.986491,,,,,,,,,,0,0,0
Time,27,FlexFL,Yes,1.0,1.0,1.0,N/A,N/A,N/A,N/A,N/A,N/A,N/A,N/A,N/A,N/A,N/A,N/A,1,1,1
Time,27,boostnsift,Yes,3.0,0.333333,0.333333,28.88594889640808,2025-11-18T19:06:46.773887,2025-12-22T16:51:47.986491,59.9525,176.5,697297272.5,1338956054.0,134861973094.0,806.0,0.0,0.0,0.0,0,1,1
Time,27,buglocator,Yes,1.0,1.0,0.50271,16.631459712982178,2025-11-18T19:06:41.861647,2025-12-22T16:51:47.986491,153.555,273.01,710008635.0,1380831985.0,134861973094.0,516.0,0.0,0.0,0.0,1,1,1
Time,27,locus,No,,0.0,0.0,1.7758946418762207,2025-11-18T19:06:17.884698,2025-12-22T16:51:47.986491,,,,,,,,,,0,0,0
Chart,Chart-1,BRaIn,Yes,6.0,0.16666666666666666,0.16666666666666666,N/A,2026-02-12T07:34:28.009154,2026-02-12T07:34:28.009154,,,,,,,,,,0,0,1
Chart,Chart-2,BRaIn,No,,0.0,0.0,N/A,2026-02-12T07:34:28.009154,2026-02-12T07:34:28.009154,,,,,,,,,,0,0,0
Chart,Chart-5,BRaIn,Yes,5.0,0.2,0.2,N/A,2026-02-12T07:34:28.009154,2026-02-12T07:34:28.009154,,,,,,,,,,0,1,1
Chart,Chart-9,BRaIn,Yes,1.0,1.0,1.0,N/A,2026-02-12T07:34:28.009154,2026-02-12T07:34:28.009154,,,,,,,,,,1,1,1
Chart,Chart-11,BRaIn,Yes,2.0,0.5,0.5,N/A,2026-02-12T07:34:28.009154,2026-02-12T07:34:28.009154,,,,,,,,,,0,1,1
Chart,Chart-12,BRaIn,Yes,4.0,0.25,0.25,N/A,2026-02-12T07:34:28.009154,2026-02-12T07:34:28.009154,,,,,,,,,,0,1,1
Chart,Chart-16,BRaIn,Yes,1.0,1.0,1.0,N/A,2026-02-12T07:34:28.009154,2026-02-12T07:34:28.009154,,,,,,,,,,1,1,1
Chart,Chart-17,BRaIn,Yes,6.0,0.16666666666666666,0.16666666666666666,N/A,2026-02-12T07:34:28.009154,2026-02-12T07:34:28.009154,,,,,,,,,,0,0,1
Cli,Cli-1,BRaIn,Yes,4.0,0.25,0.25,N/A,2026-02-12T07:34:28.009154,2026-02-12T07:34:28.009154,,,,,,,,,,0,1,1
Cli,Cli-2,BRaIn,Yes,2.0,0.5,0.5,N/A,2026-02-12T07:34:28.009154,2026-02-12T07:34:28.009154,,,,,,,,,,0,1,1
Cli,Cli-3,BRaIn,No,,0.0,0.0,N/A,2026-02-12T07:34:28.009154,2026-02-12T07:34:28.009154,,,,,,,,,,0,0,0
Cli,Cli-4,BRaIn,Yes,2.0,0.5,0.5,N/A,2026-02-12T07:34:28.009154,2026-02-12T07:34:28.009154,,,,,,,,,,0,1,1
Cli,Cli-5,BRaIn,No,,0.0,0.0,N/A,2026-02-12T07:34:28.009154,2026-02-12T07:34:28.009154,,,,,,,,,,0,0,0
Cli,Cli-7,BRaIn,No,,0.0,0.0,N/A,2026-02-12T07:34:28.009154,2026-02-12T07:34:28.009154,,,,,,,,,,0,0,0
Cli,Cli-8,BRaIn,Yes,1.0,1.0,1.0,N/A,2026-02-12T07:34:28.009154,2026-02-12T07:34:28.009154,,,,,,,,,,1,1,1
Cli,Cli-9,BRaIn,Yes,1.0,1.0,1.0,N/A,2026-02-12T07:34:28.009154,2026-02-12T07:34:28.009154,,,,,,,,,,1,1,1
Cli,Cli-10,BRaIn,Yes,1.0,1.0,1.0,N/A,2026-02-12T07:34:28.009154,2026-02-12T07:34:28.009154,,,,,,,,,,1,1,1
Cli,Cli-11,BRaIn,Yes,3.0,0.3333333333333333,0.3333333333333333,N/A,2026-02-12T07:34:28.009154,2026-02-12T07:34:28.009154,,,,,,,,,,0,1,1
Cli,Cli-12,BRaIn,Yes,3.0,0.3333333333333333,0.3333333333333333,N/A,2026-02-12T07:34:28.009154,2026-02-12T07:34:28.009154,,,,,,,,,,0,1,1
Cli,Cli-13,BRaIn,Yes,2.0,0.5,0.5,N/A,2026-02-12T07:34:28.009154,2026-02-12T07:34:28.009154,,,,,,,,,,0,1,1
Cli,Cli-14,BRaIn,No,,0.0,0.0,N/A,2026-02-12T07:34:28.009154,2026-02-12T07:34:28.009154,,,,,,,,,,0,0,0
Cli,Cli-15,BRaIn,No,,0.0,0.0,N/A,2026-02-12T07:34:28.009154,2026-02-12T07:34:28.009154,,,,,,,,,,0,0,0
Cli,Cli-16,BRaIn,Yes,1.0,1.0,1.0,N/A,2026-02-12T07:34:28.009154,2026-02-12T07:34:28.009154,,,,,,,,,,1,1,1
Cli,Cli-17,BRaIn,Yes,1.0,1.0,1.0,N/A,2026-02-12T07:34:28.009154,2026-02-12T07:34:28.009154,,,,,,,,,,1,1,1
Cli,Cli-18,BRaIn,Yes,1.0,1.0,1.0,N/A,2026-02-12T07:34:28.009154,2026-02-12T07:34:28.009154,,,,,,,,,,1,1,1
Cli,Cli-19,BRaIn,Yes,1.0,1.0,1.0,N/A,2026-02-12T07:34:28.009154,2026-02-12T07:34:28.009154,,,,,,,,,,1,1,1
Cli,Cli-20,BRaIn,Yes,1.0,1.0,1.0,N/A,2026-02-12T07:34:28.009154,2026-02-12T07:34:28.009154,,,,,,,,,,1,1,1
Cli,Cli-21,BRaIn,Yes,7.0,0.14285714285714285,0.14285714285714285,N/A,2026-02-12T07:34:28.009154,2026-02-12T07:34:28.009154,,,,,,,,,,0,0,1
Cli,Cli-22,BRaIn,Yes,3.0,0.3333333333333333,0.3333333333333333,N/A,2026-02-12T07:34:28.009154,2026-02-12T07:34:28.009154,,,,,,,,,,0,1,1
Cli,Cli-23,BRaIn,Yes,1.0,1.0,1.0,N/A,2026-02-12T07:34:28.009154,2026-02-12T07:34:28.009154,,,,,,,,,,1,1,1
Cli,Cli-24,BRaIn,Yes,1.0,1.0,1.0,N/A,2026-02-12T07:34:28.009154,2026-02-12T07:34:28.009154,,,,,,,,,,1,1,1
Cli,Cli-25,BRaIn,Yes,1.0,1.0,1.0,N/A,2026-02-12T07:34:28.009154,2026-02-12T07:34:28.009154,,,,,,,,,,1,1,1
Cli,Cli-26,BRaIn,Yes,3.0,0.3333333333333333,0.3333333333333333,N/A,2026-02-12T07:34:28.009154,2026-02-12T07:34:28.009154,,,,,,,,,,0,1,1
Cli,Cli-27,BRaIn,Yes,2.0,0.5,0.5,N/A,2026-02-12T07:34:28.009154,2026-02-12T07:34:28.009154,,,,,,,,,,0,1,1
Cli,Cli-28,BRaIn,Yes,1.0,1.0,1.0,N/A,2026-02-12T07:34:28.009154,2026-02-12T07:34:28.009154,,,,,,,,,,1,1,1
Cli,Cli-29,BRaIn,Yes,7.0,0.14285714285714285,0.14285714285714285,N/A,2026-02-12T07:34:28.009154,2026-02-12T07:34:28.009154,,,,,,,,,,0,0,1
Cli,Cli-30,BRaIn,Yes,1.0,1.0,1.0,N/A,2026-02-12T07:34:28.009154,2026-02-12T07:34:28.009154,,,,,,,,,,1,1,1
Cli,Cli-31,BRaIn,Yes,1.0,1.0,1.0,N/A,2026-02-12T07:34:28.009154,2026-02-12T07:34:28.009154,,,,,,,,,,1,1,1
Cli,Cli-32,BRaIn,Yes,1.0,1.0,1.0,N/A,2026-02-12T07:34:28.009154,2026-02-12T07:34:28.009154,,,,,,,,,,1,1,1
Cli,Cli-33,BRaIn,Yes,1.0,1.0,1.0,N/A,2026-02-12T07:34:28.009154,2026-02-12T07:34:28.009154,,,,,,,,,,1,1,1
Cli,Cli-34,BRaIn,Yes,3.0,0.3333333333333333,0.3333333333333333,N/A,2026-02-12T07:34:28.009154,2026-02-12T07:34:28.009154,,,,,,,,,,0,1,1
Cli,Cli-35,BRaIn,Yes,2.0,0.5,0.5,N/A,2026-02-12T07:34:28.009154,2026-02-12T07:34:28.009154,,,,,,,,,,0,1,1
Cli,Cli-36,BRaIn,Yes,2.0,0.5,0.5,N/A,2026-02-12T07:34:28.009154,2026-02-12T07:34:28.009154,,,,,,,,,,0,1,1
Cli,Cli-37,BRaIn,Yes,6.0,0.16666666666666666,0.16666666666666666,N/A,2026-02-12T07:34:28.009154,2026-02-12T07:34:28.009154,,,,,,,,,,0,0,1
Cli,Cli-38,BRaIn,Yes,8.0,0.125,0.125,N/A,2026-02-12T07:34:28.009154,2026-02-12T07:34:28.009154,,,,,,,,,,0,0,1
Cli,Cli-39,BRaIn,No,,0.0,0.0,N/A,2026-02-12T07:34:28.009154,2026-02-12T07:34:28.009154,,,,,,,,,,0,0,0
Cli,Cli-40,BRaIn,Yes,1.0,1.0,1.0,N/A,2026-02-12T07:34:28.009154,2026-02-12T07:34:28.009154,,,,,,,,,,1,1,1
Closure,Closure-1,BRaIn,No,,0.0,0.0,N/A,2026-02-12T07:34:28.009154,2026-02-12T07:34:28.009154,,,,,,,,,,0,0,0
Closure,Closure-2,BRaIn,Yes,1.0,1.0,1.0,N/A,2026-02-12T07:34:28.009154,2026-02-12T07:34:28.009154,,,,,,,,,,1,1,1
Closure,Closure-3,BRaIn,Yes,8.0,0.125,0.125,N/A,2026-02-12T07:34:28.009154,2026-02-12T07:34:28.009154,,,,,,,,,,0,0,1
Closure,Closure-4,BRaIn,No,,0.0,0.0,N/A,2026-02-12T07:34:28.009154,2026-02-12T07:34:28.009154,,,,,,,,,,0,0,0
Closure,Closure-5,BRaIn,Yes,9.0,0.1111111111111111,0.1111111111111111,N/A,2026-02-12T07:34:28.009154,2026-02-12T07:34:28.009154,,,,,,,,,,0,0,1
Closure,Closure-6,BRaIn,No,,0.0,0.0,N/A,2026-02-12T07:34:28.009154,2026-02-12T07:34:28.009154,,,,,,,,,,0,0,0
Closure,Closure-7,BRaIn,No,,0.0,0.0,N/A,2026-02-12T07:34:28.009154,2026-02-12T07:34:28.009154,,,,,,,,,,0,0,0
Closure,Closure-8,BRaIn,No,,0.0,0.0,N/A,2026-02-12T07:34:28.009154,2026-02-12T07:34:28.009154,,,,,,,,,,0,0,0
Closure,Closure-9,BRaIn,No,,0.0,0.0,N/A,2026-02-12T07:34:28.009154,2026-02-12T07:34:28.009154,,,,,,,,,,0,0,0
Closure,Closure-10,BRaIn,Yes,2.0,0.5,0.5,N/A,2026-02-12T07:34:28.009154,2026-02-12T07:34:28.009154,,,,,,,,,,0,1,1
Closure,Closure-11,BRaIn,Yes,8.0,0.125,0.125,N/A,2026-02-12T07:34:28.009154,2026-02-12T07:34:28.009154,,,,,,,,,,0,0,1
Closure,Closure-12,BRaIn,No,,0.0,0.0,N/A,2026-02-12T07:34:28.009154,2026-02-12T07:34:28.009154,,,,,,,,,,0,0,0
Closure,Closure-13,BRaIn,No,,0.0,0.0,N/A,2026-02-12T07:34:28.009154,2026-02-12T07:34:28.009154,,,,,,,,,,0,0,0
Closure,Closure-14,BRaIn,No,,0.0,0.0,N/A,2026-02-12T07:34:28.009154,2026-02-12T07:34:28.009154,,,,,,,,,,0,0,0
Closure,Closure-15,BRaIn,No,,0.0,0.0,N/A,2026-02-12T07:34:28.009154,2026-02-12T07:34:28.009154,,,,,,,,,,0,0,0
Closure,Closure-16,BRaIn,No,,0.0,0.0,N/A,2026-02-12T07:34:28.009154,2026-02-12T07:34:28.009154,,,,,,,,,,0,0,0
Closure,Closure-17,BRaIn,Yes,3.0,0.3333333333333333,0.3333333333333333,N/A,2026-02-12T07:34:28.009154,2026-02-12T07:34:28.009154,,,,,,,,,,0,1,1
Closure,Closure-18,BRaIn,No,,0.0,0.0,N/A,2026-02-12T07:34:28.009154,2026-02-12T07:34:28.009154,,,,,,,,,,0,0,0
Closure,Closure-19,BRaIn,No,,0.0,0.0,N/A,2026-02-12T07:34:28.009154,2026-02-12T07:34:28.009154,,,,,,,,,,0,0,0
Closure,Closure-20,BRaIn,Yes,1.0,1.0,1.0,N/A,2026-02-12T07:34:28.009154,2026-02-12T07:34:28.009154,,,,,,,,,,1,1,1
Closure,Closure-21,BRaIn,No,,0.0,0.0,N/A,2026-02-12T07:34:28.009154,2026-02-12T07:34:28.009154,,,,,,,,,,0,0,0
Closure,Closure-22,BRaIn,No,,0.0,0.0,N/A,2026-02-12T07:34:28.009154,2026-02-12T07:34:28.009154,,,,,,,,,,0,0,0
Closure,Closure-23,BRaIn,No,,0.0,0.0,N/A,2026-02-12T07:34:28.009154,2026-02-12T07:34:28.009154,,,,,,,,,,0,0,0
Closure,Closure-24,BRaIn,Yes,1.0,1.0,1.0,N/A,2026-02-12T07:34:28.009154,2026-02-12T07:34:28.009154,,,,,,,,,,1,1,1
Closure,Closure-25,BRaIn,Yes,7.0,0.14285714285714285,0.14285714285714285,N/A,2026-02-12T07:34:28.009154,2026-02-12T07:34:28.009154,,,,,,,,,,0,0,1
Closure,Closure-26,BRaIn,Yes,3.0,0.3333333333333333,0.3333333333333333,N/A,2026-02-12T07:34:28.009154,2026-02-12T07:34:28.009154,,,,,,,,,,0,1,1
Closure,Closure-27,BRaIn,No,,0.0,0.0,N/A,2026-02-12T07:34:28.009154,2026-02-12T07:34:28.009154,,,,,,,,,,0,0,0
Closure,Closure-28,BRaIn,No,,0.0,0.0,N/A,2026-02-12T07:34:28.009154,2026-02-12T07:34:28.009154,,,,,,,,,,0,0,0
Closure,Closure-29,BRaIn,No,,0.0,0.0,N/A,2026-02-12T07:34:28.009154,2026-02-12T07:34:28.009154,,,,,,,,,,0,0,0
Closure,Closure-30,BRaIn,No,,0.0,0.0,N/A,2026-02-12T07:34:28.009154,2026-02-12T07:34:28.009154,,,,,,,,,,0,0,0
Closure,Closure-31,BRaIn,Yes,6.0,0.16666666666666666,0.16666666666666666,N/A,2026-02-12T07:34:28.009154,2026-02-12T07:34:28.009154,,,,,,,,,,0,0,1
Closure,Closure-32,BRaIn,No,,0.0,0.0,N/A,2026-02-12T07:34:28.009154,2026-02-12T07:34:28.009154,,,,,,,,,,0,0,0
Closure,Closure-33,BRaIn,No,,0.0,0.0,N/A,2026-02-12T07:34:28.009154,2026-02-12T07:34:28.009154,,,,,,,,,,0,0,0
Closure,Closure-34,BRaIn,No,,0.0,0.0,N/A,2026-02-12T07:34:28.009154,2026-02-12T07:34:28.009154,,,,,,,,,,0,0,0
Closure,Closure-35,BRaIn,Yes,6.0,0.16666666666666666,0.16666666666666666,N/A,2026-02-12T07:34:28.009154,2026-02-12T07:34:28.009154,,,,,,,,,,0,0,1
Closure,Closure-36,BRaIn,No,,0.0,0.0,N/A,2026-02-12T07:34:28.009154,2026-02-12T07:34:28.009154,,,,,,,,,,0,0,0
Closure,Closure-37,BRaIn,Yes,7.0,0.14285714285714285,0.14285714285714285,N/A,2026-02-12T07:34:28.009154,2026-02-12T07:34:28.009154,,,,,,,,,,0,0,1
Closure,Closure-38,BRaIn,Yes,2.0,0.5,0.5,N/A,2026-02-12T07:34:28.009154,2026-02-12T07:34:28.009154,,,,,,,,,,0,1,1
Closure,Closure-39,BRaIn,No,,0.0,0.0,N/A,2026-02-12T07:34:28.009154,2026-02-12T07:34:28.009154,,,,,,,,,,0,0,0
Closure,Closure-40,BRaIn,Yes,5.0,0.2,0.2,N/A,2026-02-12T07:34:28.009154,2026-02-12T07:34:28.009154,,,,,,,,,,0,1,1
Closure,Closure-41,BRaIn,No,,0.0,0.0,N/A,2026-02-12T07:34:28.009154,2026-02-12T07:34:28.009154,,,,,,,,,,0,0,0
Closure,Closure-42,BRaIn,No,,0.0,0.0,N/A,2026-02-12T07:34:28.009154,2026-02-12T07:34:28.009154,,,,,,,,,,0,0,0
Closure,Closure-43,BRaIn,Yes,1.0,1.0,1.0,N/A,2026-02-12T07:34:28.009154,2026-02-12T07:34:28.009154,,,,,,,,,,1,1,1
Closure,Closure-44,BRaIn,Yes,1.0,1.0,1.0,N/A,2026-02-12T07:34:28.009154,2026-02-12T07:34:28.009154,,,,,,,,,,1,1,1
Closure,Closure-45,BRaIn,Yes,3.0,0.3333333333333333,0.3333333333333333,N/A,2026-02-12T07:34:28.009154,2026-02-12T07:34:28.009154,,,,,,,,,,0,1,1
Closure,Closure-46,BRaIn,Yes,6.0,0.16666666666666666,0.16666666666666666,N/A,2026-02-12T07:34:28.009154,2026-02-12T07:34:28.009154,,,,,,,,,,0,0,1
Closure,Closure-47,BRaIn,Yes,7.0,0.14285714285714285,0.14285714285714285,N/A,2026-02-12T07:34:28.009154,2026-02-12T07:34:28.009154,,,,,,,,,,0,0,1
Closure,Closure-48,BRaIn,No,,0.0,0.0,N/A,2026-02-12T07:34:28.009154,2026-02-12T07:34:28.009154,,,,,,,,,,0,0,0
Closure,Closure-49,BRaIn,No,,0.0,0.0,N/A,2026-02-12T07:34:28.009154,2026-02-12T07:34:28.009154,,,,,,,,,,0,0,0
Closure,Closure-50,BRaIn,No,,0.0,0.0,N/A,2026-02-12T07:34:28.009154,2026-02-12T07:34:28.009154,,,,,,,,,,0,0,0
Closure,Closure-51,BRaIn,No,,0.0,0.0,N/A,2026-02-12T07:34:28.009154,2026-02-12T07:34:28.009154,,,,,,,,,,0,0,0
Closure,Closure-52,BRaIn,Yes,2.0,0.5,0.5,N/A,2026-02-12T07:34:28.009154,2026-02-12T07:34:28.009154,,,,,,,,,,0,1,1
Closure,Closure-53,BRaIn,No,,0.0,0.0,N/A,2026-02-12T07:34:28.009154,2026-02-12T07:34:28.009154,,,,,,,,,,0,0,0
Closure,Closure-54,BRaIn,Yes,5.0,0.2,0.2,N/A,2026-02-12T07:34:28.009154,2026-02-12T07:34:28.009154,,,,,,,,,,0,1,1
Closure,Closure-55,BRaIn,No,,0.0,0.0,N/A,2026-02-12T07:34:28.009154,2026-02-12T07:34:28.009154,,,,,,,,,,0,0,0
Closure,Closure-56,BRaIn,No,,0.0,0.0,N/A,2026-02-12T07:34:28.009154,2026-02-12T07:34:28.009154,,,,,,,,,,0,0,0
Closure,Closure-57,BRaIn,No,,0.0,0.0,N/A,2026-02-12T07:34:28.009154,2026-02-12T07:34:28.009154,,,,,,,,,,0,0,0
Closure,Closure-58,BRaIn,No,,0.0,0.0,N/A,2026-02-12T07:34:28.009154,2026-02-12T07:34:28.009154,,,,,,,,,,0,0,0
Closure,Closure-59,BRaIn,No,,0.0,0.0,N/A,2026-02-12T07:34:28.009154,2026-02-12T07:34:28.009154,,,,,,,,,,0,0,0
Closure,Closure-60,BRaIn,Yes,8.0,0.125,0.125,N/A,2026-02-12T07:34:28.009154,2026-02-12T07:34:28.009154,,,,,,,,,,0,0,1
Closure,Closure-61,BRaIn,No,,0.0,0.0,N/A,2026-02-12T07:34:28.009154,2026-02-12T07:34:28.009154,,,,,,,,,,0,0,0
Closure,Closure-62,BRaIn,No,,0.0,0.0,N/A,2026-02-12T07:34:28.009154,2026-02-12T07:34:28.009154,,,,,,,,,,0,0,0
Closure,Closure-64,BRaIn,Yes,1.0,1.0,1.0,N/A,2026-02-12T07:34:28.009154,2026-02-12T07:34:28.009154,,,,,,,,,,1,1,1
Closure,Closure-65,BRaIn,Yes,1.0,1.0,1.0,N/A,2026-02-12T07:34:28.009154,2026-02-12T07:34:28.009154,,,,,,,,,,1,1,1
Closure,Closure-66,BRaIn,Yes,10.0,0.1,0.1,N/A,2026-02-12T07:34:28.009154,2026-02-12T07:34:28.009154,,,,,,,,,,0,0,1
Closure,Closure-67,BRaIn,No,,0.0,0.0,N/A,2026-02-12T07:34:28.009154,2026-02-12T07:34:28.009154,,,,,,,,,,0,0,0
Closure,Closure-68,BRaIn,No,,0.0,0.0,N/A,2026-02-12T07:34:28.009154,2026-02-12T07:34:28.009154,,,,,,,,,,0,0,0
Closure,Closure-69,BRaIn,No,,0.0,0.0,N/A,2026-02-12T07:34:28.009154,2026-02-12T07:34:28.009154,,,,,,,,,,0,0,0
Closure,Closure-70,BRaIn,Yes,5.0,0.2,0.2,N/A,2026-02-12T07:34:28.009154,2026-02-12T07:34:28.009154,,,,,,,,,,0,1,1
Closure,Closure-71,BRaIn,Yes,9.0,0.1111111111111111,0.1111111111111111,N/A,2026-02-12T07:34:28.009154,2026-02-12T07:34:28.009154,,,,,,,,,,0,0,1
Closure,Closure-72,BRaIn,No,,0.0,0.0,N/A,2026-02-12T07:34:28.009154,2026-02-12T07:34:28.009154,,,,,,,,,,0,0,0
Closure,Closure-73,BRaIn,Yes,1.0,1.0,1.0,N/A,2026-02-12T07:34:28.009154,2026-02-12T07:34:28.009154,,,,,,,,,,1,1,1
Closure,Closure-74,BRaIn,No,,0.0,0.0,N/A,2026-02-12T07:34:28.009154,2026-02-12T07:34:28.009154,,,,,,,,,,0,0,0
Closure,Closure-75,BRaIn,No,,0.0,0.0,N/A,2026-02-12T07:34:28.009154,2026-02-12T07:34:28.009154,,,,,,,,,,0,0,0
Closure,Closure-76,BRaIn,No,,0.0,0.0,N/A,2026-02-12T07:34:28.009154,2026-02-12T07:34:28.009154,,,,,,,,,,0,0,0
Closure,Closure-77,BRaIn,Yes,7.0,0.14285714285714285,0.14285714285714285,N/A,2026-02-12T07:34:28.009154,2026-02-12T07:34:28.009154,,,,,,,,,,0,0,1
Closure,Closure-78,BRaIn,Yes,3.0,0.3333333333333333,0.3333333333333333,N/A,2026-02-12T07:34:28.009154,2026-02-12T07:34:28.009154,,,,,,,,,,0,1,1
Closure,Closure-79,BRaIn,No,,0.0,0.0,N/A,2026-02-12T07:34:28.009154,2026-02-12T07:34:28.009154,,,,,,,,,,0,0,0
Closure,Closure-80,BRaIn,No,,0.0,0.0,N/A,2026-02-12T07:34:28.009154,2026-02-12T07:34:28.009154,,,,,,,,,,0,0,0
Closure,Closure-81,BRaIn,No,,0.0,0.0,N/A,2026-02-12T07:34:28.009154,2026-02-12T07:34:28.009154,,,,,,,,,,0,0,0
Closure,Closure-82,BRaIn,No,,0.0,0.0,N/A,2026-02-12T07:34:28.009154,2026-02-12T07:34:28.009154,,,,,,,,,,0,0,0
Closure,Closure-83,BRaIn,Yes,1.0,1.0,1.0,N/A,2026-02-12T07:34:28.009154,2026-02-12T07:34:28.009154,,,,,,,,,,1,1,1
Closure,Closure-84,BRaIn,No,,0.0,0.0,N/A,2026-02-12T07:34:28.009154,2026-02-12T07:34:28.009154,,,,,,,,,,0,0,0
Closure,Closure-85,BRaIn,No,,0.0,0.0,N/A,2026-02-12T07:34:28.009154,2026-02-12T07:34:28.009154,,,,,,,,,,0,0,0
Closure,Closure-86,BRaIn,Yes,8.0,0.125,0.125,N/A,2026-02-12T07:34:28.009154,2026-02-12T07:34:28.009154,,,,,,,,,,0,0,1
Closure,Closure-87,BRaIn,Yes,6.0,0.16666666666666666,0.16666666666666666,N/A,2026-02-12T07:34:28.009154,2026-02-12T07:34:28.009154,,,,,,,,,,0,0,1
Closure,Closure-88,BRaIn,No,,0.0,0.0,N/A,2026-02-12T07:34:28.009154,2026-02-12T07:34:28.009154,,,,,,,,,,0,0,0
Closure,Closure-89,BRaIn,Yes,8.0,0.125,0.125,N/A,2026-02-12T07:34:28.009154,2026-02-12T07:34:28.009154,,,,,,,,,,0,0,1
Closure,Closure-90,BRaIn,Yes,4.0,0.25,0.25,N/A,2026-02-12T07:34:28.009154,2026-02-12T07:34:28.009154,,,,,,,,,,0,1,1
Closure,Closure-91,BRaIn,No,,0.0,0.0,N/A,2026-02-12T07:34:28.009154,2026-02-12T07:34:28.009154,,,,,,,,,,0,0,0
Closure,Closure-92,BRaIn,Yes,4.0,0.25,0.25,N/A,2026-02-12T07:34:28.009154,2026-02-12T07:34:28.009154,,,,,,,,,,0,1,1
Closure,Closure-94,BRaIn,No,,0.0,0.0,N/A,2026-02-12T07:34:28.009154,2026-02-12T07:34:28.009154,,,,,,,,,,0,0,0
Closure,Closure-95,BRaIn,No,,0.0,0.0,N/A,2026-02-12T07:34:28.009154,2026-02-12T07:34:28.009154,,,,,,,,,,0,0,0
Closure,Closure-96,BRaIn,Yes,8.0,0.125,0.125,N/A,2026-02-12T07:34:28.009154,2026-02-12T07:34:28.009154,,,,,,,,,,0,0,1
Closure,Closure-97,BRaIn,Yes,2.0,0.5,0.5,N/A,2026-02-12T07:34:28.009154,2026-02-12T07:34:28.009154,,,,,,,,,,0,1,1
Closure,Closure-98,BRaIn,No,,0.0,0.0,N/A,2026-02-12T07:34:28.009154,2026-02-12T07:34:28.009154,,,,,,,,,,0,0,0
Closure,Closure-99,BRaIn,Yes,4.0,0.25,0.25,N/A,2026-02-12T07:34:28.009154,2026-02-12T07:34:28.009154,,,,,,,,,,0,1,1
Closure,Closure-100,BRaIn,No,,0.0,0.0,N/A,2026-02-12T07:34:28.009154,2026-02-12T07:34:28.009154,,,,,,,,,,0,0,0
Closure,Closure-101,BRaIn,Yes,1.0,1.0,1.0,N/A,2026-02-12T07:34:28.009154,2026-02-12T07:34:28.009154,,,,,,,,,,1,1,1
Closure,Closure-102,BRaIn,No,,0.0,0.0,N/A,2026-02-12T07:34:28.009154,2026-02-12T07:34:28.009154,,,,,,,,,,0,0,0
Closure,Closure-103,BRaIn,Yes,8.0,0.125,0.125,N/A,2026-02-12T07:34:28.009154,2026-02-12T07:34:28.009154,,,,,,,,,,0,0,1
Closure,Closure-104,BRaIn,No,,0.0,0.0,N/A,2026-02-12T07:34:28.009154,2026-02-12T07:34:28.009154,,,,,,,,,,0,0,0
Closure,Closure-105,BRaIn,Yes,2.0,0.5,0.5,N/A,2026-02-12T07:34:28.009154,2026-02-12T07:34:28.009154,,,,,,,,,,0,1,1
Closure,Closure-106,BRaIn,No,,0.0,0.0,N/A,2026-02-12T07:34:28.009154,2026-02-12T07:34:28.009154,,,,,,,,,,0,0,0
Closure,Closure-107,BRaIn,Yes,10.0,0.1,0.1,N/A,2026-02-12T07:34:28.009154,2026-02-12T07:34:28.009154,,,,,,,,,,0,0,1
Closure,Closure-108,BRaIn,Yes,1.0,1.0,1.0,N/A,2026-02-12T07:34:28.009154,2026-02-12T07:34:28.009154,,,,,,,,,,1,1,1
Closure,Closure-109,BRaIn,No,,0.0,0.0,N/A,2026-02-12T07:34:28.009154,2026-02-12T07:34:28.009154,,,,,,,,,,0,0,0
Closure,Closure-110,BRaIn,Yes,3.0,0.3333333333333333,0.3333333333333333,N/A,2026-02-12T07:34:28.009154,2026-02-12T07:34:28.009154,,,,,,,,,,0,1,1
Closure,Closure-111,BRaIn,No,,0.0,0.0,N/A,2026-02-12T07:34:28.009154,2026-02-12T07:34:28.009154,,,,,,,,,,0,0,0
Closure,Closure-112,BRaIn,Yes,1.0,1.0,1.0,N/A,2026-02-12T07:34:28.009154,2026-02-12T07:34:28.009154,,,,,,,,,,1,1,1
Closure,Closure-113,BRaIn,Yes,1.0,1.0,1.0,N/A,2026-02-12T07:34:28.009154,2026-02-12T07:34:28.009154,,,,,,,,,,1,1,1
Closure,Closure-114,BRaIn,No,,0.0,0.0,N/A,2026-02-12T07:34:28.009154,2026-02-12T07:34:28.009154,,,,,,,,,,0,0,0
Closure,Closure-115,BRaIn,No,,0.0,0.0,N/A,2026-02-12T07:34:28.009154,2026-02-12T07:34:28.009154,,,,,,,,,,0,0,0
Closure,Closure-116,BRaIn,No,,0.0,0.0,N/A,2026-02-12T07:34:28.009154,2026-02-12T07:34:28.009154,,,,,,,,,,0,0,0
Closure,Closure-117,BRaIn,Yes,8.0,0.125,0.125,N/A,2026-02-12T07:34:28.009154,2026-02-12T07:34:28.009154,,,,,,,,,,0,0,1
Closure,Closure-118,BRaIn,No,,0.0,0.0,N/A,2026-02-12T07:34:28.009154,2026-02-12T07:34:28.009154,,,,,,,,,,0,0,0
Closure,Closure-119,BRaIn,No,,0.0,0.0,N/A,2026-02-12T07:34:28.009154,2026-02-12T07:34:28.009154,,,,,,,,,,0,0,0
Closure,Closure-120,BRaIn,No,,0.0,0.0,N/A,2026-02-12T07:34:28.009154,2026-02-12T07:34:28.009154,,,,,,,,,,0,0,0
Closure,Closure-121,BRaIn,No,,0.0,0.0,N/A,2026-02-12T07:34:28.009154,2026-02-12T07:34:28.009154,,,,,,,,,,0,0,0
Closure,Closure-122,BRaIn,No,,0.0,0.0,N/A,2026-02-12T07:34:28.009154,2026-02-12T07:34:28.009154,,,,,,,,,,0,0,0
Closure,Closure-123,BRaIn,Yes,3.0,0.3333333333333333,0.3333333333333333,N/A,2026-02-12T07:34:28.009154,2026-02-12T07:34:28.009154,,,,,,,,,,0,1,1
Closure,Closure-124,BRaIn,No,,0.0,0.0,N/A,2026-02-12T07:34:28.009154,2026-02-12T07:34:28.009154,,,,,,,,,,0,0,0
Closure,Closure-125,BRaIn,Yes,8.0,0.125,0.125,N/A,2026-02-12T07:34:28.009154,2026-02-12T07:34:28.009154,,,,,,,,,,0,0,1
Closure,Closure-126,BRaIn,Yes,10.0,0.1,0.1,N/A,2026-02-12T07:34:28.009154,2026-02-12T07:34:28.009154,,,,,,,,,,0,0,1
Closure,Closure-127,BRaIn,No,,0.0,0.0,N/A,2026-02-12T07:34:28.009154,2026-02-12T07:34:28.009154,,,,,,,,,,0,0,0
Closure,Closure-128,BRaIn,No,,0.0,0.0,N/A,2026-02-12T07:34:28.009154,2026-02-12T07:34:28.009154,,,,,,,,,,0,0,0
Closure,Closure-129,BRaIn,No,,0.0,0.0,N/A,2026-02-12T07:34:28.009154,2026-02-12T07:34:28.009154,,,,,,,,,,0,0,0
Closure,Closure-130,BRaIn,No,,0.0,0.0,N/A,2026-02-12T07:34:28.009154,2026-02-12T07:34:28.009154,,,,,,,,,,0,0,0
Closure,Closure-131,BRaIn,No,,0.0,0.0,N/A,2026-02-12T07:34:28.009154,2026-02-12T07:34:28.009154,,,,,,,,,,0,0,0
Closure,Closure-132,BRaIn,Yes,10.0,0.1,0.1,N/A,2026-02-12T07:34:28.009154,2026-02-12T07:34:28.009154,,,,,,,,,,0,0,1
Closure,Closure-133,BRaIn,No,,0.0,0.0,N/A,2026-02-12T07:34:28.009154,2026-02-12T07:34:28.009154,,,,,,,,,,0,0,0
Closure,Closure-134,BRaIn,No,,0.0,0.0,N/A,2026-02-12T07:34:28.009154,2026-02-12T07:34:28.009154,,,,,,,,,,0,0,0
Closure,Closure-135,BRaIn,Yes,8.0,0.125,0.125,N/A,2026-02-12T07:34:28.009154,2026-02-12T07:34:28.009154,,,,,,,,,,0,0,1
Closure,Closure-136,BRaIn,No,,0.0,0.0,N/A,2026-02-12T07:34:28.009154,2026-02-12T07:34:28.009154,,,,,,,,,,0,0,0
Closure,Closure-137,BRaIn,No,,0.0,0.0,N/A,2026-02-12T07:34:28.009154,2026-02-12T07:34:28.009154,,,,,,,,,,0,0,0
Closure,Closure-138,BRaIn,No,,0.0,0.0,N/A,2026-02-12T07:34:28.009154,2026-02-12T07:34:28.009154,,,,,,,,,,0,0,0
Closure,Closure-139,BRaIn,Yes,4.0,0.25,0.25,N/A,2026-02-12T07:34:28.009154,2026-02-12T07:34:28.009154,,,,,,,,,,0,1,1
Closure,Closure-140,BRaIn,Yes,3.0,0.3333333333333333,0.3333333333333333,N/A,2026-02-12T07:34:28.009154,2026-02-12T07:34:28.009154,,,,,,,,,,0,1,1
Closure,Closure-141,BRaIn,Yes,8.0,0.125,0.125,N/A,2026-02-12T07:34:28.009154,2026-02-12T07:34:28.009154,,,,,,,,,,0,0,1
Closure,Closure-142,BRaIn,No,,0.0,0.0,N/A,2026-02-12T07:34:28.009154,2026-02-12T07:34:28.009154,,,,,,,,,,0,0,0
Closure,Closure-143,BRaIn,Yes,2.0,0.5,0.5,N/A,2026-02-12T07:34:28.009154,2026-02-12T07:34:28.009154,,,,,,,,,,0,1,1
Closure,Closure-144,BRaIn,No,,0.0,0.0,N/A,2026-02-12T07:34:28.009154,2026-02-12T07:34:28.009154,,,,,,,,,,0,0,0
Closure,Closure-145,BRaIn,Yes,8.0,0.125,0.125,N/A,2026-02-12T07:34:28.009154,2026-02-12T07:34:28.009154,,,,,,,,,,0,0,1
Closure,Closure-146,BRaIn,No,,0.0,0.0,N/A,2026-02-12T07:34:28.009154,2026-02-12T07:34:28.009154,,,,,,,,,,0,0,0
Closure,Closure-147,BRaIn,No,,0.0,0.0,N/A,2026-02-12T07:34:28.009154,2026-02-12T07:34:28.009154,,,,,,,,,,0,0,0
Closure,Closure-148,BRaIn,No,,0.0,0.0,N/A,2026-02-12T07:34:28.009154,2026-02-12T07:34:28.009154,,,,,,,,,,0,0,0
Closure,Closure-149,BRaIn,Yes,2.0,0.5,0.5,N/A,2026-02-12T07:34:28.009154,2026-02-12T07:34:28.009154,,,,,,,,,,0,1,1
Closure,Closure-150,BRaIn,Yes,3.0,0.3333333333333333,0.3333333333333333,N/A,2026-02-12T07:34:28.009154,2026-02-12T07:34:28.009154,,,,,,,,,,0,1,1
Closure,Closure-151,BRaIn,No,,0.0,0.0,N/A,2026-02-12T07:34:28.009154,2026-02-12T07:34:28.009154,,,,,,,,,,0,0,0
Closure,Closure-152,BRaIn,Yes,7.0,0.14285714285714285,0.14285714285714285,N/A,2026-02-12T07:34:28.009154,2026-02-12T07:34:28.009154,,,,,,,,,,0,0,1
Closure,Closure-153,BRaIn,No,,0.0,0.0,N/A,2026-02-12T07:34:28.009154,2026-02-12T07:34:28.009154,,,,,,,,,,0,0,0
Closure,Closure-154,BRaIn,Yes,1.0,1.0,1.0,N/A,2026-02-12T07:34:28.009154,2026-02-12T07:34:28.009154,,,,,,,,,,1,1,1
Closure,Closure-155,BRaIn,No,,0.0,0.0,N/A,2026-02-12T07:34:28.009154,2026-02-12T07:34:28.009154,,,,,,,,,,0,0,0
Closure,Closure-156,BRaIn,No,,0.0,0.0,N/A,2026-02-12T07:34:28.009154,2026-02-12T07:34:28.009154,,,,,,,,,,0,0,0
Closure,Closure-157,BRaIn,No,,0.0,0.0,N/A,2026-02-12T07:34:28.009154,2026-02-12T07:34:28.009154,,,,,,,,,,0,0,0
Closure,Closure-158,BRaIn,Yes,3.0,0.3333333333333333,0.3333333333333333,N/A,2026-02-12T07:34:28.009154,2026-02-12T07:34:28.009154,,,,,,,,,,0,1,1
Closure,Closure-159,BRaIn,No,,0.0,0.0,N/A,2026-02-12T07:34:28.009154,2026-02-12T07:34:28.009154,,,,,,,,,,0,0,0
Closure,Closure-160,BRaIn,No,,0.0,0.0,N/A,2026-02-12T07:34:28.009154,2026-02-12T07:34:28.009154,,,,,,,,,,0,0,0
Closure,Closure-161,BRaIn,Yes,8.0,0.125,0.125,N/A,2026-02-12T07:34:28.009154,2026-02-12T07:34:28.009154,,,,,,,,,,0,0,1
Closure,Closure-162,BRaIn,No,,0.0,0.0,N/A,2026-02-12T07:34:28.009154,2026-02-12T07:34:28.009154,,,,,,,,,,0,0,0
Closure,Closure-163,BRaIn,No,,0.0,0.0,N/A,2026-02-12T07:34:28.009154,2026-02-12T07:34:28.009154,,,,,,,,,,0,0,0
Closure,Closure-164,BRaIn,No,,0.0,0.0,N/A,2026-02-12T07:34:28.009154,2026-02-12T07:34:28.009154,,,,,,,,,,0,0,0
Closure,Closure-165,BRaIn,Yes,5.0,0.2,0.2,N/A,2026-02-12T07:34:28.009154,2026-02-12T07:34:28.009154,,,,,,,,,,0,1,1
Closure,Closure-166,BRaIn,Yes,4.0,0.25,0.25,N/A,2026-02-12T07:34:28.009154,2026-02-12T07:34:28.009154,,,,,,,,,,0,1,1
Closure,Closure-167,BRaIn,No,,0.0,0.0,N/A,2026-02-12T07:34:28.009154,2026-02-12T07:34:28.009154,,,,,,,,,,0,0,0
Closure,Closure-168,BRaIn,Yes,4.0,0.25,0.25,N/A,2026-02-12T07:34:28.009154,2026-02-12T07:34:28.009154,,,,,,,,,,0,1,1
Closure,Closure-169,BRaIn,No,,0.0,0.0,N/A,2026-02-12T07:34:28.009154,2026-02-12T07:34:28.009154,,,,,,,,,,0,0,0
Closure,Closure-170,BRaIn,No,,0.0,0.0,N/A,2026-02-12T07:34:28.009154,2026-02-12T07:34:28.009154,,,,,,,,,,0,0,0
Closure,Closure-171,BRaIn,Yes,4.0,0.25,0.25,N/A,2026-02-12T07:34:28.009154,2026-02-12T07:34:28.009154,,,,,,,,,,0,1,1
Closure,Closure-172,BRaIn,Yes,5.0,0.2,0.2,N/A,2026-02-12T07:34:28.009154,2026-02-12T07:34:28.009154,,,,,,,,,,0,1,1
Closure,Closure-173,BRaIn,Yes,1.0,1.0,1.0,N/A,2026-02-12T07:34:28.009154,2026-02-12T07:34:28.009154,,,,,,,,,,1,1,1
Closure,Closure-174,BRaIn,Yes,3.0,0.3333333333333333,0.3333333333333333,N/A,2026-02-12T07:34:28.009154,2026-02-12T07:34:28.009154,,,,,,,,,,0,1,1
Closure,Closure-175,BRaIn,No,,0.0,0.0,N/A,2026-02-12T07:34:28.009154,2026-02-12T07:34:28.009154,,,,,,,,,,0,0,0
Closure,Closure-176,BRaIn,Yes,7.0,0.14285714285714285,0.14285714285714285,N/A,2026-02-12T07:34:28.009154,2026-02-12T07:34:28.009154,,,,,,,,,,0,0,1
Codec,Codec-1,BRaIn,Yes,5.0,0.2,0.2,N/A,2026-02-12T07:34:28.009154,2026-02-12T07:34:28.009154,,,,,,,,,,0,1,1
Codec,Codec-2,BRaIn,Yes,1.0,1.0,1.0,N/A,2026-02-12T07:34:28.009154,2026-02-12T07:34:28.009154,,,,,,,,,,1,1,1
Codec,Codec-3,BRaIn,Yes,1.0,1.0,1.0,N/A,2026-02-12T07:34:28.009154,2026-02-12T07:34:28.009154,,,,,,,,,,1,1,1
Codec,Codec-4,BRaIn,Yes,1.0,1.0,1.0,N/A,2026-02-12T07:34:28.009154,2026-02-12T07:34:28.009154,,,,,,,,,,1,1,1
Codec,Codec-5,BRaIn,Yes,1.0,1.0,1.0,N/A,2026-02-12T07:34:28.009154,2026-02-12T07:34:28.009154,,,,,,,,,,1,1,1
Codec,Codec-6,BRaIn,Yes,1.0,1.0,1.0,N/A,2026-02-12T07:34:28.009154,2026-02-12T07:34:28.009154,,,,,,,,,,1,1,1
Codec,Codec-7,BRaIn,Yes,1.0,1.0,1.0,N/A,2026-02-12T07:34:28.009154,2026-02-12T07:34:28.009154,,,,,,,,,,1,1,1
Codec,Codec-8,BRaIn,Yes,1.0,1.0,1.0,N/A,2026-02-12T07:34:28.009154,2026-02-12T07:34:28.009154,,,,,,,,,,1,1,1
Codec,Codec-9,BRaIn,Yes,1.0,1.0,1.0,N/A,2026-02-12T07:34:28.009154,2026-02-12T07:34:28.009154,,,,,,,,,,1,1,1
Codec,Codec-10,BRaIn,Yes,2.0,0.5,0.5,N/A,2026-02-12T07:34:28.009154,2026-02-12T07:34:28.009154,,,,,,,,,,0,1,1
Codec,Codec-11,BRaIn,Yes,1.0,1.0,1.0,N/A,2026-02-12T07:34:28.009154,2026-02-12T07:34:28.009154,,,,,,,,,,1,1,1
Codec,Codec-12,BRaIn,Yes,4.0,0.25,0.25,N/A,2026-02-12T07:34:28.009154,2026-02-12T07:34:28.009154,,,,,,,,,,0,1,1
Codec,Codec-13,BRaIn,Yes,5.0,0.2,0.2,N/A,2026-02-12T07:34:28.009154,2026-02-12T07:34:28.009154,,,,,,,,,,0,1,1
Codec,Codec-14,BRaIn,Yes,6.0,0.16666666666666666,0.16666666666666666,N/A,2026-02-12T07:34:28.009154,2026-02-12T07:34:28.009154,,,,,,,,,,0,0,1
Codec,Codec-15,BRaIn,Yes,1.0,1.0,1.0,N/A,2026-02-12T07:34:28.009154,2026-02-12T07:34:28.009154,,,,,,,,,,1,1,1
Codec,Codec-16,BRaIn,Yes,1.0,1.0,1.0,N/A,2026-02-12T07:34:28.009154,2026-02-12T07:34:28.009154,,,,,,,,,,1,1,1
Codec,Codec-17,BRaIn,Yes,1.0,1.0,1.0,N/A,2026-02-12T07:34:28.009154,2026-02-12T07:34:28.009154,,,,,,,,,,1,1,1
Codec,Codec-18,BRaIn,Yes,2.0,0.5,0.5,N/A,2026-02-12T07:34:28.009154,2026-02-12T07:34:28.009154,,,,,,,,,,0,1,1
Collections,Collections-25,BRaIn,Yes,1.0,1.0,1.0,N/A,2026-02-12T07:34:28.009154,2026-02-12T07:34:28.009154,,,,,,,,,,1,1,1
Collections,Collections-26,BRaIn,Yes,1.0,1.0,1.0,N/A,2026-02-12T07:34:28.009154,2026-02-12T07:34:28.009154,,,,,,,,,,1,1,1
Collections,Collections-27,BRaIn,No,,0.0,0.0,N/A,2026-02-12T07:34:28.009154,2026-02-12T07:34:28.009154,,,,,,,,,,0,0,0
Collections,Collections-28,BRaIn,Yes,10.0,0.1,0.1,N/A,2026-02-12T07:34:28.009154,2026-02-12T07:34:28.009154,,,,,,,,,,0,0,1
Compress,Compress-1,BRaIn,Yes,1.0,1.0,1.0,N/A,2026-02-12T07:34:28.009154,2026-02-12T07:34:28.009154,,,,,,,,,,1,1,1
Compress,Compress-2,BRaIn,Yes,2.0,0.5,0.5,N/A,2026-02-12T07:34:28.009154,2026-02-12T07:34:28.009154,,,,,,,,,,0,1,1
Compress,Compress-3,BRaIn,Yes,2.0,0.5,0.5,N/A,2026-02-12T07:34:28.009154,2026-02-12T07:34:28.009154,,,,,,,,,,0,1,1
Compress,Compress-4,BRaIn,Yes,2.0,0.5,0.5,N/A,2026-02-12T07:34:28.009154,2026-02-12T07:34:28.009154,,,,,,,,,,0,1,1
Compress,Compress-5,BRaIn,Yes,1.0,1.0,1.0,N/A,2026-02-12T07:34:28.009154,2026-02-12T07:34:28.009154,,,,,,,,,,1,1,1
Compress,Compress-6,BRaIn,Yes,1.0,1.0,1.0,N/A,2026-02-12T07:34:28.009154,2026-02-12T07:34:28.009154,,,,,,,,,,1,1,1
Compress,Compress-7,BRaIn,Yes,5.0,0.2,0.2,N/A,2026-02-12T07:34:28.009154,2026-02-12T07:34:28.009154,,,,,,,,,,0,1,1
Compress,Compress-8,BRaIn,Yes,1.0,1.0,1.0,N/A,2026-02-12T07:34:28.009154,2026-02-12T07:34:28.009154,,,,,,,,,,1,1,1
Compress,Compress-9,BRaIn,Yes,3.0,0.3333333333333333,0.3333333333333333,N/A,2026-02-12T07:34:28.009154,2026-02-12T07:34:28.009154,,,,,,,,,,0,1,1
Compress,Compress-10,BRaIn,Yes,2.0,0.5,0.5,N/A,2026-02-12T07:34:28.009154,2026-02-12T07:34:28.009154,,,,,,,,,,0,1,1
Compress,Compress-11,BRaIn,Yes,5.0,0.2,0.2,N/A,2026-02-12T07:34:28.009154,2026-02-12T07:34:28.009154,,,,,,,,,,0,1,1
Compress,Compress-12,BRaIn,Yes,2.0,0.5,0.5,N/A,2026-02-12T07:34:28.009154,2026-02-12T07:34:28.009154,,,,,,,,,,0,1,1
Compress,Compress-13,BRaIn,Yes,5.0,0.2,0.2,N/A,2026-02-12T07:34:28.009154,2026-02-12T07:34:28.009154,,,,,,,,,,0,1,1
Compress,Compress-14,BRaIn,Yes,5.0,0.2,0.2,N/A,2026-02-12T07:34:28.009154,2026-02-12T07:34:28.009154,,,,,,,,,,0,1,1
Compress,Compress-15,BRaIn,Yes,7.0,0.14285714285714285,0.14285714285714285,N/A,2026-02-12T07:34:28.009154,2026-02-12T07:34:28.009154,,,,,,,,,,0,0,1
Compress,Compress-16,BRaIn,Yes,2.0,0.5,0.5,N/A,2026-02-12T07:34:28.009154,2026-02-12T07:34:28.009154,,,,,,,,,,0,1,1
Compress,Compress-17,BRaIn,Yes,3.0,0.3333333333333333,0.3333333333333333,N/A,2026-02-12T07:34:28.009154,2026-02-12T07:34:28.009154,,,,,,,,,,0,1,1
Compress,Compress-18,BRaIn,Yes,1.0,1.0,1.0,N/A,2026-02-12T07:34:28.009154,2026-02-12T07:34:28.009154,,,,,,,,,,1,1,1
Compress,Compress-19,BRaIn,Yes,8.0,0.125,0.125,N/A,2026-02-12T07:34:28.009154,2026-02-12T07:34:28.009154,,,,,,,,,,0,0,1
Compress,Compress-20,BRaIn,Yes,1.0,1.0,1.0,N/A,2026-02-12T07:34:28.009154,2026-02-12T07:34:28.009154,,,,,,,,,,1,1,1
Compress,Compress-21,BRaIn,Yes,1.0,1.0,1.0,N/A,2026-02-12T07:34:28.009154,2026-02-12T07:34:28.009154,,,,,,,,,,1,1,1
Compress,Compress-22,BRaIn,Yes,1.0,1.0,1.0,N/A,2026-02-12T07:34:28.009154,2026-02-12T07:34:28.009154,,,,,,,,,,1,1,1
Compress,Compress-23,BRaIn,Yes,8.0,0.125,0.125,N/A,2026-02-12T07:34:28.009154,2026-02-12T07:34:28.009154,,,,,,,,,,0,0,1
Compress,Compress-24,BRaIn,Yes,1.0,1.0,1.0,N/A,2026-02-12T07:34:28.009154,2026-02-12T07:34:28.009154,,,,,,,,,,1,1,1
Compress,Compress-25,BRaIn,Yes,9.0,0.1111111111111111,0.1111111111111111,N/A,2026-02-12T07:34:28.009154,2026-02-12T07:34:28.009154,,,,,,,,,,0,0,1
Compress,Compress-26,BRaIn,Yes,5.0,0.2,0.2,N/A,2026-02-12T07:34:28.009154,2026-02-12T07:34:28.009154,,,,,,,,,,0,1,1
Compress,Compress-27,BRaIn,Yes,4.0,0.25,0.25,N/A,2026-02-12T07:34:28.009154,2026-02-12T07:34:28.009154,,,,,,,,,,0,1,1
Compress,Compress-28,BRaIn,Yes,3.0,0.3333333333333333,0.3333333333333333,N/A,2026-02-12T07:34:28.009154,2026-02-12T07:34:28.009154,,,,,,,,,,0,1,1
Compress,Compress-29,BRaIn,Yes,3.0,0.3333333333333333,0.3333333333333333,N/A,2026-02-12T07:34:28.009154,2026-02-12T07:34:28.009154,,,,,,,,,,0,1,1
Compress,Compress-30,BRaIn,No,,0.0,0.0,N/A,2026-02-12T07:34:28.009154,2026-02-12T07:34:28.009154,,,,,,,,,,0,0,0
Compress,Compress-31,BRaIn,Yes,5.0,0.2,0.2,N/A,2026-02-12T07:34:28.009154,2026-02-12T07:34:28.009154,,,,,,,,,,0,1,1
Compress,Compress-32,BRaIn,Yes,1.0,1.0,1.0,N/A,2026-02-12T07:34:28.009154,2026-02-12T07:34:28.009154,,,,,,,,,,1,1,1
Compress,Compress-33,BRaIn,Yes,7.0,0.14285714285714285,0.14285714285714285,N/A,2026-02-12T07:34:28.009154,2026-02-12T07:34:28.009154,,,,,,,,,,0,0,1
Compress,Compress-34,BRaIn,Yes,5.0,0.2,0.2,N/A,2026-02-12T07:34:28.009154,2026-02-12T07:34:28.009154,,,,,,,,,,0,1,1
Compress,Compress-35,BRaIn,Yes,1.0,1.0,1.0,N/A,2026-02-12T07:34:28.009154,2026-02-12T07:34:28.009154,,,,,,,,,,1,1,1
Compress,Compress-36,BRaIn,Yes,4.0,0.25,0.25,N/A,2026-02-12T07:34:28.009154,2026-02-12T07:34:28.009154,,,,,,,,,,0,1,1
Compress,Compress-37,BRaIn,Yes,4.0,0.25,0.25,N/A,2026-02-12T07:34:28.009154,2026-02-12T07:34:28.009154,,,,,,,,,,0,1,1
Compress,Compress-38,BRaIn,Yes,1.0,1.0,1.0,N/A,2026-02-12T07:34:28.009154,2026-02-12T07:34:28.009154,,,,,,,,,,1,1,1
Compress,Compress-39,BRaIn,No,,0.0,0.0,N/A,2026-02-12T07:34:28.009154,2026-02-12T07:34:28.009154,,,,,,,,,,0,0,0
Compress,Compress-40,BRaIn,Yes,1.0,1.0,1.0,N/A,2026-02-12T07:34:28.009154,2026-02-12T07:34:28.009154,,,,,,,,,,1,1,1
Compress,Compress-41,BRaIn,Yes,10.0,0.1,0.1,N/A,2026-02-12T07:34:28.009154,2026-02-12T07:34:28.009154,,,,,,,,,,0,0,1
Compress,Compress-42,BRaIn,Yes,1.0,1.0,1.0,N/A,2026-02-12T07:34:28.009154,2026-02-12T07:34:28.009154,,,,,,,,,,1,1,1
Compress,Compress-43,BRaIn,Yes,1.0,1.0,1.0,N/A,2026-02-12T07:34:28.009154,2026-02-12T07:34:28.009154,,,,,,,,,,1,1,1
Compress,Compress-44,BRaIn,Yes,8.0,0.125,0.125,N/A,2026-02-12T07:34:28.009154,2026-02-12T07:34:28.009154,,,,,,,,,,0,0,1
Compress,Compress-45,BRaIn,Yes,1.0,1.0,1.0,N/A,2026-02-12T07:34:28.009154,2026-02-12T07:34:28.009154,,,,,,,,,,1,1,1
Compress,Compress-46,BRaIn,No,,0.0,0.0,N/A,2026-02-12T07:34:28.009154,2026-02-12T07:34:28.009154,,,,,,,,,,0,0,0
Compress,Compress-47,BRaIn,Yes,5.0,0.2,0.2,N/A,2026-02-12T07:34:28.009154,2026-02-12T07:34:28.009154,,,,,,,,,,0,1,1
Csv,Csv-1,BRaIn,Yes,1.0,1.0,1.0,N/A,2026-02-12T07:34:28.009154,2026-02-12T07:34:28.009154,,,,,,,,,,1,1,1
Csv,Csv-2,BRaIn,Yes,3.0,0.3333333333333333,0.3333333333333333,N/A,2026-02-12T07:34:28.009154,2026-02-12T07:34:28.009154,,,,,,,,,,0,1,1
Csv,Csv-3,BRaIn,Yes,2.0,0.5,0.5,N/A,2026-02-12T07:34:28.009154,2026-02-12T07:34:28.009154,,,,,,,,,,0,1,1
Csv,Csv-4,BRaIn,Yes,1.0,1.0,1.0,N/A,2026-02-12T07:34:28.009154,2026-02-12T07:34:28.009154,,,,,,,,,,1,1,1
Csv,Csv-5,BRaIn,Yes,2.0,0.5,0.5,N/A,2026-02-12T07:34:28.009154,2026-02-12T07:34:28.009154,,,,,,,,,,0,1,1
Csv,Csv-6,BRaIn,Yes,1.0,1.0,1.0,N/A,2026-02-12T07:34:28.009154,2026-02-12T07:34:28.009154,,,,,,,,,,1,1,1
Csv,Csv-7,BRaIn,Yes,1.0,1.0,1.0,N/A,2026-02-12T07:34:28.009154,2026-02-12T07:34:28.009154,,,,,,,,,,1,1,1
Csv,Csv-8,BRaIn,Yes,1.0,1.0,1.0,N/A,2026-02-12T07:34:28.009154,2026-02-12T07:34:28.009154,,,,,,,,,,1,1,1
Csv,Csv-9,BRaIn,Yes,2.0,0.5,0.5,N/A,2026-02-12T07:34:28.009154,2026-02-12T07:34:28.009154,,,,,,,,,,0,1,1
Csv,Csv-10,BRaIn,Yes,2.0,0.5,0.5,N/A,2026-02-12T07:34:28.009154,2026-02-12T07:34:28.009154,,,,,,,,,,0,1,1
Csv,Csv-11,BRaIn,Yes,3.0,0.3333333333333333,0.3333333333333333,N/A,2026-02-12T07:34:28.009154,2026-02-12T07:34:28.009154,,,,,,,,,,0,1,1
Csv,Csv-12,BRaIn,Yes,2.0,0.5,0.5,N/A,2026-02-12T07:34:28.009154,2026-02-12T07:34:28.009154,,,,,,,,,,0,1,1
Csv,Csv-13,BRaIn,Yes,1.0,1.0,1.0,N/A,2026-02-12T07:34:28.009154,2026-02-12T07:34:28.009154,,,,,,,,,,1,1,1
Csv,Csv-14,BRaIn,Yes,1.0,1.0,1.0,N/A,2026-02-12T07:34:28.009154,2026-02-12T07:34:28.009154,,,,,,,,,,1,1,1
Csv,Csv-15,BRaIn,Yes,1.0,1.0,1.0,N/A,2026-02-12T07:34:28.009154,2026-02-12T07:34:28.009154,,,,,,,,,,1,1,1
Csv,Csv-16,BRaIn,Yes,1.0,1.0,1.0,N/A,2026-02-12T07:34:28.009154,2026-02-12T07:34:28.009154,,,,,,,,,,1,1,1
Gson,Gson-1,BRaIn,Yes,5.0,0.2,0.2,N/A,2026-02-12T07:34:28.009154,2026-02-12T07:34:28.009154,,,,,,,,,,0,1,1
Gson,Gson-2,BRaIn,Yes,9.0,0.1111111111111111,0.1111111111111111,N/A,2026-02-12T07:34:28.009154,2026-02-12T07:34:28.009154,,,,,,,,,,0,0,1
Gson,Gson-3,BRaIn,No,,0.0,0.0,N/A,2026-02-12T07:34:28.009154,2026-02-12T07:34:28.009154,,,,,,,,,,0,0,0
Gson,Gson-4,BRaIn,Yes,1.0,1.0,1.0,N/A,2026-02-12T07:34:28.009154,2026-02-12T07:34:28.009154,,,,,,,,,,1,1,1
Gson,Gson-5,BRaIn,Yes,5.0,0.2,0.2,N/A,2026-02-12T07:34:28.009154,2026-02-12T07:34:28.009154,,,,,,,,,,0,1,1
Gson,Gson-6,BRaIn,No,,0.0,0.0,N/A,2026-02-12T07:34:28.009154,2026-02-12T07:34:28.009154,,,,,,,,,,0,0,0
Gson,Gson-7,BRaIn,No,,0.0,0.0,N/A,2026-02-12T07:34:28.009154,2026-02-12T07:34:28.009154,,,,,,,,,,0,0,0
Gson,Gson-8,BRaIn,No,,0.0,0.0,N/A,2026-02-12T07:34:28.009154,2026-02-12T07:34:28.009154,,,,,,,,,,0,0,0
Gson,Gson-9,BRaIn,Yes,4.0,0.25,0.25,N/A,2026-02-12T07:34:28.009154,2026-02-12T07:34:28.009154,,,,,,,,,,0,1,1
Gson,Gson-10,BRaIn,Yes,3.0,0.3333333333333333,0.3333333333333333,N/A,2026-02-12T07:34:28.009154,2026-02-12T07:34:28.009154,,,,,,,,,,0,1,1
Gson,Gson-11,BRaIn,Yes,5.0,0.2,0.2,N/A,2026-02-12T07:34:28.009154,2026-02-12T07:34:28.009154,,,,,,,,,,0,1,1
Gson,Gson-12,BRaIn,Yes,1.0,1.0,1.0,N/A,2026-02-12T07:34:28.009154,2026-02-12T07:34:28.009154,,,,,,,,,,1,1,1
Gson,Gson-13,BRaIn,Yes,1.0,1.0,1.0,N/A,2026-02-12T07:34:28.009154,2026-02-12T07:34:28.009154,,,,,,,,,,1,1,1
Gson,Gson-14,BRaIn,Yes,2.0,0.5,0.5,N/A,2026-02-12T07:34:28.009154,2026-02-12T07:34:28.009154,,,,,,,,,,0,1,1
Gson,Gson-15,BRaIn,Yes,1.0,1.0,1.0,N/A,2026-02-12T07:34:28.009154,2026-02-12T07:34:28.009154,,,,,,,,,,1,1,1
Gson,Gson-16,BRaIn,Yes,1.0,1.0,1.0,N/A,2026-02-12T07:34:28.009154,2026-02-12T07:34:28.009154,,,,,,,,,,1,1,1
Gson,Gson-17,BRaIn,Yes,4.0,0.25,0.25,N/A,2026-02-12T07:34:28.009154,2026-02-12T07:34:28.009154,,,,,,,,,,0,1,1
Gson,Gson-18,BRaIn,Yes,1.0,1.0,1.0,N/A,2026-02-12T07:34:28.009154,2026-02-12T07:34:28.009154,,,,,,,,,,1,1,1
JacksonCore,JacksonCore-1,BRaIn,Yes,3.0,0.3333333333333333,0.3333333333333333,N/A,2026-02-12T07:34:28.009154,2026-02-12T07:34:28.009154,,,,,,,,,,0,1,1
JacksonCore,JacksonCore-2,BRaIn,Yes,1.0,1.0,1.0,N/A,2026-02-12T07:34:28.009154,2026-02-12T07:34:28.009154,,,,,,,,,,1,1,1
JacksonCore,JacksonCore-3,BRaIn,Yes,1.0,1.0,1.0,N/A,2026-02-12T07:34:28.009154,2026-02-12T07:34:28.009154,,,,,,,,,,1,1,1
JacksonCore,JacksonCore-4,BRaIn,Yes,1.0,1.0,1.0,N/A,2026-02-12T07:34:28.009154,2026-02-12T07:34:28.009154,,,,,,,,,,1,1,1
JacksonCore,JacksonCore-5,BRaIn,Yes,2.0,0.5,0.5,N/A,2026-02-12T07:34:28.009154,2026-02-12T07:34:28.009154,,,,,,,,,,0,1,1
JacksonCore,JacksonCore-6,BRaIn,Yes,1.0,1.0,1.0,N/A,2026-02-12T07:34:28.009154,2026-02-12T07:34:28.009154,,,,,,,,,,1,1,1
JacksonCore,JacksonCore-7,BRaIn,No,,0.0,0.0,N/A,2026-02-12T07:34:28.009154,2026-02-12T07:34:28.009154,,,,,,,,,,0,0,0
JacksonCore,JacksonCore-8,BRaIn,Yes,2.0,0.5,0.5,N/A,2026-02-12T07:34:28.009154,2026-02-12T07:34:28.009154,,,,,,,,,,0,1,1
JacksonCore,JacksonCore-9,BRaIn,Yes,5.0,0.2,0.2,N/A,2026-02-12T07:34:28.009154,2026-02-12T07:34:28.009154,,,,,,,,,,0,1,1
JacksonCore,JacksonCore-10,BRaIn,Yes,1.0,1.0,1.0,N/A,2026-02-12T07:34:28.009154,2026-02-12T07:34:28.009154,,,,,,,,,,1,1,1
JacksonCore,JacksonCore-11,BRaIn,Yes,5.0,0.2,0.2,N/A,2026-02-12T07:34:28.009154,2026-02-12T07:34:28.009154,,,,,,,,,,0,1,1
JacksonCore,JacksonCore-12,BRaIn,Yes,1.0,1.0,1.0,N/A,2026-02-12T07:34:28.009154,2026-02-12T07:34:28.009154,,,,,,,,,,1,1,1
JacksonCore,JacksonCore-13,BRaIn,Yes,1.0,1.0,1.0,N/A,2026-02-12T07:34:28.009154,2026-02-12T07:34:28.009154,,,,,,,,,,1,1,1
JacksonCore,JacksonCore-14,BRaIn,Yes,8.0,0.125,0.125,N/A,2026-02-12T07:34:28.009154,2026-02-12T07:34:28.009154,,,,,,,,,,0,0,1
JacksonCore,JacksonCore-15,BRaIn,Yes,10.0,0.1,0.1,N/A,2026-02-12T07:34:28.009154,2026-02-12T07:34:28.009154,,,,,,,,,,0,0,1
JacksonCore,JacksonCore-16,BRaIn,Yes,3.0,0.3333333333333333,0.3333333333333333,N/A,2026-02-12T07:34:28.009154,2026-02-12T07:34:28.009154,,,,,,,,,,0,1,1
JacksonCore,JacksonCore-17,BRaIn,No,,0.0,0.0,N/A,2026-02-12T07:34:28.009154,2026-02-12T07:34:28.009154,,,,,,,,,,0,0,0
JacksonCore,JacksonCore-18,BRaIn,Yes,3.0,0.3333333333333333,0.3333333333333333,N/A,2026-02-12T07:34:28.009154,2026-02-12T07:34:28.009154,,,,,,,,,,0,1,1
JacksonCore,JacksonCore-19,BRaIn,Yes,1.0,1.0,1.0,N/A,2026-02-12T07:34:28.009154,2026-02-12T07:34:28.009154,,,,,,,,,,1,1,1
JacksonCore,JacksonCore-20,BRaIn,Yes,3.0,0.3333333333333333,0.3333333333333333,N/A,2026-02-12T07:34:28.009154,2026-02-12T07:34:28.009154,,,,,,,,,,0,1,1
JacksonCore,JacksonCore-21,BRaIn,Yes,8.0,0.125,0.125,N/A,2026-02-12T07:34:28.009154,2026-02-12T07:34:28.009154,,,,,,,,,,0,0,1
JacksonCore,JacksonCore-22,BRaIn,Yes,9.0,0.1111111111111111,0.1111111111111111,N/A,2026-02-12T07:34:28.009154,2026-02-12T07:34:28.009154,,,,,,,,,,0,0,1
JacksonCore,JacksonCore-23,BRaIn,Yes,1.0,1.0,1.0,N/A,2026-02-12T07:34:28.009154,2026-02-12T07:34:28.009154,,,,,,,,,,1,1,1
JacksonCore,JacksonCore-24,BRaIn,Yes,1.0,1.0,1.0,N/A,2026-02-12T07:34:28.009154,2026-02-12T07:34:28.009154,,,,,,,,,,1,1,1
JacksonCore,JacksonCore-25,BRaIn,Yes,1.0,1.0,1.0,N/A,2026-02-12T07:34:28.009154,2026-02-12T07:34:28.009154,,,,,,,,,,1,1,1
JacksonCore,JacksonCore-26,BRaIn,Yes,6.0,0.16666666666666666,0.16666666666666666,N/A,2026-02-12T07:34:28.009154,2026-02-12T07:34:28.009154,,,,,,,,,,0,0,1
JacksonDatabind,JacksonDatabind-1,BRaIn,Yes,1.0,1.0,1.0,N/A,2026-02-12T07:34:28.009154,2026-02-12T07:34:28.009154,,,,,,,,,,1,1,1
JacksonDatabind,JacksonDatabind-2,BRaIn,Yes,3.0,0.3333333333333333,0.3333333333333333,N/A,2026-02-12T07:34:28.009154,2026-02-12T07:34:28.009154,,,,,,,,,,0,1,1
JacksonDatabind,JacksonDatabind-3,BRaIn,No,,0.0,0.0,N/A,2026-02-12T07:34:28.009154,2026-02-12T07:34:28.009154,,,,,,,,,,0,0,0
JacksonDatabind,JacksonDatabind-4,BRaIn,No,,0.0,0.0,N/A,2026-02-12T07:34:28.009154,2026-02-12T07:34:28.009154,,,,,,,,,,0,0,0
JacksonDatabind,JacksonDatabind-5,BRaIn,Yes,1.0,1.0,1.0,N/A,2026-02-12T07:34:28.009154,2026-02-12T07:34:28.009154,,,,,,,,,,1,1,1
JacksonDatabind,JacksonDatabind-6,BRaIn,Yes,1.0,1.0,1.0,N/A,2026-02-12T07:34:28.009154,2026-02-12T07:34:28.009154,,,,,,,,,,1,1,1
JacksonDatabind,JacksonDatabind-7,BRaIn,Yes,1.0,1.0,1.0,N/A,2026-02-12T07:34:28.009154,2026-02-12T07:34:28.009154,,,,,,,,,,1,1,1
JacksonDatabind,JacksonDatabind-8,BRaIn,No,,0.0,0.0,N/A,2026-02-12T07:34:28.009154,2026-02-12T07:34:28.009154,,,,,,,,,,0,0,0
JacksonDatabind,JacksonDatabind-9,BRaIn,No,,0.0,0.0,N/A,2026-02-12T07:34:28.009154,2026-02-12T07:34:28.009154,,,,,,,,,,0,0,0
JacksonDatabind,JacksonDatabind-10,BRaIn,Yes,8.0,0.125,0.125,N/A,2026-02-12T07:34:28.009154,2026-02-12T07:34:28.009154,,,,,,,,,,0,0,1
JacksonDatabind,JacksonDatabind-11,BRaIn,Yes,5.0,0.2,0.2,N/A,2026-02-12T07:34:28.009154,2026-02-12T07:34:28.009154,,,,,,,,,,0,1,1
JacksonDatabind,JacksonDatabind-12,BRaIn,Yes,5.0,0.2,0.2,N/A,2026-02-12T07:34:28.009154,2026-02-12T07:34:28.009154,,,,,,,,,,0,1,1
JacksonDatabind,JacksonDatabind-13,BRaIn,No,,0.0,0.0,N/A,2026-02-12T07:34:28.009154,2026-02-12T07:34:28.009154,,,,,,,,,,0,0,0
JacksonDatabind,JacksonDatabind-14,BRaIn,Yes,8.0,0.125,0.125,N/A,2026-02-12T07:34:28.009154,2026-02-12T07:34:28.009154,,,,,,,,,,0,0,1
JacksonDatabind,JacksonDatabind-15,BRaIn,Yes,1.0,1.0,1.0,N/A,2026-02-12T07:34:28.009154,2026-02-12T07:34:28.009154,,,,,,,,,,1,1,1
JacksonDatabind,JacksonDatabind-16,BRaIn,No,,0.0,0.0,N/A,2026-02-12T07:34:28.009154,2026-02-12T07:34:28.009154,,,,,,,,,,0,0,0
JacksonDatabind,JacksonDatabind-17,BRaIn,Yes,1.0,1.0,1.0,N/A,2026-02-12T07:34:28.009154,2026-02-12T07:34:28.009154,,,,,,,,,,1,1,1
JacksonDatabind,JacksonDatabind-18,BRaIn,Yes,2.0,0.5,0.5,N/A,2026-02-12T07:34:28.009154,2026-02-12T07:34:28.009154,,,,,,,,,,0,1,1
JacksonDatabind,JacksonDatabind-19,BRaIn,Yes,1.0,1.0,1.0,N/A,2026-02-12T07:34:28.009154,2026-02-12T07:34:28.009154,,,,,,,,,,1,1,1
JacksonDatabind,JacksonDatabind-20,BRaIn,No,,0.0,0.0,N/A,2026-02-12T07:34:28.009154,2026-02-12T07:34:28.009154,,,,,,,,,,0,0,0
JacksonDatabind,JacksonDatabind-21,BRaIn,No,,0.0,0.0,N/A,2026-02-12T07:34:28.009154,2026-02-12T07:34:28.009154,,,,,,,,,,0,0,0
JacksonDatabind,JacksonDatabind-22,BRaIn,Yes,1.0,1.0,1.0,N/A,2026-02-12T07:34:28.009154,2026-02-12T07:34:28.009154,,,,,,,,,,1,1,1
JacksonDatabind,JacksonDatabind-23,BRaIn,No,,0.0,0.0,N/A,2026-02-12T07:34:28.009154,2026-02-12T07:34:28.009154,,,,,,,,,,0,0,0
JacksonDatabind,JacksonDatabind-24,BRaIn,No,,0.0,0.0,N/A,2026-02-12T07:34:28.009154,2026-02-12T07:34:28.009154,,,,,,,,,,0,0,0
JacksonDatabind,JacksonDatabind-25,BRaIn,Yes,1.0,1.0,1.0,N/A,2026-02-12T07:34:28.009154,2026-02-12T07:34:28.009154,,,,,,,,,,1,1,1
JacksonDatabind,JacksonDatabind-26,BRaIn,Yes,6.0,0.16666666666666666,0.16666666666666666,N/A,2026-02-12T07:34:28.009154,2026-02-12T07:34:28.009154,,,,,,,,,,0,0,1
JacksonDatabind,JacksonDatabind-27,BRaIn,Yes,6.0,0.16666666666666666,0.16666666666666666,N/A,2026-02-12T07:34:28.009154,2026-02-12T07:34:28.009154,,,,,,,,,,0,0,1
JacksonDatabind,JacksonDatabind-28,BRaIn,Yes,3.0,0.3333333333333333,0.3333333333333333,N/A,2026-02-12T07:34:28.009154,2026-02-12T07:34:28.009154,,,,,,,,,,0,1,1
JacksonDatabind,JacksonDatabind-29,BRaIn,Yes,2.0,0.5,0.5,N/A,2026-02-12T07:34:28.009154,2026-02-12T07:34:28.009154,,,,,,,,,,0,1,1
JacksonDatabind,JacksonDatabind-30,BRaIn,Yes,2.0,0.5,0.5,N/A,2026-02-12T07:34:28.009154,2026-02-12T07:34:28.009154,,,,,,,,,,0,1,1
JacksonDatabind,JacksonDatabind-31,BRaIn,No,,0.0,0.0,N/A,2026-02-12T07:34:28.009154,2026-02-12T07:34:28.009154,,,,,,,,,,0,0,0
JacksonDatabind,JacksonDatabind-32,BRaIn,Yes,8.0,0.125,0.125,N/A,2026-02-12T07:34:28.009154,2026-02-12T07:34:28.009154,,,,,,,,,,0,0,1
JacksonDatabind,JacksonDatabind-33,BRaIn,Yes,4.0,0.25,0.25,N/A,2026-02-12T07:34:28.009154,2026-02-12T07:34:28.009154,,,,,,,,,,0,1,1
JacksonDatabind,JacksonDatabind-34,BRaIn,No,,0.0,0.0,N/A,2026-02-12T07:34:28.009154,2026-02-12T07:34:28.009154,,,,,,,,,,0,0,0
JacksonDatabind,JacksonDatabind-35,BRaIn,No,,0.0,0.0,N/A,2026-02-12T07:34:28.009154,2026-02-12T07:34:28.009154,,,,,,,,,,0,0,0
JacksonDatabind,JacksonDatabind-36,BRaIn,Yes,1.0,1.0,1.0,N/A,2026-02-12T07:34:28.009154,2026-02-12T07:34:28.009154,,,,,,,,,,1,1,1
JacksonDatabind,JacksonDatabind-37,BRaIn,No,,0.0,0.0,N/A,2026-02-12T07:34:28.009154,2026-02-12T07:34:28.009154,,,,,,,,,,0,0,0
JacksonDatabind,JacksonDatabind-38,BRaIn,No,,0.0,0.0,N/A,2026-02-12T07:34:28.009154,2026-02-12T07:34:28.009154,,,,,,,,,,0,0,0
JacksonDatabind,JacksonDatabind-39,BRaIn,No,,0.0,0.0,N/A,2026-02-12T07:34:28.009154,2026-02-12T07:34:28.009154,,,,,,,,,,0,0,0
JacksonDatabind,JacksonDatabind-40,BRaIn,No,,0.0,0.0,N/A,2026-02-12T07:34:28.009154,2026-02-12T07:34:28.009154,,,,,,,,,,0,0,0
JacksonDatabind,JacksonDatabind-41,BRaIn,Yes,4.0,0.25,0.25,N/A,2026-02-12T07:34:28.009154,2026-02-12T07:34:28.009154,,,,,,,,,,0,1,1
JacksonDatabind,JacksonDatabind-42,BRaIn,No,,0.0,0.0,N/A,2026-02-12T07:34:28.009154,2026-02-12T07:34:28.009154,,,,,,,,,,0,0,0
JacksonDatabind,JacksonDatabind-43,BRaIn,No,,0.0,0.0,N/A,2026-02-12T07:34:28.009154,2026-02-12T07:34:28.009154,,,,,,,,,,0,0,0
JacksonDatabind,JacksonDatabind-44,BRaIn,No,,0.0,0.0,N/A,2026-02-12T07:34:28.009154,2026-02-12T07:34:28.009154,,,,,,,,,,0,0,0
JacksonDatabind,JacksonDatabind-45,BRaIn,No,,0.0,0.0,N/A,2026-02-12T07:34:28.009154,2026-02-12T07:34:28.009154,,,,,,,,,,0,0,0
JacksonDatabind,JacksonDatabind-46,BRaIn,No,,0.0,0.0,N/A,2026-02-12T07:34:28.009154,2026-02-12T07:34:28.009154,,,,,,,,,,0,0,0
JacksonDatabind,JacksonDatabind-47,BRaIn,Yes,7.0,0.14285714285714285,0.14285714285714285,N/A,2026-02-12T07:34:28.009154,2026-02-12T07:34:28.009154,,,,,,,,,,0,0,1
JacksonDatabind,JacksonDatabind-48,BRaIn,No,,0.0,0.0,N/A,2026-02-12T07:34:28.009154,2026-02-12T07:34:28.009154,,,,,,,,,,0,0,0
JacksonDatabind,JacksonDatabind-49,BRaIn,No,,0.0,0.0,N/A,2026-02-12T07:34:28.009154,2026-02-12T07:34:28.009154,,,,,,,,,,0,0,0
JacksonDatabind,JacksonDatabind-50,BRaIn,No,,0.0,0.0,N/A,2026-02-12T07:34:28.009154,2026-02-12T07:34:28.009154,,,,,,,,,,0,0,0
JacksonDatabind,JacksonDatabind-51,BRaIn,Yes,5.0,0.2,0.2,N/A,2026-02-12T07:34:28.009154,2026-02-12T07:34:28.009154,,,,,,,,,,0,1,1
JacksonDatabind,JacksonDatabind-52,BRaIn,Yes,8.0,0.125,0.125,N/A,2026-02-12T07:34:28.009154,2026-02-12T07:34:28.009154,,,,,,,,,,0,0,1
JacksonDatabind,JacksonDatabind-53,BRaIn,No,,0.0,0.0,N/A,2026-02-12T07:34:28.009154,2026-02-12T07:34:28.009154,,,,,,,,,,0,0,0
JacksonDatabind,JacksonDatabind-54,BRaIn,No,,0.0,0.0,N/A,2026-02-12T07:34:28.009154,2026-02-12T07:34:28.009154,,,,,,,,,,0,0,0
JacksonDatabind,JacksonDatabind-55,BRaIn,No,,0.0,0.0,N/A,2026-02-12T07:34:28.009154,2026-02-12T07:34:28.009154,,,,,,,,,,0,0,0
JacksonDatabind,JacksonDatabind-56,BRaIn,Yes,3.0,0.3333333333333333,0.3333333333333333,N/A,2026-02-12T07:34:28.009154,2026-02-12T07:34:28.009154,,,,,,,,,,0,1,1
JacksonDatabind,JacksonDatabind-57,BRaIn,Yes,5.0,0.2,0.2,N/A,2026-02-12T07:34:28.009154,2026-02-12T07:34:28.009154,,,,,,,,,,0,1,1
JacksonDatabind,JacksonDatabind-58,BRaIn,Yes,2.0,0.5,0.5,N/A,2026-02-12T07:34:28.009154,2026-02-12T07:34:28.009154,,,,,,,,,,0,1,1
JacksonDatabind,JacksonDatabind-59,BRaIn,No,,0.0,0.0,N/A,2026-02-12T07:34:28.009154,2026-02-12T07:34:28.009154,,,,,,,,,,0,0,0
JacksonDatabind,JacksonDatabind-60,BRaIn,No,,0.0,0.0,N/A,2026-02-12T07:34:28.009154,2026-02-12T07:34:28.009154,,,,,,,,,,0,0,0
JacksonDatabind,JacksonDatabind-61,BRaIn,Yes,1.0,1.0,1.0,N/A,2026-02-12T07:34:28.009154,2026-02-12T07:34:28.009154,,,,,,,,,,1,1,1
JacksonDatabind,JacksonDatabind-62,BRaIn,No,,0.0,0.0,N/A,2026-02-12T07:34:28.009154,2026-02-12T07:34:28.009154,,,,,,,,,,0,0,0
JacksonDatabind,JacksonDatabind-63,BRaIn,Yes,3.0,0.3333333333333333,0.3333333333333333,N/A,2026-02-12T07:34:28.009154,2026-02-12T07:34:28.009154,,,,,,,,,,0,1,1
JacksonDatabind,JacksonDatabind-64,BRaIn,Yes,9.0,0.1111111111111111,0.1111111111111111,N/A,2026-02-12T07:34:28.009154,2026-02-12T07:34:28.009154,,,,,,,,,,0,0,1
JacksonDatabind,JacksonDatabind-66,BRaIn,No,,0.0,0.0,N/A,2026-02-12T07:34:28.009154,2026-02-12T07:34:28.009154,,,,,,,,,,0,0,0
JacksonDatabind,JacksonDatabind-67,BRaIn,Yes,8.0,0.125,0.125,N/A,2026-02-12T07:34:28.009154,2026-02-12T07:34:28.009154,,,,,,,,,,0,0,1
JacksonDatabind,JacksonDatabind-68,BRaIn,No,,0.0,0.0,N/A,2026-02-12T07:34:28.009154,2026-02-12T07:34:28.009154,,,,,,,,,,0,0,0
JacksonDatabind,JacksonDatabind-69,BRaIn,No,,0.0,0.0,N/A,2026-02-12T07:34:28.009154,2026-02-12T07:34:28.009154,,,,,,,,,,0,0,0
JacksonDatabind,JacksonDatabind-70,BRaIn,Yes,1.0,1.0,1.0,N/A,2026-02-12T07:34:28.009154,2026-02-12T07:34:28.009154,,,,,,,,,,1,1,1
JacksonDatabind,JacksonDatabind-71,BRaIn,No,,0.0,0.0,N/A,2026-02-12T07:34:28.009154,2026-02-12T07:34:28.009154,,,,,,,,,,0,0,0
JacksonDatabind,JacksonDatabind-72,BRaIn,No,,0.0,0.0,N/A,2026-02-12T07:34:28.009154,2026-02-12T07:34:28.009154,,,,,,,,,,0,0,0
JacksonDatabind,JacksonDatabind-73,BRaIn,Yes,2.0,0.5,0.5,N/A,2026-02-12T07:34:28.009154,2026-02-12T07:34:28.009154,,,,,,,,,,0,1,1
JacksonDatabind,JacksonDatabind-74,BRaIn,Yes,7.0,0.14285714285714285,0.14285714285714285,N/A,2026-02-12T07:34:28.009154,2026-02-12T07:34:28.009154,,,,,,,,,,0,0,1
JacksonDatabind,JacksonDatabind-75,BRaIn,Yes,3.0,0.3333333333333333,0.3333333333333333,N/A,2026-02-12T07:34:28.009154,2026-02-12T07:34:28.009154,,,,,,,,,,0,1,1
JacksonDatabind,JacksonDatabind-76,BRaIn,Yes,1.0,1.0,1.0,N/A,2026-02-12T07:34:28.009154,2026-02-12T07:34:28.009154,,,,,,,,,,1,1,1
JacksonDatabind,JacksonDatabind-77,BRaIn,No,,0.0,0.0,N/A,2026-02-12T07:34:28.009154,2026-02-12T07:34:28.009154,,,,,,,,,,0,0,0
JacksonDatabind,JacksonDatabind-78,BRaIn,Yes,8.0,0.125,0.125,N/A,2026-02-12T07:34:28.009154,2026-02-12T07:34:28.009154,,,,,,,,,,0,0,1
JacksonDatabind,JacksonDatabind-79,BRaIn,Yes,5.0,0.2,0.2,N/A,2026-02-12T07:34:28.009154,2026-02-12T07:34:28.009154,,,,,,,,,,0,1,1
JacksonDatabind,JacksonDatabind-80,BRaIn,Yes,6.0,0.16666666666666666,0.16666666666666666,N/A,2026-02-12T07:34:28.009154,2026-02-12T07:34:28.009154,,,,,,,,,,0,0,1
JacksonDatabind,JacksonDatabind-81,BRaIn,Yes,2.0,0.5,0.5,N/A,2026-02-12T07:34:28.009154,2026-02-12T07:34:28.009154,,,,,,,,,,0,1,1
JacksonDatabind,JacksonDatabind-82,BRaIn,No,,0.0,0.0,N/A,2026-02-12T07:34:28.009154,2026-02-12T07:34:28.009154,,,,,,,,,,0,0,0
JacksonDatabind,JacksonDatabind-83,BRaIn,Yes,7.0,0.14285714285714285,0.14285714285714285,N/A,2026-02-12T07:34:28.009154,2026-02-12T07:34:28.009154,,,,,,,,,,0,0,1
JacksonDatabind,JacksonDatabind-84,BRaIn,No,,0.0,0.0,N/A,2026-02-12T07:34:28.009154,2026-02-12T07:34:28.009154,,,,,,,,,,0,0,0
JacksonDatabind,JacksonDatabind-85,BRaIn,Yes,8.0,0.125,0.125,N/A,2026-02-12T07:34:28.009154,2026-02-12T07:34:28.009154,,,,,,,,,,0,0,1
JacksonDatabind,JacksonDatabind-86,BRaIn,No,,0.0,0.0,N/A,2026-02-12T07:34:28.009154,2026-02-12T07:34:28.009154,,,,,,,,,,0,0,0
JacksonDatabind,JacksonDatabind-87,BRaIn,Yes,6.0,0.16666666666666666,0.16666666666666666,N/A,2026-02-12T07:34:28.009154,2026-02-12T07:34:28.009154,,,,,,,,,,0,0,1
JacksonDatabind,JacksonDatabind-88,BRaIn,Yes,9.0,0.1111111111111111,0.1111111111111111,N/A,2026-02-12T07:34:28.009154,2026-02-12T07:34:28.009154,,,,,,,,,,0,0,1
JacksonDatabind,JacksonDatabind-90,BRaIn,Yes,7.0,0.14285714285714285,0.14285714285714285,N/A,2026-02-12T07:34:28.009154,2026-02-12T07:34:28.009154,,,,,,,,,,0,0,1
JacksonDatabind,JacksonDatabind-91,BRaIn,No,,0.0,0.0,N/A,2026-02-12T07:34:28.009154,2026-02-12T07:34:28.009154,,,,,,,,,,0,0,0
JacksonDatabind,JacksonDatabind-92,BRaIn,Yes,4.0,0.25,0.25,N/A,2026-02-12T07:34:28.009154,2026-02-12T07:34:28.009154,,,,,,,,,,0,1,1
JacksonDatabind,JacksonDatabind-93,BRaIn,Yes,1.0,1.0,1.0,N/A,2026-02-12T07:34:28.009154,2026-02-12T07:34:28.009154,,,,,,,,,,1,1,1
JacksonDatabind,JacksonDatabind-94,BRaIn,Yes,3.0,0.3333333333333333,0.3333333333333333,N/A,2026-02-12T07:34:28.009154,2026-02-12T07:34:28.009154,,,,,,,,,,0,1,1
JacksonDatabind,JacksonDatabind-95,BRaIn,Yes,7.0,0.14285714285714285,0.14285714285714285,N/A,2026-02-12T07:34:28.009154,2026-02-12T07:34:28.009154,,,,,,,,,,0,0,1
JacksonDatabind,JacksonDatabind-96,BRaIn,Yes,7.0,0.14285714285714285,0.14285714285714285,N/A,2026-02-12T07:34:28.009154,2026-02-12T07:34:28.009154,,,,,,,,,,0,0,1
JacksonDatabind,JacksonDatabind-97,BRaIn,No,,0.0,0.0,N/A,2026-02-12T07:34:28.009154,2026-02-12T07:34:28.009154,,,,,,,,,,0,0,0
JacksonDatabind,JacksonDatabind-98,BRaIn,No,,0.0,0.0,N/A,2026-02-12T07:34:28.009154,2026-02-12T07:34:28.009154,,,,,,,,,,0,0,0
JacksonDatabind,JacksonDatabind-99,BRaIn,No,,0.0,0.0,N/A,2026-02-12T07:34:28.009154,2026-02-12T07:34:28.009154,,,,,,,,,,0,0,0
JacksonDatabind,JacksonDatabind-100,BRaIn,Yes,2.0,0.5,0.5,N/A,2026-02-12T07:34:28.009154,2026-02-12T07:34:28.009154,,,,,,,,,,0,1,1
JacksonDatabind,JacksonDatabind-101,BRaIn,No,,0.0,0.0,N/A,2026-02-12T07:34:28.009154,2026-02-12T07:34:28.009154,,,,,,,,,,0,0,0
JacksonDatabind,JacksonDatabind-102,BRaIn,Yes,9.0,0.1111111111111111,0.1111111111111111,N/A,2026-02-12T07:34:28.009154,2026-02-12T07:34:28.009154,,,,,,,,,,0,0,1
JacksonDatabind,JacksonDatabind-103,BRaIn,Yes,1.0,1.0,1.0,N/A,2026-02-12T07:34:28.009154,2026-02-12T07:34:28.009154,,,,,,,,,,1,1,1
JacksonDatabind,JacksonDatabind-104,BRaIn,Yes,1.0,1.0,1.0,N/A,2026-02-12T07:34:28.009154,2026-02-12T07:34:28.009154,,,,,,,,,,1,1,1
JacksonDatabind,JacksonDatabind-105,BRaIn,No,,0.0,0.0,N/A,2026-02-12T07:34:28.009154,2026-02-12T07:34:28.009154,,,,,,,,,,0,0,0
JacksonDatabind,JacksonDatabind-106,BRaIn,No,,0.0,0.0,N/A,2026-02-12T07:34:28.009154,2026-02-12T07:34:28.009154,,,,,,,,,,0,0,0
JacksonDatabind,JacksonDatabind-107,BRaIn,Yes,8.0,0.125,0.125,N/A,2026-02-12T07:34:28.009154,2026-02-12T07:34:28.009154,,,,,,,,,,0,0,1
JacksonDatabind,JacksonDatabind-108,BRaIn,Yes,8.0,0.125,0.125,N/A,2026-02-12T07:34:28.009154,2026-02-12T07:34:28.009154,,,,,,,,,,0,0,1
JacksonDatabind,JacksonDatabind-109,BRaIn,No,,0.0,0.0,N/A,2026-02-12T07:34:28.009154,2026-02-12T07:34:28.009154,,,,,,,,,,0,0,0
JacksonDatabind,JacksonDatabind-110,BRaIn,No,,0.0,0.0,N/A,2026-02-12T07:34:28.009154,2026-02-12T07:34:28.009154,,,,,,,,,,0,0,0
JacksonDatabind,JacksonDatabind-111,BRaIn,No,,0.0,0.0,N/A,2026-02-12T07:34:28.009154,2026-02-12T07:34:28.009154,,,,,,,,,,0,0,0
JacksonDatabind,JacksonDatabind-112,BRaIn,Yes,9.0,0.1111111111111111,0.1111111111111111,N/A,2026-02-12T07:34:28.009154,2026-02-12T07:34:28.009154,,,,,,,,,,0,0,1
JacksonXml,JacksonXml-1,BRaIn,Yes,2.0,0.5,0.5,N/A,2026-02-12T07:34:28.009154,2026-02-12T07:34:28.009154,,,,,,,,,,0,1,1
JacksonXml,JacksonXml-2,BRaIn,Yes,10.0,0.1,0.1,N/A,2026-02-12T07:34:28.009154,2026-02-12T07:34:28.009154,,,,,,,,,,0,0,1
JacksonXml,JacksonXml-3,BRaIn,Yes,1.0,1.0,1.0,N/A,2026-02-12T07:34:28.009154,2026-02-12T07:34:28.009154,,,,,,,,,,1,1,1
JacksonXml,JacksonXml-4,BRaIn,Yes,1.0,1.0,1.0,N/A,2026-02-12T07:34:28.009154,2026-02-12T07:34:28.009154,,,,,,,,,,1,1,1
JacksonXml,JacksonXml-5,BRaIn,Yes,8.0,0.125,0.125,N/A,2026-02-12T07:34:28.009154,2026-02-12T07:34:28.009154,,,,,,,,,,0,0,1
JacksonXml,JacksonXml-6,BRaIn,Yes,2.0,0.5,0.5,N/A,2026-02-12T07:34:28.009154,2026-02-12T07:34:28.009154,,,,,,,,,,0,1,1
Jsoup,Jsoup-1,BRaIn,Yes,3.0,0.3333333333333333,0.3333333333333333,N/A,2026-02-12T07:34:28.009154,2026-02-12T07:34:28.009154,,,,,,,,,,0,1,1
Jsoup,Jsoup-2,BRaIn,Yes,2.0,0.5,0.5,N/A,2026-02-12T07:34:28.009154,2026-02-12T07:34:28.009154,,,,,,,,,,0,1,1
Jsoup,Jsoup-3,BRaIn,Yes,1.0,1.0,1.0,N/A,2026-02-12T07:34:28.009154,2026-02-12T07:34:28.009154,,,,,,,,,,1,1,1
Jsoup,Jsoup-4,BRaIn,Yes,4.0,0.25,0.25,N/A,2026-02-12T07:34:28.009154,2026-02-12T07:34:28.009154,,,,,,,,,,0,1,1
Jsoup,Jsoup-5,BRaIn,Yes,1.0,1.0,1.0,N/A,2026-02-12T07:34:28.009154,2026-02-12T07:34:28.009154,,,,,,,,,,1,1,1
Jsoup,Jsoup-6,BRaIn,No,,0.0,0.0,N/A,2026-02-12T07:34:28.009154,2026-02-12T07:34:28.009154,,,,,,,,,,0,0,0
Jsoup,Jsoup-7,BRaIn,Yes,5.0,0.2,0.2,N/A,2026-02-12T07:34:28.009154,2026-02-12T07:34:28.009154,,,,,,,,,,0,1,1
Jsoup,Jsoup-8,BRaIn,No,,0.0,0.0,N/A,2026-02-12T07:34:28.009154,2026-02-12T07:34:28.009154,,,,,,,,,,0,0,0
Jsoup,Jsoup-9,BRaIn,Yes,1.0,1.0,1.0,N/A,2026-02-12T07:34:28.009154,2026-02-12T07:34:28.009154,,,,,,,,,,1,1,1
Jsoup,Jsoup-10,BRaIn,Yes,2.0,0.5,0.5,N/A,2026-02-12T07:34:28.009154,2026-02-12T07:34:28.009154,,,,,,,,,,0,1,1
Jsoup,Jsoup-11,BRaIn,Yes,1.0,1.0,1.0,N/A,2026-02-12T07:34:28.009154,2026-02-12T07:34:28.009154,,,,,,,,,,1,1,1
Jsoup,Jsoup-12,BRaIn,Yes,1.0,1.0,1.0,N/A,2026-02-12T07:34:28.009154,2026-02-12T07:34:28.009154,,,,,,,,,,1,1,1
Jsoup,Jsoup-13,BRaIn,Yes,2.0,0.5,0.5,N/A,2026-02-12T07:34:28.009154,2026-02-12T07:34:28.009154,,,,,,,,,,0,1,1
Jsoup,Jsoup-14,BRaIn,No,,0.0,0.0,N/A,2026-02-12T07:34:28.009154,2026-02-12T07:34:28.009154,,,,,,,,,,0,0,0
Jsoup,Jsoup-15,BRaIn,Yes,6.0,0.16666666666666666,0.16666666666666666,N/A,2026-02-12T07:34:28.009154,2026-02-12T07:34:28.009154,,,,,,,,,,0,0,1
Jsoup,Jsoup-16,BRaIn,Yes,1.0,1.0,1.0,N/A,2026-02-12T07:34:28.009154,2026-02-12T07:34:28.009154,,,,,,,,,,1,1,1
Jsoup,Jsoup-17,BRaIn,Yes,1.0,1.0,1.0,N/A,2026-02-12T07:34:28.009154,2026-02-12T07:34:28.009154,,,,,,,,,,1,1,1
Jsoup,Jsoup-18,BRaIn,No,,0.0,0.0,N/A,2026-02-12T07:34:28.009154,2026-02-12T07:34:28.009154,,,,,,,,,,0,0,0
Jsoup,Jsoup-19,BRaIn,Yes,1.0,1.0,1.0,N/A,2026-02-12T07:34:28.009154,2026-02-12T07:34:28.009154,,,,,,,,,,1,1,1
Jsoup,Jsoup-20,BRaIn,No,,0.0,0.0,N/A,2026-02-12T07:34:28.009154,2026-02-12T07:34:28.009154,,,,,,,,,,0,0,0
Jsoup,Jsoup-21,BRaIn,Yes,2.0,0.5,0.5,N/A,2026-02-12T07:34:28.009154,2026-02-12T07:34:28.009154,,,,,,,,,,0,1,1
Jsoup,Jsoup-22,BRaIn,Yes,1.0,1.0,1.0,N/A,2026-02-12T07:34:28.009154,2026-02-12T07:34:28.009154,,,,,,,,,,1,1,1
Jsoup,Jsoup-23,BRaIn,Yes,1.0,1.0,1.0,N/A,2026-02-12T07:34:28.009154,2026-02-12T07:34:28.009154,,,,,,,,,,1,1,1
Jsoup,Jsoup-24,BRaIn,No,,0.0,0.0,N/A,2026-02-12T07:34:28.009154,2026-02-12T07:34:28.009154,,,,,,,,,,0,0,0
Jsoup,Jsoup-25,BRaIn,Yes,2.0,0.5,0.5,N/A,2026-02-12T07:34:28.009154,2026-02-12T07:34:28.009154,,,,,,,,,,0,1,1
Jsoup,Jsoup-26,BRaIn,Yes,2.0,0.5,0.5,N/A,2026-02-12T07:34:28.009154,2026-02-12T07:34:28.009154,,,,,,,,,,0,1,1
Jsoup,Jsoup-27,BRaIn,Yes,2.0,0.5,0.5,N/A,2026-02-12T07:34:28.009154,2026-02-12T07:34:28.009154,,,,,,,,,,0,1,1
Jsoup,Jsoup-28,BRaIn,Yes,2.0,0.5,0.5,N/A,2026-02-12T07:34:28.009154,2026-02-12T07:34:28.009154,,,,,,,,,,0,1,1
Jsoup,Jsoup-29,BRaIn,Yes,1.0,1.0,1.0,N/A,2026-02-12T07:34:28.009154,2026-02-12T07:34:28.009154,,,,,,,,,,1,1,1
Jsoup,Jsoup-30,BRaIn,Yes,3.0,0.3333333333333333,0.3333333333333333,N/A,2026-02-12T07:34:28.009154,2026-02-12T07:34:28.009154,,,,,,,,,,0,1,1
Jsoup,Jsoup-31,BRaIn,No,,0.0,0.0,N/A,2026-02-12T07:34:28.009154,2026-02-12T07:34:28.009154,,,,,,,,,,0,0,0
Jsoup,Jsoup-32,BRaIn,Yes,1.0,1.0,1.0,N/A,2026-02-12T07:34:28.009154,2026-02-12T07:34:28.009154,,,,,,,,,,1,1,1
Jsoup,Jsoup-33,BRaIn,Yes,3.0,0.3333333333333333,0.3333333333333333,N/A,2026-02-12T07:34:28.009154,2026-02-12T07:34:28.009154,,,,,,,,,,0,1,1
Jsoup,Jsoup-34,BRaIn,No,,0.0,0.0,N/A,2026-02-12T07:34:28.009154,2026-02-12T07:34:28.009154,,,,,,,,,,0,0,0
Jsoup,Jsoup-35,BRaIn,Yes,1.0,1.0,1.0,N/A,2026-02-12T07:34:28.009154,2026-02-12T07:34:28.009154,,,,,,,,,,1,1,1
Jsoup,Jsoup-36,BRaIn,Yes,3.0,0.3333333333333333,0.3333333333333333,N/A,2026-02-12T07:34:28.009154,2026-02-12T07:34:28.009154,,,,,,,,,,0,1,1
Jsoup,Jsoup-37,BRaIn,Yes,3.0,0.3333333333333333,0.3333333333333333,N/A,2026-02-12T07:34:28.009154,2026-02-12T07:34:28.009154,,,,,,,,,,0,1,1
Jsoup,Jsoup-38,BRaIn,Yes,2.0,0.5,0.5,N/A,2026-02-12T07:34:28.009154,2026-02-12T07:34:28.009154,,,,,,,,,,0,1,1
Jsoup,Jsoup-39,BRaIn,Yes,5.0,0.2,0.2,N/A,2026-02-12T07:34:28.009154,2026-02-12T07:34:28.009154,,,,,,,,,,0,1,1
Jsoup,Jsoup-40,BRaIn,Yes,6.0,0.16666666666666666,0.16666666666666666,N/A,2026-02-12T07:34:28.009154,2026-02-12T07:34:28.009154,,,,,,,,,,0,0,1
Jsoup,Jsoup-41,BRaIn,Yes,3.0,0.3333333333333333,0.3333333333333333,N/A,2026-02-12T07:34:28.009154,2026-02-12T07:34:28.009154,,,,,,,,,,0,1,1
Jsoup,Jsoup-42,BRaIn,Yes,4.0,0.25,0.25,N/A,2026-02-12T07:34:28.009154,2026-02-12T07:34:28.009154,,,,,,,,,,0,1,1
Jsoup,Jsoup-43,BRaIn,Yes,1.0,1.0,1.0,N/A,2026-02-12T07:34:28.009154,2026-02-12T07:34:28.009154,,,,,,,,,,1,1,1
Jsoup,Jsoup-44,BRaIn,No,,0.0,0.0,N/A,2026-02-12T07:34:28.009154,2026-02-12T07:34:28.009154,,,,,,,,,,0,0,0
Jsoup,Jsoup-45,BRaIn,Yes,4.0,0.25,0.25,N/A,2026-02-12T07:34:28.009154,2026-02-12T07:34:28.009154,,,,,,,,,,0,1,1
Jsoup,Jsoup-46,BRaIn,Yes,1.0,1.0,1.0,N/A,2026-02-12T07:34:28.009154,2026-02-12T07:34:28.009154,,,,,,,,,,1,1,1
Jsoup,Jsoup-47,BRaIn,Yes,9.0,0.1111111111111111,0.1111111111111111,N/A,2026-02-12T07:34:28.009154,2026-02-12T07:34:28.009154,,,,,,,,,,0,0,1
Jsoup,Jsoup-48,BRaIn,Yes,3.0,0.3333333333333333,0.3333333333333333,N/A,2026-02-12T07:34:28.009154,2026-02-12T07:34:28.009154,,,,,,,,,,0,1,1
Jsoup,Jsoup-49,BRaIn,Yes,1.0,1.0,1.0,N/A,2026-02-12T07:34:28.009154,2026-02-12T07:34:28.009154,,,,,,,,,,1,1,1
Jsoup,Jsoup-50,BRaIn,Yes,1.0,1.0,1.0,N/A,2026-02-12T07:34:28.009154,2026-02-12T07:34:28.009154,,,,,,,,,,1,1,1
Jsoup,Jsoup-51,BRaIn,Yes,3.0,0.3333333333333333,0.3333333333333333,N/A,2026-02-12T07:34:28.009154,2026-02-12T07:34:28.009154,,,,,,,,,,0,1,1
Jsoup,Jsoup-52,BRaIn,Yes,3.0,0.3333333333333333,0.3333333333333333,N/A,2026-02-12T07:34:28.009154,2026-02-12T07:34:28.009154,,,,,,,,,,0,1,1
Jsoup,Jsoup-53,BRaIn,No,,0.0,0.0,N/A,2026-02-12T07:34:28.009154,2026-02-12T07:34:28.009154,,,,,,,,,,0,0,0
Jsoup,Jsoup-54,BRaIn,Yes,4.0,0.25,0.25,N/A,2026-02-12T07:34:28.009154,2026-02-12T07:34:28.009154,,,,,,,,,,0,1,1
Jsoup,Jsoup-55,BRaIn,No,,0.0,0.0,N/A,2026-02-12T07:34:28.009154,2026-02-12T07:34:28.009154,,,,,,,,,,0,0,0
Jsoup,Jsoup-56,BRaIn,Yes,3.0,0.3333333333333333,0.3333333333333333,N/A,2026-02-12T07:34:28.009154,2026-02-12T07:34:28.009154,,,,,,,,,,0,1,1
Jsoup,Jsoup-57,BRaIn,Yes,3.0,0.3333333333333333,0.3333333333333333,N/A,2026-02-12T07:34:28.009154,2026-02-12T07:34:28.009154,,,,,,,,,,0,1,1
Jsoup,Jsoup-58,BRaIn,Yes,4.0,0.25,0.25,N/A,2026-02-12T07:34:28.009154,2026-02-12T07:34:28.009154,,,,,,,,,,0,1,1
Jsoup,Jsoup-59,BRaIn,Yes,8.0,0.125,0.125,N/A,2026-02-12T07:34:28.009154,2026-02-12T07:34:28.009154,,,,,,,,,,0,0,1
Jsoup,Jsoup-60,BRaIn,No,,0.0,0.0,N/A,2026-02-12T07:34:28.009154,2026-02-12T07:34:28.009154,,,,,,,,,,0,0,0
Jsoup,Jsoup-61,BRaIn,Yes,7.0,0.14285714285714285,0.14285714285714285,N/A,2026-02-12T07:34:28.009154,2026-02-12T07:34:28.009154,,,,,,,,,,0,0,1
Jsoup,Jsoup-62,BRaIn,Yes,6.0,0.16666666666666666,0.16666666666666666,N/A,2026-02-12T07:34:28.009154,2026-02-12T07:34:28.009154,,,,,,,,,,0,0,1
Jsoup,Jsoup-63,BRaIn,Yes,2.0,0.5,0.5,N/A,2026-02-12T07:34:28.009154,2026-02-12T07:34:28.009154,,,,,,,,,,0,1,1
Jsoup,Jsoup-64,BRaIn,Yes,3.0,0.3333333333333333,0.3333333333333333,N/A,2026-02-12T07:34:28.009154,2026-02-12T07:34:28.009154,,,,,,,,,,0,1,1
Jsoup,Jsoup-65,BRaIn,Yes,2.0,0.5,0.5,N/A,2026-02-12T07:34:28.009154,2026-02-12T07:34:28.009154,,,,,,,,,,0,1,1
Jsoup,Jsoup-66,BRaIn,Yes,2.0,0.5,0.5,N/A,2026-02-12T07:34:28.009154,2026-02-12T07:34:28.009154,,,,,,,,,,0,1,1
Jsoup,Jsoup-67,BRaIn,No,,0.0,0.0,N/A,2026-02-12T07:34:28.009154,2026-02-12T07:34:28.009154,,,,,,,,,,0,0,0
Jsoup,Jsoup-68,BRaIn,No,,0.0,0.0,N/A,2026-02-12T07:34:28.009154,2026-02-12T07:34:28.009154,,,,,,,,,,0,0,0
Jsoup,Jsoup-69,BRaIn,Yes,1.0,1.0,1.0,N/A,2026-02-12T07:34:28.009154,2026-02-12T07:34:28.009154,,,,,,,,,,1,1,1
Jsoup,Jsoup-70,BRaIn,Yes,4.0,0.25,0.25,N/A,2026-02-12T07:34:28.009154,2026-02-12T07:34:28.009154,,,,,,,,,,0,1,1
Jsoup,Jsoup-71,BRaIn,Yes,6.0,0.16666666666666666,0.16666666666666666,N/A,2026-02-12T07:34:28.009154,2026-02-12T07:34:28.009154,,,,,,,,,,0,0,1
Jsoup,Jsoup-72,BRaIn,No,,0.0,0.0,N/A,2026-02-12T07:34:28.009154,2026-02-12T07:34:28.009154,,,,,,,,,,0,0,0
Jsoup,Jsoup-73,BRaIn,Yes,8.0,0.125,0.125,N/A,2026-02-12T07:34:28.009154,2026-02-12T07:34:28.009154,,,,,,,,,,0,0,1
Jsoup,Jsoup-74,BRaIn,No,,0.0,0.0,N/A,2026-02-12T07:34:28.009154,2026-02-12T07:34:28.009154,,,,,,,,,,0,0,0
Jsoup,Jsoup-75,BRaIn,Yes,10.0,0.1,0.1,N/A,2026-02-12T07:34:28.009154,2026-02-12T07:34:28.009154,,,,,,,,,,0,0,1
Jsoup,Jsoup-76,BRaIn,Yes,7.0,0.14285714285714285,0.14285714285714285,N/A,2026-02-12T07:34:28.009154,2026-02-12T07:34:28.009154,,,,,,,,,,0,0,1
Jsoup,Jsoup-77,BRaIn,No,,0.0,0.0,N/A,2026-02-12T07:34:28.009154,2026-02-12T07:34:28.009154,,,,,,,,,,0,0,0
Jsoup,Jsoup-78,BRaIn,Yes,8.0,0.125,0.125,N/A,2026-02-12T07:34:28.009154,2026-02-12T07:34:28.009154,,,,,,,,,,0,0,1
Jsoup,Jsoup-79,BRaIn,Yes,3.0,0.3333333333333333,0.3333333333333333,N/A,2026-02-12T07:34:28.009154,2026-02-12T07:34:28.009154,,,,,,,,,,0,1,1
Jsoup,Jsoup-80,BRaIn,Yes,7.0,0.14285714285714285,0.14285714285714285,N/A,2026-02-12T07:34:28.009154,2026-02-12T07:34:28.009154,,,,,,,,,,0,0,1
Jsoup,Jsoup-81,BRaIn,Yes,10.0,0.1,0.1,N/A,2026-02-12T07:34:28.009154,2026-02-12T07:34:28.009154,,,,,,,,,,0,0,1
Jsoup,Jsoup-82,BRaIn,No,,0.0,0.0,N/A,2026-02-12T07:34:28.009154,2026-02-12T07:34:28.009154,,,,,,,,,,0,0,0
Jsoup,Jsoup-83,BRaIn,Yes,3.0,0.3333333333333333,0.3333333333333333,N/A,2026-02-12T07:34:28.009154,2026-02-12T07:34:28.009154,,,,,,,,,,0,1,1
Jsoup,Jsoup-84,BRaIn,Yes,2.0,0.5,0.5,N/A,2026-02-12T07:34:28.009154,2026-02-12T07:34:28.009154,,,,,,,,,,0,1,1
Jsoup,Jsoup-85,BRaIn,Yes,1.0,1.0,1.0,N/A,2026-02-12T07:34:28.009154,2026-02-12T07:34:28.009154,,,,,,,,,,1,1,1
Jsoup,Jsoup-86,BRaIn,No,,0.0,0.0,N/A,2026-02-12T07:34:28.009154,2026-02-12T07:34:28.009154,,,,,,,,,,0,0,0
Jsoup,Jsoup-87,BRaIn,Yes,2.0,0.5,0.5,N/A,2026-02-12T07:34:28.009154,2026-02-12T07:34:28.009154,,,,,,,,,,0,1,1
Jsoup,Jsoup-88,BRaIn,Yes,7.0,0.14285714285714285,0.14285714285714285,N/A,2026-02-12T07:34:28.009154,2026-02-12T07:34:28.009154,,,,,,,,,,0,0,1
Jsoup,Jsoup-89,BRaIn,Yes,3.0,0.3333333333333333,0.3333333333333333,N/A,2026-02-12T07:34:28.009154,2026-02-12T07:34:28.009154,,,,,,,,,,0,1,1
Jsoup,Jsoup-90,BRaIn,Yes,3.0,0.3333333333333333,0.3333333333333333,N/A,2026-02-12T07:34:28.009154,2026-02-12T07:34:28.009154,,,,,,,,,,0,1,1
Jsoup,Jsoup-91,BRaIn,No,,0.0,0.0,N/A,2026-02-12T07:34:28.009154,2026-02-12T07:34:28.009154,,,,,,,,,,0,0,0
Jsoup,Jsoup-92,BRaIn,Yes,9.0,0.1111111111111111,0.1111111111111111,N/A,2026-02-12T07:34:28.009154,2026-02-12T07:34:28.009154,,,,,,,,,,0,0,1
Jsoup,Jsoup-93,BRaIn,Yes,3.0,0.3333333333333333,0.3333333333333333,N/A,2026-02-12T07:34:28.009154,2026-02-12T07:34:28.009154,,,,,,,,,,0,1,1
JxPath,JxPath-1,BRaIn,Yes,5.0,0.2,0.2,N/A,2026-02-12T07:34:28.009154,2026-02-12T07:34:28.009154,,,,,,,,,,0,1,1
JxPath,JxPath-2,BRaIn,No,,0.0,0.0,N/A,2026-02-12T07:34:28.009154,2026-02-12T07:34:28.009154,,,,,,,,,,0,0,0
JxPath,JxPath-3,BRaIn,Yes,7.0,0.14285714285714285,0.14285714285714285,N/A,2026-02-12T07:34:28.009154,2026-02-12T07:34:28.009154,,,,,,,,,,0,0,1
JxPath,JxPath-4,BRaIn,Yes,1.0,1.0,1.0,N/A,2026-02-12T07:34:28.009154,2026-02-12T07:34:28.009154,,,,,,,,,,1,1,1
JxPath,JxPath-5,BRaIn,Yes,1.0,1.0,1.0,N/A,2026-02-12T07:34:28.009154,2026-02-12T07:34:28.009154,,,,,,,,,,1,1,1
JxPath,JxPath-6,BRaIn,No,,0.0,0.0,N/A,2026-02-12T07:34:28.009154,2026-02-12T07:34:28.009154,,,,,,,,,,0,0,0
JxPath,JxPath-7,BRaIn,No,,0.0,0.0,N/A,2026-02-12T07:34:28.009154,2026-02-12T07:34:28.009154,,,,,,,,,,0,0,0
JxPath,JxPath-8,BRaIn,No,,0.0,0.0,N/A,2026-02-12T07:34:28.009154,2026-02-12T07:34:28.009154,,,,,,,,,,0,0,0
JxPath,JxPath-9,BRaIn,Yes,6.0,0.16666666666666666,0.16666666666666666,N/A,2026-02-12T07:34:28.009154,2026-02-12T07:34:28.009154,,,,,,,,,,0,0,1
JxPath,JxPath-10,BRaIn,No,,0.0,0.0,N/A,2026-02-12T07:34:28.009154,2026-02-12T07:34:28.009154,,,,,,,,,,0,0,0
JxPath,JxPath-11,BRaIn,No,,0.0,0.0,N/A,2026-02-12T07:34:28.009154,2026-02-12T07:34:28.009154,,,,,,,,,,0,0,0
JxPath,JxPath-12,BRaIn,Yes,5.0,0.2,0.2,N/A,2026-02-12T07:34:28.009154,2026-02-12T07:34:28.009154,,,,,,,,,,0,1,1
JxPath,JxPath-13,BRaIn,Yes,1.0,1.0,1.0,N/A,2026-02-12T07:34:28.009154,2026-02-12T07:34:28.009154,,,,,,,,,,1,1,1
JxPath,JxPath-14,BRaIn,Yes,2.0,0.5,0.5,N/A,2026-02-12T07:34:28.009154,2026-02-12T07:34:28.009154,,,,,,,,,,0,1,1
JxPath,JxPath-15,BRaIn,No,,0.0,0.0,N/A,2026-02-12T07:34:28.009154,2026-02-12T07:34:28.009154,,,,,,,,,,0,0,0
JxPath,JxPath-16,BRaIn,Yes,1.0,1.0,1.0,N/A,2026-02-12T07:34:28.009154,2026-02-12T07:34:28.009154,,,,,,,,,,1,1,1
JxPath,JxPath-17,BRaIn,Yes,1.0,1.0,1.0,N/A,2026-02-12T07:34:28.009154,2026-02-12T07:34:28.009154,,,,,,,,,,1,1,1
JxPath,JxPath-18,BRaIn,Yes,6.0,0.16666666666666666,0.16666666666666666,N/A,2026-02-12T07:34:28.009154,2026-02-12T07:34:28.009154,,,,,,,,,,0,0,1
JxPath,JxPath-19,BRaIn,Yes,1.0,1.0,1.0,N/A,2026-02-12T07:34:28.009154,2026-02-12T07:34:28.009154,,,,,,,,,,1,1,1
JxPath,JxPath-20,BRaIn,Yes,9.0,0.1111111111111111,0.1111111111111111,N/A,2026-02-12T07:34:28.009154,2026-02-12T07:34:28.009154,,,,,,,,,,0,0,1
JxPath,JxPath-21,BRaIn,No,,0.0,0.0,N/A,2026-02-12T07:34:28.009154,2026-02-12T07:34:28.009154,,,,,,,,,,0,0,0
JxPath,JxPath-22,BRaIn,Yes,1.0,1.0,1.0,N/A,2026-02-12T07:34:28.009154,2026-02-12T07:34:28.009154,,,,,,,,,,1,1,1
Lang,Lang-1,BRaIn,Yes,1.0,1.0,1.0,N/A,2026-02-12T07:34:28.009154,2026-02-12T07:34:28.009154,,,,,,,,,,1,1,1
Lang,Lang-3,BRaIn,Yes,1.0,1.0,1.0,N/A,2026-02-12T07:34:28.009154,2026-02-12T07:34:28.009154,,,,,,,,,,1,1,1
Lang,Lang-4,BRaIn,Yes,2.0,0.5,0.5,N/A,2026-02-12T07:34:28.009154,2026-02-12T07:34:28.009154,,,,,,,,,,0,1,1
Lang,Lang-5,BRaIn,Yes,1.0,1.0,1.0,N/A,2026-02-12T07:34:28.009154,2026-02-12T07:34:28.009154,,,,,,,,,,1,1,1
Lang,Lang-6,BRaIn,Yes,8.0,0.125,0.125,N/A,2026-02-12T07:34:28.009154,2026-02-12T07:34:28.009154,,,,,,,,,,0,0,1
Lang,Lang-7,BRaIn,Yes,1.0,1.0,1.0,N/A,2026-02-12T07:34:28.009154,2026-02-12T07:34:28.009154,,,,,,,,,,1,1,1
Lang,Lang-8,BRaIn,Yes,3.0,0.3333333333333333,0.3333333333333333,N/A,2026-02-12T07:34:28.009154,2026-02-12T07:34:28.009154,,,,,,,,,,0,1,1
Lang,Lang-9,BRaIn,Yes,2.0,0.5,0.5,N/A,2026-02-12T07:34:28.009154,2026-02-12T07:34:28.009154,,,,,,,,,,0,1,1
Lang,Lang-10,BRaIn,Yes,4.0,0.25,0.25,N/A,2026-02-12T07:34:28.009154,2026-02-12T07:34:28.009154,,,,,,,,,,0,1,1
Lang,Lang-11,BRaIn,Yes,5.0,0.2,0.2,N/A,2026-02-12T07:34:28.009154,2026-02-12T07:34:28.009154,,,,,,,,,,0,1,1
Lang,Lang-12,BRaIn,Yes,3.0,0.3333333333333333,0.3333333333333333,N/A,2026-02-12T07:34:28.009154,2026-02-12T07:34:28.009154,,,,,,,,,,0,1,1
Lang,Lang-13,BRaIn,Yes,1.0,1.0,1.0,N/A,2026-02-12T07:34:28.009154,2026-02-12T07:34:28.009154,,,,,,,,,,1,1,1
Lang,Lang-14,BRaIn,Yes,1.0,1.0,1.0,N/A,2026-02-12T07:34:28.009154,2026-02-12T07:34:28.009154,,,,,,,,,,1,1,1
Lang,Lang-15,BRaIn,Yes,2.0,0.5,0.5,N/A,2026-02-12T07:34:28.009154,2026-02-12T07:34:28.009154,,,,,,,,,,0,1,1
Lang,Lang-16,BRaIn,Yes,1.0,1.0,1.0,N/A,2026-02-12T07:34:28.009154,2026-02-12T07:34:28.009154,,,,,,,,,,1,1,1
Lang,Lang-17,BRaIn,Yes,4.0,0.25,0.25,N/A,2026-02-12T07:34:28.009154,2026-02-12T07:34:28.009154,,,,,,,,,,0,1,1
Lang,Lang-19,BRaIn,No,,0.0,0.0,N/A,2026-02-12T07:34:28.009154,2026-02-12T07:34:28.009154,,,,,,,,,,0,0,0
Lang,Lang-20,BRaIn,Yes,1.0,1.0,1.0,N/A,2026-02-12T07:34:28.009154,2026-02-12T07:34:28.009154,,,,,,,,,,1,1,1
Lang,Lang-21,BRaIn,Yes,1.0,1.0,1.0,N/A,2026-02-12T07:34:28.009154,2026-02-12T07:34:28.009154,,,,,,,,,,1,1,1
Lang,Lang-22,BRaIn,Yes,1.0,1.0,1.0,N/A,2026-02-12T07:34:28.009154,2026-02-12T07:34:28.009154,,,,,,,,,,1,1,1
Lang,Lang-23,BRaIn,No,,0.0,0.0,N/A,2026-02-12T07:34:28.009154,2026-02-12T07:34:28.009154,,,,,,,,,,0,0,0
Lang,Lang-24,BRaIn,Yes,6.0,0.16666666666666666,0.16666666666666666,N/A,2026-02-12T07:34:28.009154,2026-02-12T07:34:28.009154,,,,,,,,,,0,0,1
Lang,Lang-26,BRaIn,Yes,4.0,0.25,0.25,N/A,2026-02-12T07:34:28.009154,2026-02-12T07:34:28.009154,,,,,,,,,,0,1,1
Lang,Lang-27,BRaIn,Yes,1.0,1.0,1.0,N/A,2026-02-12T07:34:28.009154,2026-02-12T07:34:28.009154,,,,,,,,,,1,1,1
Lang,Lang-28,BRaIn,Yes,1.0,1.0,1.0,N/A,2026-02-12T07:34:28.009154,2026-02-12T07:34:28.009154,,,,,,,,,,1,1,1
Lang,Lang-29,BRaIn,Yes,2.0,0.5,0.5,N/A,2026-02-12T07:34:28.009154,2026-02-12T07:34:28.009154,,,,,,,,,,0,1,1
Lang,Lang-30,BRaIn,Yes,1.0,1.0,1.0,N/A,2026-02-12T07:34:28.009154,2026-02-12T07:34:28.009154,,,,,,,,,,1,1,1
Lang,Lang-31,BRaIn,Yes,1.0,1.0,1.0,N/A,2026-02-12T07:34:28.009154,2026-02-12T07:34:28.009154,,,,,,,,,,1,1,1
Lang,Lang-32,BRaIn,Yes,8.0,0.125,0.125,N/A,2026-02-12T07:34:28.009154,2026-02-12T07:34:28.009154,,,,,,,,,,0,0,1
Lang,Lang-33,BRaIn,No,,0.0,0.0,N/A,2026-02-12T07:34:28.009154,2026-02-12T07:34:28.009154,,,,,,,,,,0,0,0
Lang,Lang-34,BRaIn,No,,0.0,0.0,N/A,2026-02-12T07:34:28.009154,2026-02-12T07:34:28.009154,,,,,,,,,,0,0,0
Lang,Lang-35,BRaIn,Yes,4.0,0.25,0.25,N/A,2026-02-12T07:34:28.009154,2026-02-12T07:34:28.009154,,,,,,,,,,0,1,1
Lang,Lang-36,BRaIn,Yes,1.0,1.0,1.0,N/A,2026-02-12T07:34:28.009154,2026-02-12T07:34:28.009154,,,,,,,,,,1,1,1
Lang,Lang-37,BRaIn,Yes,3.0,0.3333333333333333,0.3333333333333333,N/A,2026-02-12T07:34:28.009154,2026-02-12T07:34:28.009154,,,,,,,,,,0,1,1
Lang,Lang-38,BRaIn,Yes,6.0,0.16666666666666666,0.16666666666666666,N/A,2026-02-12T07:34:28.009154,2026-02-12T07:34:28.009154,,,,,,,,,,0,0,1
Lang,Lang-39,BRaIn,Yes,1.0,1.0,1.0,N/A,2026-02-12T07:34:28.009154,2026-02-12T07:34:28.009154,,,,,,,,,,1,1,1
Lang,Lang-40,BRaIn,Yes,1.0,1.0,1.0,N/A,2026-02-12T07:34:28.009154,2026-02-12T07:34:28.009154,,,,,,,,,,1,1,1
Lang,Lang-41,BRaIn,Yes,1.0,1.0,1.0,N/A,2026-02-12T07:34:28.009154,2026-02-12T07:34:28.009154,,,,,,,,,,1,1,1
Lang,Lang-42,BRaIn,Yes,1.0,1.0,1.0,N/A,2026-02-12T07:34:28.009154,2026-02-12T07:34:28.009154,,,,,,,,,,1,1,1
Lang,Lang-43,BRaIn,Yes,1.0,1.0,1.0,N/A,2026-02-12T07:34:28.009154,2026-02-12T07:34:28.009154,,,,,,,,,,1,1,1
Lang,Lang-44,BRaIn,Yes,6.0,0.16666666666666666,0.16666666666666666,N/A,2026-02-12T07:34:28.009154,2026-02-12T07:34:28.009154,,,,,,,,,,0,0,1
Lang,Lang-45,BRaIn,Yes,2.0,0.5,0.5,N/A,2026-02-12T07:34:28.009154,2026-02-12T07:34:28.009154,,,,,,,,,,0,1,1
Lang,Lang-46,BRaIn,Yes,1.0,1.0,1.0,N/A,2026-02-12T07:34:28.009154,2026-02-12T07:34:28.009154,,,,,,,,,,1,1,1
Lang,Lang-47,BRaIn,Yes,2.0,0.5,0.5,N/A,2026-02-12T07:34:28.009154,2026-02-12T07:34:28.009154,,,,,,,,,,0,1,1
Lang,Lang-49,BRaIn,Yes,4.0,0.25,0.25,N/A,2026-02-12T07:34:28.009154,2026-02-12T07:34:28.009154,,,,,,,,,,0,1,1
Lang,Lang-50,BRaIn,Yes,1.0,1.0,1.0,N/A,2026-02-12T07:34:28.009154,2026-02-12T07:34:28.009154,,,,,,,,,,1,1,1
Lang,Lang-51,BRaIn,Yes,1.0,1.0,1.0,N/A,2026-02-12T07:34:28.009154,2026-02-12T07:34:28.009154,,,,,,,,,,1,1,1
Lang,Lang-52,BRaIn,Yes,5.0,0.2,0.2,N/A,2026-02-12T07:34:28.009154,2026-02-12T07:34:28.009154,,,,,,,,,,0,1,1
Lang,Lang-53,BRaIn,Yes,4.0,0.25,0.25,N/A,2026-02-12T07:34:28.009154,2026-02-12T07:34:28.009154,,,,,,,,,,0,1,1
Lang,Lang-54,BRaIn,Yes,2.0,0.5,0.5,N/A,2026-02-12T07:34:28.009154,2026-02-12T07:34:28.009154,,,,,,,,,,0,1,1
Lang,Lang-55,BRaIn,Yes,1.0,1.0,1.0,N/A,2026-02-12T07:34:28.009154,2026-02-12T07:34:28.009154,,,,,,,,,,1,1,1
Lang,Lang-56,BRaIn,Yes,1.0,1.0,1.0,N/A,2026-02-12T07:34:28.009154,2026-02-12T07:34:28.009154,,,,,,,,,,1,1,1
Lang,Lang-57,BRaIn,Yes,1.0,1.0,1.0,N/A,2026-02-12T07:34:28.009154,2026-02-12T07:34:28.009154,,,,,,,,,,1,1,1
Lang,Lang-58,BRaIn,Yes,5.0,0.2,0.2,N/A,2026-02-12T07:34:28.009154,2026-02-12T07:34:28.009154,,,,,,,,,,0,1,1
Lang,Lang-59,BRaIn,Yes,2.0,0.5,0.5,N/A,2026-02-12T07:34:28.009154,2026-02-12T07:34:28.009154,,,,,,,,,,0,1,1
Lang,Lang-60,BRaIn,Yes,3.0,0.3333333333333333,0.3333333333333333,N/A,2026-02-12T07:34:28.009154,2026-02-12T07:34:28.009154,,,,,,,,,,0,1,1
Lang,Lang-61,BRaIn,Yes,2.0,0.5,0.5,N/A,2026-02-12T07:34:28.009154,2026-02-12T07:34:28.009154,,,,,,,,,,0,1,1
Lang,Lang-62,BRaIn,Yes,2.0,0.5,0.5,N/A,2026-02-12T07:34:28.009154,2026-02-12T07:34:28.009154,,,,,,,,,,0,1,1
Lang,Lang-63,BRaIn,Yes,2.0,0.5,0.5,N/A,2026-02-12T07:34:28.009154,2026-02-12T07:34:28.009154,,,,,,,,,,0,1,1
Lang,Lang-64,BRaIn,Yes,1.0,1.0,1.0,N/A,2026-02-12T07:34:28.009154,2026-02-12T07:34:28.009154,,,,,,,,,,1,1,1
Lang,Lang-65,BRaIn,Yes,2.0,0.5,0.5,N/A,2026-02-12T07:34:28.009154,2026-02-12T07:34:28.009154,,,,,,,,,,0,1,1
Math,Math-1,BRaIn,Yes,1.0,1.0,1.0,N/A,2026-02-12T07:34:28.009154,2026-02-12T07:34:28.009154,,,,,,,,,,1,1,1
Math,Math-2,BRaIn,Yes,1.0,1.0,1.0,N/A,2026-02-12T07:34:28.009154,2026-02-12T07:34:28.009154,,,,,,,,,,1,1,1
Math,Math-3,BRaIn,Yes,4.0,0.25,0.25,N/A,2026-02-12T07:34:28.009154,2026-02-12T07:34:28.009154,,,,,,,,,,0,1,1
Math,Math-4,BRaIn,Yes,1.0,1.0,1.0,N/A,2026-02-12T07:34:28.009154,2026-02-12T07:34:28.009154,,,,,,,,,,1,1,1
Math,Math-5,BRaIn,Yes,9.0,0.1111111111111111,0.1111111111111111,N/A,2026-02-12T07:34:28.009154,2026-02-12T07:34:28.009154,,,,,,,,,,0,0,1
Math,Math-6,BRaIn,Yes,10.0,0.1,0.1,N/A,2026-02-12T07:34:28.009154,2026-02-12T07:34:28.009154,,,,,,,,,,0,0,1
Math,Math-7,BRaIn,Yes,9.0,0.1111111111111111,0.1111111111111111,N/A,2026-02-12T07:34:28.009154,2026-02-12T07:34:28.009154,,,,,,,,,,0,0,1
Math,Math-8,BRaIn,Yes,1.0,1.0,1.0,N/A,2026-02-12T07:34:28.009154,2026-02-12T07:34:28.009154,,,,,,,,,,1,1,1
Math,Math-9,BRaIn,Yes,1.0,1.0,1.0,N/A,2026-02-12T07:34:28.009154,2026-02-12T07:34:28.009154,,,,,,,,,,1,1,1
Math,Math-10,BRaIn,No,,0.0,0.0,N/A,2026-02-12T07:34:28.009154,2026-02-12T07:34:28.009154,,,,,,,,,,0,0,0
Math,Math-11,BRaIn,Yes,1.0,1.0,1.0,N/A,2026-02-12T07:34:28.009154,2026-02-12T07:34:28.009154,,,,,,,,,,1,1,1
Math,Math-12,BRaIn,No,,0.0,0.0,N/A,2026-02-12T07:34:28.009154,2026-02-12T07:34:28.009154,,,,,,,,,,0,0,0
Math,Math-13,BRaIn,Yes,1.0,1.0,1.0,N/A,2026-02-12T07:34:28.009154,2026-02-12T07:34:28.009154,,,,,,,,,,1,1,1
Math,Math-14,BRaIn,No,,0.0,0.0,N/A,2026-02-12T07:34:28.009154,2026-02-12T07:34:28.009154,,,,,,,,,,0,0,0
Math,Math-15,BRaIn,Yes,1.0,1.0,1.0,N/A,2026-02-12T07:34:28.009154,2026-02-12T07:34:28.009154,,,,,,,,,,1,1,1
Math,Math-16,BRaIn,Yes,1.0,1.0,1.0,N/A,2026-02-12T07:34:28.009154,2026-02-12T07:34:28.009154,,,,,,,,,,1,1,1
Math,Math-17,BRaIn,Yes,2.0,0.5,0.5,N/A,2026-02-12T07:34:28.009154,2026-02-12T07:34:28.009154,,,,,,,,,,0,1,1
Math,Math-18,BRaIn,No,,0.0,0.0,N/A,2026-02-12T07:34:28.009154,2026-02-12T07:34:28.009154,,,,,,,,,,0,0,0
Math,Math-19,BRaIn,Yes,7.0,0.14285714285714285,0.14285714285714285,N/A,2026-02-12T07:34:28.009154,2026-02-12T07:34:28.009154,,,,,,,,,,0,0,1
Math,Math-20,BRaIn,Yes,3.0,0.3333333333333333,0.3333333333333333,N/A,2026-02-12T07:34:28.009154,2026-02-12T07:34:28.009154,,,,,,,,,,0,1,1
Math,Math-21,BRaIn,No,,0.0,0.0,N/A,2026-02-12T07:34:28.009154,2026-02-12T07:34:28.009154,,,,,,,,,,0,0,0
Math,Math-22,BRaIn,No,,0.0,0.0,N/A,2026-02-12T07:34:28.009154,2026-02-12T07:34:28.009154,,,,,,,,,,0,0,0
Math,Math-23,BRaIn,Yes,7.0,0.14285714285714285,0.14285714285714285,N/A,2026-02-12T07:34:28.009154,2026-02-12T07:34:28.009154,,,,,,,,,,0,0,1
Math,Math-24,BRaIn,Yes,1.0,1.0,1.0,N/A,2026-02-12T07:34:28.009154,2026-02-12T07:34:28.009154,,,,,,,,,,1,1,1
Math,Math-25,BRaIn,Yes,4.0,0.25,0.25,N/A,2026-02-12T07:34:28.009154,2026-02-12T07:34:28.009154,,,,,,,,,,0,1,1
Math,Math-26,BRaIn,Yes,1.0,1.0,1.0,N/A,2026-02-12T07:34:28.009154,2026-02-12T07:34:28.009154,,,,,,,,,,1,1,1
Math,Math-27,BRaIn,Yes,1.0,1.0,1.0,N/A,2026-02-12T07:34:28.009154,2026-02-12T07:34:28.009154,,,,,,,,,,1,1,1
Math,Math-28,BRaIn,No,,0.0,0.0,N/A,2026-02-12T07:34:28.009154,2026-02-12T07:34:28.009154,,,,,,,,,,0,0,0
Math,Math-29,BRaIn,Yes,1.0,1.0,1.0,N/A,2026-02-12T07:34:28.009154,2026-02-12T07:34:28.009154,,,,,,,,,,1,1,1
Math,Math-30,BRaIn,Yes,1.0,1.0,1.0,N/A,2026-02-12T07:34:28.009154,2026-02-12T07:34:28.009154,,,,,,,,,,1,1,1
Math,Math-31,BRaIn,No,,0.0,0.0,N/A,2026-02-12T07:34:28.009154,2026-02-12T07:34:28.009154,,,,,,,,,,0,0,0
Math,Math-32,BRaIn,Yes,4.0,0.25,0.25,N/A,2026-02-12T07:34:28.009154,2026-02-12T07:34:28.009154,,,,,,,,,,0,1,1
Math,Math-33,BRaIn,No,,0.0,0.0,N/A,2026-02-12T07:34:28.009154,2026-02-12T07:34:28.009154,,,,,,,,,,0,0,0
Math,Math-34,BRaIn,Yes,1.0,1.0,1.0,N/A,2026-02-12T07:34:28.009154,2026-02-12T07:34:28.009154,,,,,,,,,,1,1,1
Math,Math-35,BRaIn,Yes,4.0,0.25,0.25,N/A,2026-02-12T07:34:28.009154,2026-02-12T07:34:28.009154,,,,,,,,,,0,1,1
Math,Math-36,BRaIn,Yes,1.0,1.0,1.0,N/A,2026-02-12T07:34:28.009154,2026-02-12T07:34:28.009154,,,,,,,,,,1,1,1
Math,Math-37,BRaIn,Yes,1.0,1.0,1.0,N/A,2026-02-12T07:34:28.009154,2026-02-12T07:34:28.009154,,,,,,,,,,1,1,1
Math,Math-38,BRaIn,Yes,1.0,1.0,1.0,N/A,2026-02-12T07:34:28.009154,2026-02-12T07:34:28.009154,,,,,,,,,,1,1,1
Math,Math-39,BRaIn,Yes,10.0,0.1,0.1,N/A,2026-02-12T07:34:28.009154,2026-02-12T07:34:28.009154,,,,,,,,,,0,0,1
Math,Math-40,BRaIn,Yes,1.0,1.0,1.0,N/A,2026-02-12T07:34:28.009154,2026-02-12T07:34:28.009154,,,,,,,,,,1,1,1
Math,Math-41,BRaIn,Yes,1.0,1.0,1.0,N/A,2026-02-12T07:34:28.009154,2026-02-12T07:34:28.009154,,,,,,,,,,1,1,1
Math,Math-42,BRaIn,Yes,4.0,0.25,0.25,N/A,2026-02-12T07:34:28.009154,2026-02-12T07:34:28.009154,,,,,,,,,,0,1,1
Math,Math-43,BRaIn,Yes,1.0,1.0,1.0,N/A,2026-02-12T07:34:28.009154,2026-02-12T07:34:28.009154,,,,,,,,,,1,1,1
Math,Math-44,BRaIn,Yes,8.0,0.125,0.125,N/A,2026-02-12T07:34:28.009154,2026-02-12T07:34:28.009154,,,,,,,,,,0,0,1
Math,Math-45,BRaIn,Yes,1.0,1.0,1.0,N/A,2026-02-12T07:34:28.009154,2026-02-12T07:34:28.009154,,,,,,,,,,1,1,1
Math,Math-46,BRaIn,No,,0.0,0.0,N/A,2026-02-12T07:34:28.009154,2026-02-12T07:34:28.009154,,,,,,,,,,0,0,0
Math,Math-47,BRaIn,Yes,1.0,1.0,1.0,N/A,2026-02-12T07:34:28.009154,2026-02-12T07:34:28.009154,,,,,,,,,,1,1,1
Math,Math-48,BRaIn,No,,0.0,0.0,N/A,2026-02-12T07:34:28.009154,2026-02-12T07:34:28.009154,,,,,,,,,,0,0,0
Math,Math-49,BRaIn,Yes,1.0,1.0,1.0,N/A,2026-02-12T07:34:28.009154,2026-02-12T07:34:28.009154,,,,,,,,,,1,1,1
Math,Math-50,BRaIn,Yes,3.0,0.3333333333333333,0.3333333333333333,N/A,2026-02-12T07:34:28.009154,2026-02-12T07:34:28.009154,,,,,,,,,,0,1,1
Math,Math-51,BRaIn,No,,0.0,0.0,N/A,2026-02-12T07:34:28.009154,2026-02-12T07:34:28.009154,,,,,,,,,,0,0,0
Math,Math-52,BRaIn,Yes,1.0,1.0,1.0,N/A,2026-02-12T07:34:28.009154,2026-02-12T07:34:28.009154,,,,,,,,,,1,1,1
Math,Math-53,BRaIn,Yes,1.0,1.0,1.0,N/A,2026-02-12T07:34:28.009154,2026-02-12T07:34:28.009154,,,,,,,,,,1,1,1
Math,Math-54,BRaIn,Yes,1.0,1.0,1.0,N/A,2026-02-12T07:34:28.009154,2026-02-12T07:34:28.009154,,,,,,,,,,1,1,1
Math,Math-55,BRaIn,Yes,2.0,0.5,0.5,N/A,2026-02-12T07:34:28.009154,2026-02-12T07:34:28.009154,,,,,,,,,,0,1,1
Math,Math-56,BRaIn,Yes,1.0,1.0,1.0,N/A,2026-02-12T07:34:28.009154,2026-02-12T07:34:28.009154,,,,,,,,,,1,1,1
Math,Math-57,BRaIn,Yes,2.0,0.5,0.5,N/A,2026-02-12T07:34:28.009154,2026-02-12T07:34:28.009154,,,,,,,,,,0,1,1
Math,Math-58,BRaIn,Yes,3.0,0.3333333333333333,0.3333333333333333,N/A,2026-02-12T07:34:28.009154,2026-02-12T07:34:28.009154,,,,,,,,,,0,1,1
Math,Math-59,BRaIn,No,,0.0,0.0,N/A,2026-02-12T07:34:28.009154,2026-02-12T07:34:28.009154,,,,,,,,,,0,0,0
Math,Math-60,BRaIn,Yes,2.0,0.5,0.5,N/A,2026-02-12T07:34:28.009154,2026-02-12T07:34:28.009154,,,,,,,,,,0,1,1
Math,Math-61,BRaIn,Yes,7.0,0.14285714285714285,0.14285714285714285,N/A,2026-02-12T07:34:28.009154,2026-02-12T07:34:28.009154,,,,,,,,,,0,0,1
Math,Math-62,BRaIn,No,,0.0,0.0,N/A,2026-02-12T07:34:28.009154,2026-02-12T07:34:28.009154,,,,,,,,,,0,0,0
Math,Math-63,BRaIn,Yes,8.0,0.125,0.125,N/A,2026-02-12T07:34:28.009154,2026-02-12T07:34:28.009154,,,,,,,,,,0,0,1
Math,Math-64,BRaIn,Yes,3.0,0.3333333333333333,0.3333333333333333,N/A,2026-02-12T07:34:28.009154,2026-02-12T07:34:28.009154,,,,,,,,,,0,1,1
Math,Math-65,BRaIn,Yes,3.0,0.3333333333333333,0.3333333333333333,N/A,2026-02-12T07:34:28.009154,2026-02-12T07:34:28.009154,,,,,,,,,,0,1,1
Math,Math-66,BRaIn,Yes,4.0,0.25,0.25,N/A,2026-02-12T07:34:28.009154,2026-02-12T07:34:28.009154,,,,,,,,,,0,1,1
Math,Math-67,BRaIn,Yes,1.0,1.0,1.0,N/A,2026-02-12T07:34:28.009154,2026-02-12T07:34:28.009154,,,,,,,,,,1,1,1
Math,Math-68,BRaIn,Yes,9.0,0.1111111111111111,0.1111111111111111,N/A,2026-02-12T07:34:28.009154,2026-02-12T07:34:28.009154,,,,,,,,,,0,0,1
Math,Math-69,BRaIn,No,,0.0,0.0,N/A,2026-02-12T07:34:28.009154,2026-02-12T07:34:28.009154,,,,,,,,,,0,0,0
Math,Math-70,BRaIn,Yes,2.0,0.5,0.5,N/A,2026-02-12T07:34:28.009154,2026-02-12T07:34:28.009154,,,,,,,,,,0,1,1
Math,Math-71,BRaIn,Yes,9.0,0.1111111111111111,0.1111111111111111,N/A,2026-02-12T07:34:28.009154,2026-02-12T07:34:28.009154,,,,,,,,,,0,0,1
Math,Math-72,BRaIn,Yes,6.0,0.16666666666666666,0.16666666666666666,N/A,2026-02-12T07:34:28.009154,2026-02-12T07:34:28.009154,,,,,,,,,,0,0,1
Math,Math-73,BRaIn,Yes,5.0,0.2,0.2,N/A,2026-02-12T07:34:28.009154,2026-02-12T07:34:28.009154,,,,,,,,,,0,1,1
Math,Math-74,BRaIn,Yes,7.0,0.14285714285714285,0.14285714285714285,N/A,2026-02-12T07:34:28.009154,2026-02-12T07:34:28.009154,,,,,,,,,,0,0,1
Math,Math-75,BRaIn,Yes,1.0,1.0,1.0,N/A,2026-02-12T07:34:28.009154,2026-02-12T07:34:28.009154,,,,,,,,,,1,1,1
Math,Math-76,BRaIn,Yes,3.0,0.3333333333333333,0.3333333333333333,N/A,2026-02-12T07:34:28.009154,2026-02-12T07:34:28.009154,,,,,,,,,,0,1,1
Math,Math-77,BRaIn,Yes,1.0,1.0,1.0,N/A,2026-02-12T07:34:28.009154,2026-02-12T07:34:28.009154,,,,,,,,,,1,1,1
Math,Math-78,BRaIn,Yes,1.0,1.0,1.0,N/A,2026-02-12T07:34:28.009154,2026-02-12T07:34:28.009154,,,,,,,,,,1,1,1
Math,Math-79,BRaIn,No,,0.0,0.0,N/A,2026-02-12T07:34:28.009154,2026-02-12T07:34:28.009154,,,,,,,,,,0,0,0
Math,Math-80,BRaIn,Yes,1.0,1.0,1.0,N/A,2026-02-12T07:34:28.009154,2026-02-12T07:34:28.009154,,,,,,,,,,1,1,1
Math,Math-81,BRaIn,Yes,1.0,1.0,1.0,N/A,2026-02-12T07:34:28.009154,2026-02-12T07:34:28.009154,,,,,,,,,,1,1,1
Math,Math-82,BRaIn,No,,0.0,0.0,N/A,2026-02-12T07:34:28.009154,2026-02-12T07:34:28.009154,,,,,,,,,,0,0,0
Math,Math-83,BRaIn,Yes,3.0,0.3333333333333333,0.3333333333333333,N/A,2026-02-12T07:34:28.009154,2026-02-12T07:34:28.009154,,,,,,,,,,0,1,1
Math,Math-84,BRaIn,Yes,1.0,1.0,1.0,N/A,2026-02-12T07:34:28.009154,2026-02-12T07:34:28.009154,,,,,,,,,,1,1,1
Math,Math-85,BRaIn,Yes,7.0,0.14285714285714285,0.14285714285714285,N/A,2026-02-12T07:34:28.009154,2026-02-12T07:34:28.009154,,,,,,,,,,0,0,1
Math,Math-86,BRaIn,Yes,5.0,0.2,0.2,N/A,2026-02-12T07:34:28.009154,2026-02-12T07:34:28.009154,,,,,,,,,,0,1,1
Math,Math-87,BRaIn,Yes,1.0,1.0,1.0,N/A,2026-02-12T07:34:28.009154,2026-02-12T07:34:28.009154,,,,,,,,,,1,1,1
Math,Math-88,BRaIn,No,,0.0,0.0,N/A,2026-02-12T07:34:28.009154,2026-02-12T07:34:28.009154,,,,,,,,,,0,0,0
Math,Math-89,BRaIn,Yes,2.0,0.5,0.5,N/A,2026-02-12T07:34:28.009154,2026-02-12T07:34:28.009154,,,,,,,,,,0,1,1
Math,Math-90,BRaIn,Yes,3.0,0.3333333333333333,0.3333333333333333,N/A,2026-02-12T07:34:28.009154,2026-02-12T07:34:28.009154,,,,,,,,,,0,1,1
Math,Math-91,BRaIn,Yes,2.0,0.5,0.5,N/A,2026-02-12T07:34:28.009154,2026-02-12T07:34:28.009154,,,,,,,,,,0,1,1
Math,Math-92,BRaIn,Yes,2.0,0.5,0.5,N/A,2026-02-12T07:34:28.009154,2026-02-12T07:34:28.009154,,,,,,,,,,0,1,1
Math,Math-93,BRaIn,Yes,1.0,1.0,1.0,N/A,2026-02-12T07:34:28.009154,2026-02-12T07:34:28.009154,,,,,,,,,,1,1,1
Math,Math-94,BRaIn,Yes,2.0,0.5,0.5,N/A,2026-02-12T07:34:28.009154,2026-02-12T07:34:28.009154,,,,,,,,,,0,1,1
Math,Math-95,BRaIn,Yes,1.0,1.0,1.0,N/A,2026-02-12T07:34:28.009154,2026-02-12T07:34:28.009154,,,,,,,,,,1,1,1
Math,Math-96,BRaIn,Yes,1.0,1.0,1.0,N/A,2026-02-12T07:34:28.009154,2026-02-12T07:34:28.009154,,,,,,,,,,1,1,1
Math,Math-97,BRaIn,Yes,1.0,1.0,1.0,N/A,2026-02-12T07:34:28.009154,2026-02-12T07:34:28.009154,,,,,,,,,,1,1,1
Math,Math-98,BRaIn,Yes,2.0,0.5,0.5,N/A,2026-02-12T07:34:28.009154,2026-02-12T07:34:28.009154,,,,,,,,,,0,1,1
Math,Math-99,BRaIn,Yes,2.0,0.5,0.5,N/A,2026-02-12T07:34:28.009154,2026-02-12T07:34:28.009154,,,,,,,,,,0,1,1
Math,Math-100,BRaIn,Yes,1.0,1.0,1.0,N/A,2026-02-12T07:34:28.009154,2026-02-12T07:34:28.009154,,,,,,,,,,1,1,1
Math,Math-101,BRaIn,Yes,1.0,1.0,1.0,N/A,2026-02-12T07:34:28.009154,2026-02-12T07:34:28.009154,,,,,,,,,,1,1,1
Math,Math-102,BRaIn,Yes,2.0,0.5,0.5,N/A,2026-02-12T07:34:28.009154,2026-02-12T07:34:28.009154,,,,,,,,,,0,1,1
Math,Math-103,BRaIn,Yes,2.0,0.5,0.5,N/A,2026-02-12T07:34:28.009154,2026-02-12T07:34:28.009154,,,,,,,,,,0,1,1
Math,Math-104,BRaIn,Yes,1.0,1.0,1.0,N/A,2026-02-12T07:34:28.009154,2026-02-12T07:34:28.009154,,,,,,,,,,1,1,1
Math,Math-105,BRaIn,Yes,2.0,0.5,0.5,N/A,2026-02-12T07:34:28.009154,2026-02-12T07:34:28.009154,,,,,,,,,,0,1,1
Math,Math-106,BRaIn,Yes,1.0,1.0,1.0,N/A,2026-02-12T07:34:28.009154,2026-02-12T07:34:28.009154,,,,,,,,,,1,1,1
Mockito,Mockito-1,BRaIn,No,,0.0,0.0,N/A,2026-02-12T07:34:28.009154,2026-02-12T07:34:28.009154,,,,,,,,,,0,0,0
Mockito,Mockito-2,BRaIn,No,,0.0,0.0,N/A,2026-02-12T07:34:28.009154,2026-02-12T07:34:28.009154,,,,,,,,,,0,0,0
Mockito,Mockito-3,BRaIn,No,,0.0,0.0,N/A,2026-02-12T07:34:28.009154,2026-02-12T07:34:28.009154,,,,,,,,,,0,0,0
Mockito,Mockito-4,BRaIn,Yes,1.0,1.0,1.0,N/A,2026-02-12T07:34:28.009154,2026-02-12T07:34:28.009154,,,,,,,,,,1,1,1
Mockito,Mockito-5,BRaIn,No,,0.0,0.0,N/A,2026-02-12T07:34:28.009154,2026-02-12T07:34:28.009154,,,,,,,,,,0,0,0
Mockito,Mockito-6,BRaIn,Yes,5.0,0.2,0.2,N/A,2026-02-12T07:34:28.009154,2026-02-12T07:34:28.009154,,,,,,,,,,0,1,1
Mockito,Mockito-7,BRaIn,Yes,3.0,0.3333333333333333,0.3333333333333333,N/A,2026-02-12T07:34:28.009154,2026-02-12T07:34:28.009154,,,,,,,,,,0,1,1
Mockito,Mockito-8,BRaIn,Yes,1.0,1.0,1.0,N/A,2026-02-12T07:34:28.009154,2026-02-12T07:34:28.009154,,,,,,,,,,1,1,1
Mockito,Mockito-9,BRaIn,Yes,8.0,0.125,0.125,N/A,2026-02-12T07:34:28.009154,2026-02-12T07:34:28.009154,,,,,,,,,,0,0,1
Mockito,Mockito-10,BRaIn,Yes,4.0,0.25,0.25,N/A,2026-02-12T07:34:28.009154,2026-02-12T07:34:28.009154,,,,,,,,,,0,1,1
Mockito,Mockito-11,BRaIn,Yes,3.0,0.3333333333333333,0.3333333333333333,N/A,2026-02-12T07:34:28.009154,2026-02-12T07:34:28.009154,,,,,,,,,,0,1,1
Mockito,Mockito-12,BRaIn,No,,0.0,0.0,N/A,2026-02-12T07:34:28.009154,2026-02-12T07:34:28.009154,,,,,,,,,,0,0,0
Mockito,Mockito-13,BRaIn,No,,0.0,0.0,N/A,2026-02-12T07:34:28.009154,2026-02-12T07:34:28.009154,,,,,,,,,,0,0,0
Mockito,Mockito-14,BRaIn,No,,0.0,0.0,N/A,2026-02-12T07:34:28.009154,2026-02-12T07:34:28.009154,,,,,,,,,,0,0,0
Mockito,Mockito-15,BRaIn,No,,0.0,0.0,N/A,2026-02-12T07:34:28.009154,2026-02-12T07:34:28.009154,,,,,,,,,,0,0,0
Mockito,Mockito-16,BRaIn,Yes,1.0,1.0,1.0,N/A,2026-02-12T07:34:28.009154,2026-02-12T07:34:28.009154,,,,,,,,,,1,1,1
Mockito,Mockito-17,BRaIn,No,,0.0,0.0,N/A,2026-02-12T07:34:28.009154,2026-02-12T07:34:28.009154,,,,,,,,,,0,0,0
Mockito,Mockito-18,BRaIn,Yes,1.0,1.0,1.0,N/A,2026-02-12T07:34:28.009154,2026-02-12T07:34:28.009154,,,,,,,,,,1,1,1
Mockito,Mockito-19,BRaIn,Yes,7.0,0.14285714285714285,0.14285714285714285,N/A,2026-02-12T07:34:28.009154,2026-02-12T07:34:28.009154,,,,,,,,,,0,0,1
Mockito,Mockito-20,BRaIn,No,,0.0,0.0,N/A,2026-02-12T07:34:28.009154,2026-02-12T07:34:28.009154,,,,,,,,,,0,0,0
Mockito,Mockito-21,BRaIn,No,,0.0,0.0,N/A,2026-02-12T07:34:28.009154,2026-02-12T07:34:28.009154,,,,,,,,,,0,0,0
Mockito,Mockito-22,BRaIn,No,,0.0,0.0,N/A,2026-02-12T07:34:28.009154,2026-02-12T07:34:28.009154,,,,,,,,,,0,0,0
Mockito,Mockito-23,BRaIn,No,,0.0,0.0,N/A,2026-02-12T07:34:28.009154,2026-02-12T07:34:28.009154,,,,,,,,,,0,0,0
Mockito,Mockito-24,BRaIn,No,,0.0,0.0,N/A,2026-02-12T07:34:28.009154,2026-02-12T07:34:28.009154,,,,,,,,,,0,0,0
Mockito,Mockito-25,BRaIn,No,,0.0,0.0,N/A,2026-02-12T07:34:28.009154,2026-02-12T07:34:28.009154,,,,,,,,,,0,0,0
Mockito,Mockito-26,BRaIn,No,,0.0,0.0,N/A,2026-02-12T07:34:28.009154,2026-02-12T07:34:28.009154,,,,,,,,,,0,0,0
Mockito,Mockito-27,BRaIn,No,,0.0,0.0,N/A,2026-02-12T07:34:28.009154,2026-02-12T07:34:28.009154,,,,,,,,,,0,0,0
Mockito,Mockito-28,BRaIn,No,,0.0,0.0,N/A,2026-02-12T07:34:28.009154,2026-02-12T07:34:28.009154,,,,,,,,,,0,0,0
Mockito,Mockito-29,BRaIn,No,,0.0,0.0,N/A,2026-02-12T07:34:28.009154,2026-02-12T07:34:28.009154,,,,,,,,,,0,0,0
Mockito,Mockito-30,BRaIn,Yes,3.0,0.3333333333333333,0.3333333333333333,N/A,2026-02-12T07:34:28.009154,2026-02-12T07:34:28.009154,,,,,,,,,,0,1,1
Mockito,Mockito-31,BRaIn,Yes,9.0,0.1111111111111111,0.1111111111111111,N/A,2026-02-12T07:34:28.009154,2026-02-12T07:34:28.009154,,,,,,,,,,0,0,1
Mockito,Mockito-32,BRaIn,No,,0.0,0.0,N/A,2026-02-12T07:34:28.009154,2026-02-12T07:34:28.009154,,,,,,,,,,0,0,0
Mockito,Mockito-33,BRaIn,No,,0.0,0.0,N/A,2026-02-12T07:34:28.009154,2026-02-12T07:34:28.009154,,,,,,,,,,0,0,0
Mockito,Mockito-34,BRaIn,No,,0.0,0.0,N/A,2026-02-12T07:34:28.009154,2026-02-12T07:34:28.009154,,,,,,,,,,0,0,0
Mockito,Mockito-35,BRaIn,No,,0.0,0.0,N/A,2026-02-12T07:34:28.009154,2026-02-12T07:34:28.009154,,,,,,,,,,0,0,0
Mockito,Mockito-36,BRaIn,No,,0.0,0.0,N/A,2026-02-12T07:34:28.009154,2026-02-12T07:34:28.009154,,,,,,,,,,0,0,0
Mockito,Mockito-37,BRaIn,No,,0.0,0.0,N/A,2026-02-12T07:34:28.009154,2026-02-12T07:34:28.009154,,,,,,,,,,0,0,0
Mockito,Mockito-38,BRaIn,No,,0.0,0.0,N/A,2026-02-12T07:34:28.009154,2026-02-12T07:34:28.009154,,,,,,,,,,0,0,0
Time,Time-1,BRaIn,No,,0.0,0.0,N/A,2026-02-12T07:34:28.009154,2026-02-12T07:34:28.009154,,,,,,,,,,0,0,0
Time,Time-2,BRaIn,No,,0.0,0.0,N/A,2026-02-12T07:34:28.009154,2026-02-12T07:34:28.009154,,,,,,,,,,0,0,0
Time,Time-3,BRaIn,Yes,1.0,1.0,1.0,N/A,2026-02-12T07:34:28.009154,2026-02-12T07:34:28.009154,,,,,,,,,,1,1,1
Time,Time-4,BRaIn,Yes,6.0,0.16666666666666666,0.16666666666666666,N/A,2026-02-12T07:34:28.009154,2026-02-12T07:34:28.009154,,,,,,,,,,0,0,1
Time,Time-5,BRaIn,Yes,2.0,0.5,0.5,N/A,2026-02-12T07:34:28.009154,2026-02-12T07:34:28.009154,,,,,,,,,,0,1,1
Time,Time-6,BRaIn,No,,0.0,0.0,N/A,2026-02-12T07:34:28.009154,2026-02-12T07:34:28.009154,,,,,,,,,,0,0,0
Time,Time-7,BRaIn,No,,0.0,0.0,N/A,2026-02-12T07:34:28.009154,2026-02-12T07:34:28.009154,,,,,,,,,,0,0,0
Time,Time-8,BRaIn,Yes,1.0,1.0,1.0,N/A,2026-02-12T07:34:28.009154,2026-02-12T07:34:28.009154,,,,,,,,,,1,1,1
Time,Time-9,BRaIn,Yes,4.0,0.25,0.25,N/A,2026-02-12T07:34:28.009154,2026-02-12T07:34:28.009154,,,,,,,,,,0,1,1
Time,Time-10,BRaIn,No,,0.0,0.0,N/A,2026-02-12T07:34:28.009154,2026-02-12T07:34:28.009154,,,,,,,,,,0,0,0
Time,Time-11,BRaIn,Yes,2.0,0.5,0.5,N/A,2026-02-12T07:34:28.009154,2026-02-12T07:34:28.009154,,,,,,,,,,0,1,1
Time,Time-12,BRaIn,No,,0.0,0.0,N/A,2026-02-12T07:34:28.009154,2026-02-12T07:34:28.009154,,,,,,,,,,0,0,0
Time,Time-13,BRaIn,No,,0.0,0.0,N/A,2026-02-12T07:34:28.009154,2026-02-12T07:34:28.009154,,,,,,,,,,0,0,0
Time,Time-14,BRaIn,No,,0.0,0.0,N/A,2026-02-12T07:34:28.009154,2026-02-12T07:34:28.009154,,,,,,,,,,0,0,0
Time,Time-15,BRaIn,Yes,4.0,0.25,0.25,N/A,2026-02-12T07:34:28.009154,2026-02-12T07:34:28.009154,,,,,,,,,,0,1,1
Time,Time-16,BRaIn,Yes,1.0,1.0,1.0,N/A,2026-02-12T07:34:28.009154,2026-02-12T07:34:28.009154,,,,,,,,,,1,1,1
Time,Time-17,BRaIn,Yes,3.0,0.3333333333333333,0.3333333333333333,N/A,2026-02-12T07:34:28.009154,2026-02-12T07:34:28.009154,,,,,,,,,,0,1,1
Time,Time-18,BRaIn,Yes,1.0,1.0,1.0,N/A,2026-02-12T07:34:28.009154,2026-02-12T07:34:28.009154,,,,,,,,,,1,1,1
Time,Time-19,BRaIn,Yes,1.0,1.0,1.0,N/A,2026-02-12T07:34:28.009154,2026-02-12T07:34:28.009154,,,,,,,,,,1,1,1
Time,Time-20,BRaIn,No,,0.0,0.0,N/A,2026-02-12T07:34:28.009154,2026-02-12T07:34:28.009154,,,,,,,,,,0,0,0
Time,Time-22,BRaIn,No,,0.0,0.0,N/A,2026-02-12T07:34:28.009154,2026-02-12T07:34:28.009154,,,,,,,,,,0,0,0
Time,Time-23,BRaIn,Yes,5.0,0.2,0.2,N/A,2026-02-12T07:34:28.009154,2026-02-12T07:34:28.009154,,,,,,,,,,0,1,1
Time,Time-24,BRaIn,No,,0.0,0.0,N/A,2026-02-12T07:34:28.009154,2026-02-12T07:34:28.009154,,,,,,,,,,0,0,0
Time,Time-25,BRaIn,Yes,4.0,0.25,0.25,N/A,2026-02-12T07:34:28.009154,2026-02-12T07:34:28.009154,,,,,,,,,,0,1,1
Time,Time-26,BRaIn,No,,0.0,0.0,N/A,2026-02-12T07:34:28.009154,2026-02-12T07:34:28.009154,,,,,,,,,,0,0,0
Time,Time-27,BRaIn,Yes,8.0,0.125,0.125,N/A,2026-02-12T07:34:28.009154,2026-02-12T07:34:28.009154,,,,,,,,,,0,0,1
